"Image ID","Visual Predictionfilepath","BC Input (Turbo)filepath","BH Input (Viridis)filepath","IoU","F1","Accuracy","TP","TN","FP","FN","Model Name"
"qc_56_60","media/images/e9094c144562e89c03c2.png","media/images/3d17ae57389fe4caa962.png","media/images/e2c073bd98ee66bd2783.png","0.08257323488208786","0.15254991458054615","0.7099304199207918","1711","44815","0","19010","ConvNeXt Satellite"
"qc_58_114","media/images/4c280243ee9df35d69cd.png","media/images/57c7eec3f57a724625ab.png","media/images/8bfa753853cabd8cec13.png","0","0","0.9999999999984741","0","65536","0","0","ConvNeXt Satellite"
"qc_49_119","media/images/77e31cce9a528e24d8dd.png","media/images/b47cb3ba954a0c7484d2.png","media/images/24d930526a995f935fd7.png","0","0","0.9999999999984741","0","65536","0","0","ConvNeXt Satellite"
"qc_25_82","media/images/fa99fef86a8ffea32358.png","media/images/972bc531876bc341f1d3.png","media/images/c95d2d85881eb31517bb.png","0","0","0.9999999999984741","0","65536","0","0","ConvNeXt Satellite"
"qc_20_87","media/images/d3da1bae64886088b275.png","media/images/c09544a4324428e045ef.png","media/images/3d150ccfb67766faca7e.png","0","0","0.9999999999984741","0","65536","0","0","ConvNeXt Satellite"
"qc_86_53","media/images/0c499088cc789b7f5951.png","media/images/ce8efc04a6859a7bd0af.png","media/images/09be214432f027661111.png","0.5026205268803491","0.6689919122514288","0.7813415527331827","14481","36725","4620","9710","ConvNeXt Satellite"
"qc_27_101","media/images/82e1bd5749ef37da9130.png","media/images/6fdcb850c5d2725f1ec4.png","media/images/3e70e3c68eae1b5a394c.png","0","0","0.9999999999984741","0","65536","0","0","ConvNeXt Satellite"
"qc_21_55","media/images/53b6a6f20fceb2f8ebd5.png","media/images/88f88764243a278c1029.png","media/images/1ce14b85d8b506be761a.png","0","0","0.9995117187484749","0","65504","32","0","ConvNeXt Satellite"
"qc_56_51","media/images/94b4c369ba30158d3bb9.png","media/images/a3bad978c257235e5ea2.png","media/images/d16eda93498ac05f5cb7.png","0","0","0.9999999999984741","0","65536","0","0","ConvNeXt Satellite"
"qc_24_83","media/images/381fec60f59927079d3d.png","media/images/3cc8c27afa52b6986994.png","media/images/ee2d5416ca493273dfa5.png","0","0","0.9999999999984741","0","65536","0","0","ConvNeXt Satellite"
"qc_97_69","media/images/50688e7acf5d598be060.png","media/images/4dd4d3488ab6ccd05529.png","media/images/71067a03e552ea07093c.png","0","0","0.9999999999984741","0","65536","0","0","ConvNeXt Satellite"
"qc_40_110","media/images/005bc8a2d1ec13ff70e0.png","media/images/8ae8cbc3faa910f5d153.png","media/images/34ac452716f082eacc94.png","0","0","0.9953308105453562","0","65230","306","0","ConvNeXt Satellite"
"qc_74_57","media/images/b2dab4e0fca7723faf70.png","media/images/b1a5347296d1b4935556.png","media/images/3e550634a2b5d3d6cd06.png","0","0","0.9999999999984741","0","65536","0","0","ConvNeXt Satellite"
"qc_39_108","media/images/8de1028429f34c2c5277.png","media/images/68dda7be6168dd32b00f.png","media/images/ab9b0e7616615ceda428.png","0.8464088139846259","0.9168162126566686","0.8995971679673773","36261","22695","5161","1419","ConvNeXt Satellite"
"qc_49_138","media/images/6a38aa8bc87258606ebe.png","media/images/03f04a4b314f25f3822b.png","media/images/66752f3be772f1413f78.png","0","0","0.9999999999984741","0","65536","0","0","ConvNeXt Satellite"
"qc_27_133","media/images/b692bd40420cf31dc7ca.png","media/images/eaf40aaf827f70f93515.png","media/images/d4ecea08ad7a46fec2d4.png","0","0","0.9999999999984741","0","65536","0","0","ConvNeXt Satellite"
"qc_89_36","media/images/85abc3000983530f26e9.png","media/images/9ab708a4effdbf875b50.png","media/images/0b8ebda459e297fb5ba8.png","0","0","0.9999999999984741","0","65536","0","0","ConvNeXt Satellite"
"qc_80_34","media/images/bf622bcdb953429393ec.png","media/images/9ab708a4effdbf875b50.png","media/images/0b8ebda459e297fb5ba8.png","0","0","0.9999999999984741","0","65536","0","0","ConvNeXt Satellite"
"qc_48_134","media/images/b94504002eea637cd9fe.png","media/images/afdc72916059ffa59210.png","media/images/83288b303c29ac65a6ce.png","0","0","0.9999999999984741","0","65536","0","0","ConvNeXt Satellite"
"qc_66_111","media/images/0e6e077a68e2df9d0441.png","media/images/b509c43a10e9211561f8.png","media/images/da8db197512b87da3a0f.png","0","0","0.9999999999984741","0","65536","0","0","ConvNeXt Satellite"
"qc_28_127","media/images/7c6292dbdd05f6589187.png","media/images/5bbb13a2e299f67f1672.png","media/images/7d72c31d026ccb8462e6.png","0","0","0.9999999999984741","0","65536","0","0","ConvNeXt Satellite"
"qc_23_99","media/images/46b74d1a72d1391035c0.png","media/images/d8f587cc021b650044a6.png","media/images/bb4a47c41d0751e7f355.png","0.0058453237407443655","0.011622707828692541","0.9662628173813381","13","63312","0","2211","ConvNeXt Satellite"
"qc_48_37","media/images/892edb2c70a9c1e075cf.png","media/images/fc3734ff6d24c7884cac.png","media/images/94177c4b7d43336f61ef.png","0","0","0.9999999999984741","0","65536","0","0","ConvNeXt Satellite"
"qc_58_129","media/images/c20d8babf68d4c3cc8ef.png","media/images/af527588cc7bc9464274.png","media/images/e3e46eebaaf79741d6f4.png","0","0","0.9949493408187943","0","65205","331","0","ConvNeXt Satellite"
"qc_52_97","media/images/ed5a2bede3c0fc175464.png","media/images/d5cd1b8f643b03be605a.png","media/images/43c1cd3d8477582268e0.png","0","0","0.9999999999984741","0","65536","0","0","ConvNeXt Satellite"
"qc_51_57","media/images/d772f452ea932d8bf7b3.png","media/images/38f91820d8bd7313904c.png","media/images/8ffed45d8e95b138b3fc.png","0","0","0.806121826170645","0","52830","0","12706","ConvNeXt Satellite"
"qc_59_140","media/images/5b40512cf9ca5b9adab0.png","media/images/81b01b7dc8513507f2c6.png","media/images/2dc5e8d927b14fb37faa.png","0","0","0.9973907470687906","0","65365","0","171","ConvNeXt Satellite"
"qc_107_28","media/images/f2749302b61d03fb414c.png","media/images/e6b1f0abaeec9f67c8c5.png","media/images/cdafbfd479fe4d78c9a7.png","0","0","0.9999999999984741","0","65536","0","0","ConvNeXt Satellite"
"qc_42_107","media/images/51adef9efa5f708fd60f.png","media/images/842c163a775a9f2382b7.png","media/images/f09b5103fefe87f4859b.png","0","0","0.9999999999984741","0","65536","0","0","ConvNeXt Satellite"
"qc_31_64","media/images/5fccbcde21a853bc1537.png","media/images/9f1aeef06dcb5b99d365.png","media/images/5fce123473f8ae4aef04.png","0","0","0.9999999999984741","0","65536","0","0","ConvNeXt Satellite"
"qc_120_1","media/images/5c45266cf3f771cafb77.png","media/images/9ab708a4effdbf875b50.png","media/images/0b8ebda459e297fb5ba8.png","0","0","0.9999999999984741","0","65536","0","0","ConvNeXt Satellite"
"qc_80_74","media/images/aa2aeb36e4830c9e7bd8.png","media/images/2dd6d6665a9d8831bfc9.png","media/images/eab51ef23dcf1c2ac652.png","0","0","0.521316528319517","0","34165","31371","0","ConvNeXt Satellite"
"qc_63_29","media/images/2366f9d76ccab561c462.png","media/images/9d68ea52d9ffe04dfdf2.png","media/images/c38147d0e9e09e68acb6.png","0.5252232492537787","0.6887165032977266","0.8150329589831313","13410","40004","4155","7967","ConvNeXt Satellite"
"qc_102_55","media/images/d2b87f6997cd12a0a580.png","media/images/58743d1db0ed2735d7c1.png","media/images/50ca3cdb1fcfedf0a80f.png","0","0","0.9884643554672418","0","64780","0","756","ConvNeXt Satellite"
"qc_67_69","media/images/e64cf8b1482cca8dd4ea.png","media/images/cb83aae607d7ac549472.png","media/images/5eadce95434837dc37d5.png","0","0","0.9999999999984741","0","65536","0","0","ConvNeXt Satellite"
"qc_31_129","media/images/565e9ccf36081e6adeba.png","media/images/13465e31d489105f82f0.png","media/images/1c6fea2c05f72109f071.png","0","0","0.9999999999984741","0","65536","0","0","ConvNeXt Satellite"
"qc_60_37","media/images/ff4c3f591af4c0137d5f.png","media/images/d5814e7b86ddd011dc38.png","media/images/cd7fcb942b77bd9326c8.png","0","0","0.9999999999984741","0","65536","0","0","ConvNeXt Satellite"
"qc_28_75","media/images/ba4928e44c3cefdae0fa.png","media/images/c476f062957227535993.png","media/images/e3c453e90f0f3013b801.png","0","0","0.9999999999984741","0","65536","0","0","ConvNeXt Satellite"
"qc_71_99","media/images/3fff3949396fd78796ef.png","media/images/a36210528b384a45ef5c.png","media/images/a1e6f6e19784b61cfa7f.png","0.6603376335005154","0.7954256757305286","0.8646087646471182","17250","39413","3735","5138","ConvNeXt Satellite"
"qc_30_65","media/images/33b3280c919e42d42242.png","media/images/2357052705fdf45f8a42.png","media/images/74942d53d67cecf281b6.png","0","0","0.9999999999984741","0","65536","0","0","ConvNeXt Satellite"
"qc_77_53","media/images/4a9cd7ae2bb639bbd668.png","media/images/9ab708a4effdbf875b50.png","media/images/0b8ebda459e297fb5ba8.png","0","0","0.9999999999984741","0","65536","0","0","ConvNeXt Satellite"
"qc_58_110","media/images/c20271b33bdd527a60b6.png","media/images/33ea8432f1d882218c79.png","media/images/9b786e38c4876084dfc8.png","0","0","0.9999999999984741","0","65536","0","0","ConvNeXt Satellite"
"qc_78_64","media/images/a4b4df0c7dd737bb3dd4.png","media/images/29f57de2e1f7e04a611d.png","media/images/6d54e4182d9e1b9717f5.png","0","0","0.44921874999931455","0","29440","36096","0","ConvNeXt Satellite"
"qc_37_36","media/images/722afe37e1930139721c.png","media/images/4d440c622597dea59b7c.png","media/images/04d9b39aba7fa7de2c5b.png","0","0","0.9999999999984741","0","65536","0","0","ConvNeXt Satellite"
"qc_53_135","media/images/7cbf10124b202839b994.png","media/images/0b70b8b3e3bd206f69d8.png","media/images/704e1e3c300440b83d49.png","0","0","0.9999999999984741","0","65536","0","0","ConvNeXt Satellite"
"qc_113_56","media/images/59087ab04b65f8ea4730.png","media/images/9ab708a4effdbf875b50.png","media/images/0b8ebda459e297fb5ba8.png","0","0","0.9999999999984741","0","65536","0","0","ConvNeXt Satellite"
"qc_45_60","media/images/21f818c0fa24cd1f77dd.png","media/images/6fb0d71303a2bbd97e4e.png","media/images/ca29938ae226f250f818.png","0","0","0.9782714843735073","0","64112","1424","0","ConvNeXt Satellite"
"qc_48_93","media/images/6f91af774b8f1027f2f9.png","media/images/d8ed75972752e3fbdbec.png","media/images/4cde5bdacee9eee9730c.png","0","0","0.9999999999984741","0","65536","0","0","ConvNeXt Satellite"
"qc_115_13","media/images/7fd4ccd6342bca61317e.png","media/images/9ab708a4effdbf875b50.png","media/images/0b8ebda459e297fb5ba8.png","0","0","0.9999999999984741","0","65536","0","0","ConvNeXt Satellite"
"qc_62_114","media/images/f065b2b388c119a91509.png","media/images/2cec553086f8076e0f0e.png","media/images/4fda7b560a0a48090869.png","0.5124835057981241","0.6776714818902013","0.5715484619131904","29517","7940","22327","5752","ConvNeXt Satellite"
"qc_61_78","media/images/0d4641c306df564c0e46.png","media/images/69ac8332f2d6aa779e49.png","media/images/c66204648d5e08d9a90c.png","0","0","0.9999999999984741","0","65536","0","0","ConvNeXt Satellite"
"qc_24_48","media/images/241ca98d670beb9477f6.png","media/images/ff52da51a0c66b2ced66.png","media/images/534866dd6ce69a8450fe.png","0","0","0.9776458740219457","0","64071","587","878","ConvNeXt Satellite"
"qc_79_32","media/images/6cc0791f3d90020c982b.png","media/images/9ab708a4effdbf875b50.png","media/images/0b8ebda459e297fb5ba8.png","0","0","0.9999999999984741","0","65536","0","0","ConvNeXt Satellite"
"qc_54_123","media/images/b47fe0eb9a4e940c3159.png","media/images/5fa6fbf05d17ddcb71dc.png","media/images/0f37229a09cf392d2cb0.png","0","0","0.9999999999984741","0","65536","0","0","ConvNeXt Satellite"
"qc_30_67","media/images/befa89dcaefb78cb534a.png","media/images/2b0e41e4f767a253740b.png","media/images/2b3ade90fc0d791f0700.png","0","0","0.9999999999984741","0","65536","0","0","ConvNeXt Satellite"
"qc_59_63","media/images/30c8f4721c09c76328eb.png","media/images/2affd4d5f5537d6ed800.png","media/images/98b51853192685109e38.png","0","0","0.9999999999984741","0","65536","0","0","ConvNeXt Satellite"
"qc_61_107","media/images/35999d93f7f8c565d11b.png","media/images/24218d42f16cf8958d56.png","media/images/bffbe4c61a2b842db699.png","0.03472584856306199","0.06712086153905775","0.9435882568344977","133","61706","0","3697","ConvNeXt Satellite"
"qc_69_70","media/images/0063ea8d2e97e7b16b48.png","media/images/cf1883ab682eb0481039.png","media/images/3ee304ba39c8c14288b8.png","0.7222342929554187","0.8387177671356494","0.7659149169910188","39889","10306","12463","2878","ConvNeXt Satellite"
"qc_41_125","media/images/29fd483d2d7a62194566.png","media/images/1f3eaa04994d57221b9d.png","media/images/b68c7149f628499694d0.png","0.4501303780891439","0.6208136190293958","0.9485168457016777","2762","59400","588","2786","ConvNeXt Satellite"
"qc_69_137","media/images/f41140b3e893b00ae609.png","media/images/6c1a2f3f508ab15e7f3e.png","media/images/cbe412ce612eea01766a.png","0","0","0.9999999999984741","0","65536","0","0","ConvNeXt Satellite"
"qc_66_49","media/images/b77b86c6dcf74fd27b0d.png","media/images/35693f7ddf5f22196b3d.png","media/images/c85fa34543b1d95eed2f.png","0","0","0.9999999999984741","0","65536","0","0","ConvNeXt Satellite"
"qc_30_58","media/images/7ad3f7fc19a017847a5c.png","media/images/a23e54270e03bf2e43b3.png","media/images/9617d96ee04ac3a3e879.png","0","0","0.9999999999984741","0","65536","0","0","ConvNeXt Satellite"
"qc_63_105","media/images/4a4f1bd7a1e26dcc1b3b.png","media/images/ccca53d2c6ea40fc0197.png","media/images/15a79cad9f02931a198b.png","0","0","0.9999999999984741","0","65536","0","0","ConvNeXt Satellite"
"qc_78_44","media/images/49618c0d7206708fd86e.png","media/images/9ab708a4effdbf875b50.png","media/images/0b8ebda459e297fb5ba8.png","0","0","0.9999999999984741","0","65536","0","0","ConvNeXt Satellite"
"qc_68_83","media/images/b23fe62c9f7effb4bb9c.png","media/images/8cfe20a0179bce8ab85e.png","media/images/489f8634717217dfe9ea.png","0.005812147832619849","0.01155712277706675","0.6580810546864958","131","42997","3","22405","ConvNeXt Satellite"
"qc_70_45","media/images/a94ad8bc1d6dcfa24153.png","media/images/60e43b7bb412058ad77e.png","media/images/0b8ebda459e297fb5ba8.png","0","0","0.9999999999984741","0","65536","0","0","ConvNeXt Satellite"
"qc_93_73","media/images/dc395f6959dcb7e54dfa.png","media/images/9fe82d4e8a83b6edaae7.png","media/images/926d495dd38bf27e865b.png","0.06541874221643283","0.12280380122921167","0.6335601806630957","1681","39840","23911","104","ConvNeXt Satellite"
"qc_12_109","media/images/da71deaffe1fe49cf6cb.png","media/images/93203c4932479849f5d0.png","media/images/e135911be9f8b97dac77.png","0","0","0.9999999999984741","0","65536","0","0","ConvNeXt Satellite"
"qc_86_87","media/images/53cf51f67de0990d26df.png","media/images/05533048ee14805f10ff.png","media/images/829054c7e66997e9ac2b.png","0","0","0.9999999999984741","0","65536","0","0","ConvNeXt Satellite"
"qc_52_40","media/images/65948b5b444460d26e66.png","media/images/e4f45b4e443cc2df327e.png","media/images/ece20b60efdc00450fee.png","0","0","0.9999999999984741","0","65536","0","0","ConvNeXt Satellite"
"qc_112_7","media/images/5390bf52fb7a12e2f901.png","media/images/9ab708a4effdbf875b50.png","media/images/0b8ebda459e297fb5ba8.png","0","0","0.9999999999984741","0","65536","0","0","ConvNeXt Satellite"
"qc_27_128","media/images/82d3b193004416c09dbf.png","media/images/79995d88a886fa9cf605.png","media/images/7de3115f119e786947f7.png","0.07718988030415404","0.14331710756815563","0.7929534912097276","1135","50832","757","12812","ConvNeXt Satellite"
"qc_49_31","media/images/446cb3955039037dd7d1.png","media/images/152d860e76aa50ff3a28.png","media/images/3981745e3b610af5ce02.png","0","0","0.9999999999984741","0","65536","0","0","ConvNeXt Satellite"
"qc_35_139","media/images/166378dbe70ce550762b.png","media/images/757d25fc075413a8f74b.png","media/images/2095bf1b9f6c05902010.png","0","0","0.9999999999984741","0","65536","0","0","ConvNeXt Satellite"
"qc_17_126","media/images/aa0d5c3ca8235460a407.png","media/images/78c396a40e3ff4ec6818.png","media/images/c628bd43842821106870.png","0","0","0.9190521240220352","0","60231","0","5305","ConvNeXt Satellite"
"qc_29_117","media/images/9c8dc515a9f248031f89.png","media/images/6affe8416ad9440c5923.png","media/images/97eebde3b44d92d11985.png","0","0","0.9999999999984741","0","65536","0","0","ConvNeXt Satellite"
"qc_16_133","media/images/26d567f97d15562b026d.png","media/images/2f95951b2f6524ad4c26.png","media/images/ca3b074afd23bec99905.png","0","0","0.9999999999984741","0","65536","0","0","ConvNeXt Satellite"
"qc_48_82","media/images/da9994fb6c7f652a9423.png","media/images/0d67da631cbc18532c5c.png","media/images/482c42bd0cc30c3a7502.png","0.13555992141338036","0.23875429901496262","0.8455810546862097","1587","53829","478","9642","ConvNeXt Satellite"
"qc_103_37","media/images/c864a0994a7cfff69349.png","media/images/9ab708a4effdbf875b50.png","media/images/0b8ebda459e297fb5ba8.png","0","0","0.9999999999984741","0","65536","0","0","ConvNeXt Satellite"
"qc_75_104","media/images/1b976d29056b60bacf7f.png","media/images/60bbc9b698360cc19728.png","media/images/c94c0285c16dcfea579c.png","0","0","0.9935455322250465","0","65113","423","0","ConvNeXt Satellite"
"qc_76_115","media/images/d8def83cddfe8420cebf.png","media/images/3c934edf8afe41d680c1.png","media/images/9d5694bc36e777ceb533.png","0","0","0.9999999999984741","0","65536","0","0","ConvNeXt Satellite"
"qc_71_127","media/images/6ec1052072aa563a021c.png","media/images/d590799edd5a0bd03501.png","media/images/c96069e0ccdd4c695f52.png","0.19375809935163335","0.32461866977168197","0.43040466308528075","8971","19236","37329","0","ConvNeXt Satellite"
"qc_94_21","media/images/949913c4c7c8247c3f02.png","media/images/9ab708a4effdbf875b50.png","media/images/0b8ebda459e297fb5ba8.png","0","0","0.9999999999984741","0","65536","0","0","ConvNeXt Satellite"
"qc_38_105","media/images/04912961257b01997829.png","media/images/e57d8a82923cc88fc0a0.png","media/images/ef2e56b8e67597f96538.png","0","0","0.9999999999984741","0","65536","0","0","ConvNeXt Satellite"
"qc_110_4","media/images/40160f1429e03c1cc1fe.png","media/images/9ab708a4effdbf875b50.png","media/images/0b8ebda459e297fb5ba8.png","0","0","0.9999999999984741","0","65536","0","0","ConvNeXt Satellite"
"qc_15_119","media/images/0e831fce1317618c421f.png","media/images/d5cf11a71f52a80149b2.png","media/images/7db92471873b53ea3475.png","0","0","0.9999999999984741","0","65536","0","0","ConvNeXt Satellite"
"qc_105_13","media/images/735513f2fbeb7508c8f8.png","media/images/9ab708a4effdbf875b50.png","media/images/0b8ebda459e297fb5ba8.png","0","0","0.9999999999984741","0","65536","0","0","ConvNeXt Satellite"
"qc_25_138","media/images/ceab5b5aa5eeb171c065.png","media/images/a329585080da1f3677bd.png","media/images/9c9cd90d0f62f2b5080e.png","0","0","0.9413757324204386","0","61694","3842","0","ConvNeXt Satellite"
"qc_50_118","media/images/8ddc85b8d108dca78d68.png","media/images/e78cf3d96563d286660d.png","media/images/9f9a5038aa6ef747e516.png","0","0","0.9999999999984741","0","65536","0","0","ConvNeXt Satellite"
"qc_73_91","media/images/d9009f9d5a59ca5a4094.png","media/images/23010a042a596e8d6f89.png","media/images/7f31c6dde9932dc122cd.png","0","0","0.9580841064438506","0","62789","2747","0","ConvNeXt Satellite"
"qc_28_131","media/images/004f8a483ae44676d261.png","media/images/374991cb1c21dcbf703c.png","media/images/eaa6e46917cbd61e6271.png","0","0","0.9999999999984741","0","65536","0","0","ConvNeXt Satellite"
"qc_54_124","media/images/79f4faa2ab6264b23cde.png","media/images/93f1524fc6e82d9dcf67.png","media/images/2946fe658f77f73bb01d.png","0","0","0.9999999999984741","0","65536","0","0","ConvNeXt Satellite"
"qc_35_114","media/images/7a4c01d4da16eecad735.png","media/images/45709fc1cdaecbbc89a7.png","media/images/d50cafa360f549fb413b.png","0","0","0.9999999999984741","0","65536","0","0","ConvNeXt Satellite"
"qc_39_86","media/images/ebfc5c4584d357669ec9.png","media/images/5e3d20eb72683311d8cd.png","media/images/bdb738ba30708cf13278.png","0","0","0.9999999999984741","0","65536","0","0","ConvNeXt Satellite"
"qc_61_153","media/images/e8ad59dd471e414a00d9.png","media/images/9c87f03eba3564fc5b0e.png","media/images/fdcadfe696402eadda53.png","0","0","0.9999999999984741","0","65536","0","0","ConvNeXt Satellite"
"qc_47_117","media/images/f92aa047108d33f9a392.png","media/images/bbe7328999c2748a3726.png","media/images/64550ecc5b6a17ed838e.png","0","0","0.9999999999984741","0","65536","0","0","ConvNeXt Satellite"
"qc_37_73","media/images/cb3f21b9fe84be203eef.png","media/images/792d92a5c2da79c46482.png","media/images/05b6b7160a88b4eddc37.png","0","0","0.9999999999984741","0","65536","0","0","ConvNeXt Satellite"
"qc_43_43","media/images/50bb59dafc05bd6e7abc.png","media/images/4e0163966230eeb55ee5.png","media/images/eda476b086f17638d479.png","0","0","0.9999999999984741","0","65536","0","0","ConvNeXt Satellite"
"qc_70_92","media/images/3372e648057558f3a924.png","media/images/b62fb1d99869740506a0.png","media/images/82a14b824071012e1a3e.png","0","0","0.9999999999984741","0","65536","0","0","ConvNeXt Satellite"
"qc_5_125","media/images/cc311188ee1dc6d53a72.png","media/images/0be2f4d65d0f3d668bdf.png","media/images/be1a7a7fc6336f86b9f5.png","0","0","0.9999999999984741","0","65536","0","0","ConvNeXt Satellite"
"qc_43_47","media/images/27a4d05ad0bb7c06105d.png","media/images/b946ab9e1704363b9284.png","media/images/458f89a2df13c463c0aa.png","0","0","0.9903259277328639","0","64902","634","0","ConvNeXt Satellite"
"qc_48_34","media/images/9b404327aeccd77d4105.png","media/images/15a59403a6669312901e.png","media/images/485454aee71fa10c121b.png","0","0","0.9999999999984741","0","65536","0","0","ConvNeXt Satellite"
"qc_65_112","media/images/9d08106c9091a591c138.png","media/images/7e05ffa4b1890d9bd9d1.png","media/images/61935e846118bd970bc0.png","0.2617251557801992","0.41486869597701087","0.965652465818839","798","62487","0","2251","ConvNeXt Satellite"
"qc_70_79","media/images/1b3c2d7634389f3bbb55.png","media/images/c56149dd2be0a954230b.png","media/images/4df15f7828e2352f9b8a.png","0.16274882217961384","0.27993803146115187","0.4820709228508269","6598","24995","33943","0","ConvNeXt Satellite"
"qc_26_100","media/images/888d558090b1fcf1f517.png","media/images/69a61ea19377ff42d255.png","media/images/e10f853d6994a963d330.png","0","0","0.9999999999984741","0","65536","0","0","ConvNeXt Satellite"
"qc_33_116","media/images/5ec85a3e372e9d186230.png","media/images/64746c1ac958f1bc23c6.png","media/images/a2479ab8a479829ac36c.png","0","0","0.9999999999984741","0","65536","0","0","ConvNeXt Satellite"
"qc_47_55","media/images/c9f111f5381f9e86d2de.png","media/images/e9384c6303cc773b5553.png","media/images/e2f4cf6c1fd79e8ad87f.png","0.30914085599784186","0.4722804647613792","0.49729919433517866","14742","17849","25414","7531","ConvNeXt Satellite"
"qc_65_115","media/images/7eed63ffa7e551d03b55.png","media/images/effeb7ffc80efc5ad7dc.png","media/images/a371472782cb9056b381.png","0.6973585558547282","0.8216985285633336","0.839859008787781","24183","30858","8363","2132","ConvNeXt Satellite"
"qc_65_137","media/images/f54cda229d60bca04830.png","media/images/fc5ac5fbb54debfefb94.png","media/images/903f77d73a495a5cdda9.png","0","0","0.9999999999984741","0","65536","0","0","ConvNeXt Satellite"
"qc_6_131","media/images/7d021ce2a1a841e4e911.png","media/images/d5f7cc910df928fc6d0d.png","media/images/70103e7620512c54a804.png","0","0","0.9988861083969133","0","65463","73","0","ConvNeXt Satellite"
"qc_58_78","media/images/25105e98d13ac9885ef0.png","media/images/99c2db199ed2d5a27a1f.png","media/images/cd292bae10d9b5f05ce9.png","0","0","0.9999999999984741","0","65536","0","0","ConvNeXt Satellite"
"qc_44_132","media/images/09efba5c6d6344cdec8e.png","media/images/16a002abe362c3cc2c8c.png","media/images/7f53bed72c7a5b26d8f7.png","0","0","0.9999999999984741","0","65536","0","0","ConvNeXt Satellite"
"qc_54_111","media/images/fb46ce816fad177415c3.png","media/images/e4caf24b9cb3ec37a1b1.png","media/images/7b996c68ad4997db332d.png","0","0","0.9999999999984741","0","65536","0","0","ConvNeXt Satellite"
"qc_107_42","media/images/5684bab543f5b681cb53.png","media/images/f321add4680bd80e884d.png","media/images/cc6ba5257ac334fbdc83.png","0","0","0.9999999999984741","0","65536","0","0","ConvNeXt Satellite"
"qc_22_141","media/images/9641bd8ded26f9a0f222.png","media/images/8aee1098eb181cd8257a.png","media/images/2c8a43232c3fa0fefe1b.png","0","0","0.9999999999984741","0","65536","0","0","ConvNeXt Satellite"
"qc_62_98","media/images/ca365b44e22ec321fbbb.png","media/images/e82c2018a21b5487c72b.png","media/images/723554bc728b22c02388.png","0","0","0.9999999999984741","0","65536","0","0","ConvNeXt Satellite"
"qc_50_37","media/images/7b71a070d4c4820c6f89.png","media/images/4ef47dc9ce16903f7987.png","media/images/6135957d3e98953506c1.png","0","0","0.9777679443344456","0","64079","1457","0","ConvNeXt Satellite"
"qc_63_83","media/images/8460dab2f74dbd705ec9.png","media/images/58d09dd7aed4c966be1b.png","media/images/2ddeafe694ff4ded1554.png","0","0","0.9999999999984741","0","65536","0","0","ConvNeXt Satellite"
"qc_35_140","media/images/b73ef5892cd2301a6e00.png","media/images/33761f3c7b4d67d9efa9.png","media/images/daefddc5dcdfb9ab5e1f.png","0","0","0.9999999999984741","0","65536","0","0","ConvNeXt Satellite"
"qc_95_43","media/images/515882c8be14b51566d8.png","media/images/9ab708a4effdbf875b50.png","media/images/0b8ebda459e297fb5ba8.png","0","0","0.9999999999984741","0","65536","0","0","ConvNeXt Satellite"
"qc_20_112","media/images/ac114d97e1bfa5e034d3.png","media/images/9c53e8d7e11d568dfe5c.png","media/images/26eb70651cd07794b985.png","0","0","0.9999999999984741","0","65536","0","0","ConvNeXt Satellite"
"qc_58_35","media/images/0877066676beafc55fc8.png","media/images/f8693ca679371133dcfe.png","media/images/237caba31e398d39c976.png","0","0","0.9999999999984741","0","65536","0","0","ConvNeXt Satellite"
"qc_100_67","media/images/c0e565e78a70ce49d5af.png","media/images/37dd5aa5fc2155b7dfea.png","media/images/1e2a35200cf00333df6a.png","0.6076381197097876","0.7559388823266874","0.7297363281238866","27430","20394","17310","402","ConvNeXt Satellite"
"qc_76_157","media/images/3c50b29bcfabeedcbe8e.png","media/images/c570d8979244a41247f5.png","media/images/03a0fd0a7b06a503537e.png","0","0","0.9999999999984741","0","65536","0","0","ConvNeXt Satellite"
"qc_91_92","media/images/54c36f13f87f36172820.png","media/images/a9039d3d81dae7905b9e.png","media/images/213112c21aa3b49e0ed8.png","0","0","0.9999999999984741","0","65536","0","0","ConvNeXt Satellite"
"qc_43_52","media/images/8912c9db2828c2d53fca.png","media/images/6d7c82c8103ecaddcc18.png","media/images/1ff81aafd644f0cc0762.png","0","0","0.9999999999984741","0","65536","0","0","ConvNeXt Satellite"
"qc_52_145","media/images/2fc459ed7765dfca3042.png","media/images/8b545e85885d842e6f57.png","media/images/ff76e511582f487a53db.png","0","0","0.9999999999984741","0","65536","0","0","ConvNeXt Satellite"
"qc_96_32","media/images/5b8b0dcd5aae42e8cbdd.png","media/images/9ab708a4effdbf875b50.png","media/images/0b8ebda459e297fb5ba8.png","0","0","0.9999999999984741","0","65536","0","0","ConvNeXt Satellite"
"qc_104_21","media/images/fc5f86e2d06e5f4c819f.png","media/images/9ab708a4effdbf875b50.png","media/images/0b8ebda459e297fb5ba8.png","0","0","0.9999999999984741","0","65536","0","0","ConvNeXt Satellite"
"qc_67_103","media/images/c24edafd095c18160f43.png","media/images/9ab708a4effdbf875b50.png","media/images/0b8ebda459e297fb5ba8.png","0","0","0.9999999999984741","0","65536","0","0","ConvNeXt Satellite"
"qc_48_131","media/images/0481c9bd80c37930dff5.png","media/images/0596b9e12dbf714152f7.png","media/images/8fb8abead61baead105c.png","0","0","0.9999999999984741","0","65536","0","0","ConvNeXt Satellite"
"qc_47_106","media/images/e8313e3119b2c781f15b.png","media/images/c9e52ce4ce0521107b22.png","media/images/be9aba9be288b2a0ff11.png","0.13000877449356524","0.23010221746740828","0.9092254638658002","889","58698","54","5895","ConvNeXt Satellite"
"qc_96_15","media/images/516eb0d6da44cd92d507.png","media/images/9ab708a4effdbf875b50.png","media/images/0b8ebda459e297fb5ba8.png","0","0","0.9999999999984741","0","65536","0","0","ConvNeXt Satellite"
"qc_47_90","media/images/2455b6e4d76f7c6f4684.png","media/images/eae0c0ba1e77e85d2645.png","media/images/520269a0cd6d5233ec91.png","0","0","0.9999999999984741","0","65536","0","0","ConvNeXt Satellite"
"qc_31_126","media/images/b2e1d9ca8546fd68af3e.png","media/images/43274aa5239b8b854c61.png","media/images/a3be9e440840214bb800.png","0","0","0.9999999999984741","0","65536","0","0","ConvNeXt Satellite"
"qc_26_143","media/images/04c6fca23a8752b1f280.png","media/images/7975f0e9ff0fa846d26e.png","media/images/22ef4a72329dd0064a61.png","0","0","0.9949493408187943","0","65205","0","331","ConvNeXt Satellite"
"qc_59_145","media/images/ced1b7cae7d438c4b01b.png","media/images/359b6be2159386e1a9e4.png","media/images/4aa437b16825cfd59c63.png","0","0","0.9999999999984741","0","65536","0","0","ConvNeXt Satellite"
"qc_83_74","media/images/afd9773decfe1efe91f5.png","media/images/6b70a5ee456b662af0e6.png","media/images/7543394507da02501d52.png","0","0","0.9999999999984741","0","65536","0","0","ConvNeXt Satellite"
"qc_54_41","media/images/ca7c2b69ad40d6f2e341.png","media/images/c6246c128e34289358de.png","media/images/9e1785ef6accb5f1d4a8.png","0","0","0.9999999999984741","0","65536","0","0","ConvNeXt Satellite"
"qc_44_31","media/images/5c810e9b716f667f40a0.png","media/images/66dd224b7d21f7fb0432.png","media/images/535f7ca3ebd048181b70.png","0","0","0.9999999999984741","0","65536","0","0","ConvNeXt Satellite"
"qc_69_95","media/images/013b802e3f272ceb89a9.png","media/images/e610001b98ec4ed90ebd.png","media/images/1da8ce77404fefe924c9.png","0","0","0.9999999999984741","0","65536","0","0","ConvNeXt Satellite"
"qc_23_134","media/images/11b2628a8da65cd88186.png","media/images/9b772f38c66ecd2d6239.png","media/images/bc4184f64a0c8ff795c8.png","0.7712115100157518","0.8708293300257058","0.8442230224596493","34413","20914","9572","637","ConvNeXt Satellite"
"qc_44_46","media/images/717907f0f448ee6538bc.png","media/images/6f315f49e760b0d65f3a.png","media/images/865928c8931d447a34ce.png","0.7104669328200517","0.8307285893005687","0.9236450195298406","12279","48253","4782","222","ConvNeXt Satellite"
"qc_4_130","media/images/4bec4a7961f17a2dfdee.png","media/images/6e74b171fe0d167b84a5.png","media/images/ae8c43eb7da330ba80b4.png","0","0","0.9999999999984741","0","65536","0","0","ConvNeXt Satellite"
"qc_53_78","media/images/2f2ea7367ac24fa0268a.png","media/images/9c3dd0e8008fa0459fac.png","media/images/fa31a7668cca1a97dc9d.png","0","0","0.9999999999984741","0","65536","0","0","ConvNeXt Satellite"
"qc_45_91","media/images/ceaddd9a9dd1173c5e2c.png","media/images/8cb23df990ec898da407.png","media/images/78e835fac8ee55468c46.png","0","0","0.9999999999984741","0","65536","0","0","ConvNeXt Satellite"
"qc_60_88","media/images/488b134498c3103cc19a.png","media/images/19a970995284b22d3bea.png","media/images/84ea9023879b7200f86e.png","0.5575825266746391","0.7159588385585922","0.9456024169907447","4493","57478","973","2592","ConvNeXt Satellite"
"qc_29_139","media/images/06d233ba9aa1f246f1e6.png","media/images/c181f09660bf142a9ea1.png","media/images/8bffe8d4bc17e669aaac.png","0","0","0.9999999999984741","0","65536","0","0","ConvNeXt Satellite"
"qc_29_82","media/images/034a24cdb52a75384b81.png","media/images/39263f4a1b31f6885d88.png","media/images/7a352f5e89f103b458f3.png","0","0","0.9999999999984741","0","65536","0","0","ConvNeXt Satellite"
"qc_96_86","media/images/03e071b023e556c6cf65.png","media/images/8b6a5f99d339d29e26c8.png","media/images/922d537ddaca7c117287.png","0","0","0.9999999999984741","0","65536","0","0","ConvNeXt Satellite"
"qc_2_123","media/images/d3df75f0d523b6c3b4b2.png","media/images/64d4bcfa4b9bbe8b372d.png","media/images/8ad49ac4fc3d24a61d8e.png","0","0","0.9999999999984741","0","65536","0","0","ConvNeXt Satellite"
"qc_97_60","media/images/5eec3afababb4c7e26e0.png","media/images/a309e0985c6ba8108ca1.png","media/images/2b88f1d2451290b00eed.png","0.39532828979846857","0.5666455180245212","0.832916259764354","7159","47427","10662","288","ConvNeXt Satellite"
"qc_84_22","media/images/f7e789de5b9c78267b6b.png","media/images/9ab708a4effdbf875b50.png","media/images/0b8ebda459e297fb5ba8.png","0","0","0.9999999999984741","0","65536","0","0","ConvNeXt Satellite"
"qc_46_130","media/images/958f6a62144ec3ff2c50.png","media/images/fdc98f1e6d5750692077.png","media/images/43cc64c2a15212262563.png","0","0","0.9999999999984741","0","65536","0","0","ConvNeXt Satellite"
"qc_34_76","media/images/bb52824cafc209b00393.png","media/images/7a58e46e0347fd153a25.png","media/images/c6b4d1e53ea6e82ca47b.png","0","0","0.9999999999984741","0","65536","0","0","ConvNeXt Satellite"
"qc_52_51","media/images/e573d0680e86c225b56a.png","media/images/c9586208c8a077c50f27.png","media/images/32a4a57a0ac6920143bf.png","0","0","0.9999999999984741","0","65536","0","0","ConvNeXt Satellite"
"qc_38_62","media/images/8a5cba057afba5e62885.png","media/images/8d378cb39757dd41d843.png","media/images/7557f2f0eabd842d3a82.png","0","0","0.9999999999984741","0","65536","0","0","ConvNeXt Satellite"
"qc_82_21","media/images/31f65dc1339ccd961af7.png","media/images/9ab708a4effdbf875b50.png","media/images/0b8ebda459e297fb5ba8.png","0","0","0.9999999999984741","0","65536","0","0","ConvNeXt Satellite"
"qc_72_62","media/images/d11017d8bea2b9a29387.png","media/images/33dd5eee7949b5869e6d.png","media/images/d9d4a98c6b54e40d7a42.png","0.732602202306038","0.8456668915690702","0.9084777832017388","16433","43105","4833","1165","ConvNeXt Satellite"
"qc_59_75","media/images/b4b28a93238230131d6f.png","media/images/3a0dadc2bfa65c115b90.png","media/images/d94befea57cc57f9d519.png","0","0","0.9999999999984741","0","65536","0","0","ConvNeXt Satellite"
"qc_31_95","media/images/ff7ef94de0f10c00d91d.png","media/images/fe30145b31cbd92b99d0.png","media/images/992e66738f1c78309cb0.png","0","0","0.9999999999984741","0","65536","0","0","ConvNeXt Satellite"
"qc_98_56","media/images/3cb5b2a8e14cf93e8c7f.png","media/images/181bf78afd40a603111d.png","media/images/9352b8620cb101b44b5f.png","0.40464556334250656","0.5761532194363178","0.8717193603502323","5714","51415","7343","1064","ConvNeXt Satellite"
"qc_32_138","media/images/1c5bc7e5cc59c176ffb6.png","media/images/41a9bf2a2ce62665ad18.png","media/images/7eccdc3aadad58387774.png","0","0","0.9999999999984741","0","65536","0","0","ConvNeXt Satellite"
"qc_101_46","media/images/b6737504e686041711e6.png","media/images/3a96171d009183004f88.png","media/images/ebaa89980187ac2a2c02.png","0","0","0.9060974121079924","0","59382","0","6154","ConvNeXt Satellite"
"qc_53_146","media/images/dc8d905ce8e8cbad3943.png","media/images/e85fcf0bdc52d89cbfe3.png","media/images/f4247066cf66dc8023e5.png","0","0","0.9999999999984741","0","65536","0","0","ConvNeXt Satellite"
"qc_103_22","media/images/01938655735b92f92ddd.png","media/images/9ab708a4effdbf875b50.png","media/images/0b8ebda459e297fb5ba8.png","0","0","0.9999999999984741","0","65536","0","0","ConvNeXt Satellite"
"qc_114_45","media/images/bc31a502f8096dd592a8.png","media/images/9ab708a4effdbf875b50.png","media/images/0b8ebda459e297fb5ba8.png","0","0","0.9999999999984741","0","65536","0","0","ConvNeXt Satellite"
"qc_102_16","media/images/6a146a93d28d18fdbab0.png","media/images/9ab708a4effdbf875b50.png","media/images/0b8ebda459e297fb5ba8.png","0","0","0.9999999999984741","0","65536","0","0","ConvNeXt Satellite"
"qc_66_46","media/images/fbc6ae4697b5c311a76f.png","media/images/8a09f33104991c128d43.png","media/images/67687a648792008d2b5f.png","0","0","0.9999999999984741","0","65536","0","0","ConvNeXt Satellite"
"qc_36_118","media/images/9d5259d7f5632f711249.png","media/images/782184a9604334047f51.png","media/images/31bf373f46aeba6b9960.png","0","0","0.9958496093734804","0","65264","0","272","ConvNeXt Satellite"
"qc_73_75","media/images/b47a3c7bc812b4f18488.png","media/images/33c05f3c8be459049aad.png","media/images/ddfc959e487fea84f004.png","0","0","0.9999999999984741","0","65536","0","0","ConvNeXt Satellite"
"qc_17_105","media/images/34d7653b1e2d9829aa96.png","media/images/4ad461c44b82788693b0.png","media/images/8513b1726f89677849dd.png","0.0691967279062009","0.129436837259","0.7881774902331723","1032","50622","0","13882","ConvNeXt Satellite"
"qc_92_61","media/images/4ffcd34084ee39e77348.png","media/images/29e5974a2bc0d57c14bb.png","media/images/d2891893388441bdcccc.png","0.39615096225613466","0.567490104295531","0.8894042968736429","4755","53533","4321","2927","ConvNeXt Satellite"
"qc_68_138","media/images/5e14af5eb5b32a2b6ff0.png","media/images/896f691598090ef59951.png","media/images/174c0f1e2c78bfc3b4e0.png","0","0","0.9999999999984741","0","65536","0","0","ConvNeXt Satellite"
"qc_54_44","media/images/f95adc4da09936a065c5.png","media/images/672994c991951eb3f06e.png","media/images/927f5321f8f18d238bae.png","0","0","0.9999999999984741","0","65536","0","0","ConvNeXt Satellite"
"qc_15_116","media/images/ef655777f43138982aed.png","media/images/24c380bae054339ed25e.png","media/images/788e7cc137e0d0e49982.png","0.018203470567910794","0.035756053295812974","0.911941528318921","107","59658","0","5771","ConvNeXt Satellite"
"qc_72_65","media/images/a1dad1a102739ccfa0dd.png","media/images/2d49ee009bc599b8d2b5.png","media/images/bdcc7e8450d2657d3f5c.png","0","0","0.9999999999984741","0","65536","0","0","ConvNeXt Satellite"
"qc_32_90","media/images/e3caa3a3158290a6ff07.png","media/images/7bb860debdfc4ae6913e.png","media/images/f1158eb210061e285444.png","0","0","0.9999999999984741","0","65536","0","0","ConvNeXt Satellite"
"qc_72_109","media/images/9e0a2f8b3905f22573de.png","media/images/f186fae2755026eb4d68.png","media/images/fded8a732219d6b59817.png","0.48434473853317717","0.6526040620954279","0.951248168943861","3001","59340","661","2534","ConvNeXt Satellite"
"qc_29_56","media/images/7a3d6d323e0a728efe29.png","media/images/d41ae53267752f6b810d.png","media/images/0db2c3e00e1c30ed5ad0.png","0","0","0.991836547850049","0","65001","535","0","ConvNeXt Satellite"
"qc_33_129","media/images/6c338c5bb2c2bbe4fc71.png","media/images/12bad266e988605f8c0b.png","media/images/f23565476a8117c40127.png","0","0","0.9999999999984741","0","65536","0","0","ConvNeXt Satellite"
"qc_93_36","media/images/0fa6fcf3585950f7bad3.png","media/images/9ab708a4effdbf875b50.png","media/images/0b8ebda459e297fb5ba8.png","0","0","0.9999999999984741","0","65536","0","0","ConvNeXt Satellite"
"qc_25_133","media/images/dac1d4036850d8d34ddb.png","media/images/40082371125b9c9373fd.png","media/images/a8a76f60b082084b1623.png","0.7276995304853735","0.8423912543287765","0.990264892576614","1705","63193","362","276","ConvNeXt Satellite"
"qc_25_117","media/images/dd1b94a0b09e85255266.png","media/images/a22d852cae9816913c8f.png","media/images/a8a889f9cb6aeea4d0c5.png","0.7445803560525059","0.8535924529286341","0.9678192138657107","6148","57279","1646","463","ConvNeXt Satellite"
"qc_84_80","media/images/18eafaceac01b591a431.png","media/images/3b3e875af28c28046787.png","media/images/d1a5194dc34121d3bbec.png","0","0","0.9999999999984741","0","65536","0","0","ConvNeXt Satellite"
"qc_48_36","media/images/f59b5f461572b145ecb7.png","media/images/2f64756e34814fa714bd.png","media/images/db083feb96b70e80e610.png","0","0","0.9999999999984741","0","65536","0","0","ConvNeXt Satellite"
"qc_98_65","media/images/013adc0d8e94b064d5e0.png","media/images/70c63e50cbd003af3d25.png","media/images/1228b0c9d576b3bdf608.png","0","0","0.8293151855456096","0","54350","11186","0","ConvNeXt Satellite"
"qc_91_49","media/images/e5a2137180e45b541cfc.png","media/images/9ab708a4effdbf875b50.png","media/images/0b8ebda459e297fb5ba8.png","0","0","0.9999999999984741","0","65536","0","0","ConvNeXt Satellite"
"qc_60_87","media/images/acf917cbb494132ed5e3.png","media/images/cd87cbab296d6e39d137.png","media/images/f38f4f5739ba5b68bace.png","0","0","0.9999999999984741","0","65536","0","0","ConvNeXt Satellite"
"qc_67_90","media/images/9743ce2dbab60a365216.png","media/images/62763a36e78eca46b9ba.png","media/images/62b19eab68f4b6eef03d.png","0","0","0.9149932861314163","0","59965","3819","1752","ConvNeXt Satellite"
"qc_87_36","media/images/5859600b766f5db8d428.png","media/images/9ab708a4effdbf875b50.png","media/images/0b8ebda459e297fb5ba8.png","0","0","0.9999999999984741","0","65536","0","0","ConvNeXt Satellite"
"qc_42_67","media/images/69e2033fd1886a2b7d43.png","media/images/b5a7fa31181147b8cc90.png","media/images/82bd8e49506dcdffb8e4.png","0","0","0.9999999999984741","0","65536","0","0","ConvNeXt Satellite"
"qc_58_56","media/images/efcfe752c2927bb7547d.png","media/images/76940311645e010a99a4.png","media/images/23a26246a93fe2b72d1d.png","0","0","0.9999999999984741","0","65536","0","0","ConvNeXt Satellite"
"qc_14_99","media/images/7608df9ed1f560e30fcf.png","media/images/7932c3fd460dd483e65f.png","media/images/5813f28021a0da3dcd15.png","0.43520782395269497","0.6064735474491324","0.9541778564438566","2314","60219","2423","580","ConvNeXt Satellite"
"qc_39_131","media/images/ae4ba2efeddf6edeba68.png","media/images/8b50e93d62b4139b29d0.png","media/images/59b29b8573dcb26a7dde.png","0","0","0.9999999999984741","0","65536","0","0","ConvNeXt Satellite"
"qc_42_54","media/images/ef49d4f4b8a1e1035c72.png","media/images/b17f68677b4213d6706c.png","media/images/501f9409cc11bcbec1e7.png","0","0","0.9999999999984741","0","65536","0","0","ConvNeXt Satellite"
"qc_22_52","media/images/7c40d9dc899d2dca0c72.png","media/images/cd018bb3f06ac5245e10.png","media/images/35ac368bc6627bdaa8bd.png","0","0","0.9999999999984741","0","65536","0","0","ConvNeXt Satellite"
"qc_75_71","media/images/db12c135b0132f4ccb02.png","media/images/3d747b220ed17b92d9b5.png","media/images/9070db76c835b5044079.png","0","0","0.07296752929676366","0","4782","60754","0","ConvNeXt Satellite"
"qc_34_137","media/images/3261c177439c5b08a97c.png","media/images/4fc2a10ddcc882f50378.png","media/images/8f06579853ac945a2503.png","0","0","0.9999999999984741","0","65536","0","0","ConvNeXt Satellite"
"qc_63_147","media/images/8f7e5cabc708cd273256.png","media/images/1a1fab604fe2bdc359ae.png","media/images/7fdbcff0241b307cefd7.png","0","0","0.9999999999984741","0","65536","0","0","ConvNeXt Satellite"
"qc_67_130","media/images/e0dc97cf98f176cb1f53.png","media/images/1c6a1254e395b2be549c.png","media/images/69fdce915c0603fe3667.png","0","0","0.9999999999984741","0","65536","0","0","ConvNeXt Satellite"
"qc_95_18","media/images/40e28d048079ccae18fb.png","media/images/9ab708a4effdbf875b50.png","media/images/0b8ebda459e297fb5ba8.png","0","0","0.9999999999984741","0","65536","0","0","ConvNeXt Satellite"
"qc_83_28","media/images/36df68dff1f1955acae9.png","media/images/9ab708a4effdbf875b50.png","media/images/0b8ebda459e297fb5ba8.png","0","0","0.9999999999984741","0","65536","0","0","ConvNeXt Satellite"
"qc_88_58","media/images/f00b26519c5a8775a6de.png","media/images/cd7f82cbd31291a3b4ba.png","media/images/fc6ab91203b3d2332207.png","0.6324520355623948","0.7748490999543776","0.7602996826160273","27031","22796","4044","11665","ConvNeXt Satellite"
"qc_108_23","media/images/58a1b3ebe5a0c2f65777.png","media/images/9ab708a4effdbf875b50.png","media/images/0b8ebda459e297fb5ba8.png","0","0","0.9999999999984741","0","65536","0","0","ConvNeXt Satellite"
"qc_51_40","media/images/d99bae272a2c3367ec7e.png","media/images/952334dfba1e966eea26.png","media/images/25b35f362ea717f8c0e4.png","0","0","0.9999999999984741","0","65536","0","0","ConvNeXt Satellite"
"qc_112_54","media/images/6b7848715c7fc7606f18.png","media/images/9ab708a4effdbf875b50.png","media/images/0b8ebda459e297fb5ba8.png","0","0","0.9999999999984741","0","65536","0","0","ConvNeXt Satellite"
"qc_59_43","media/images/b7b42c8b2b128a2e523a.png","media/images/3380715cc22b99fd0ca1.png","media/images/81fed2544430a8cdb807.png","0","0","0.9999999999984741","0","65536","0","0","ConvNeXt Satellite"
"qc_62_59","media/images/29733a286c6f5d3e064b.png","media/images/9cb67a3ba17bae408a45.png","media/images/8cfbf3040fd63760ed6b.png","0","0","0.9953918457016061","0","65234","0","302","ConvNeXt Satellite"
"qc_105_60","media/images/d66b3649b41d12032301.png","media/images/94ed2dd545a84dc8e198.png","media/images/0cafb3e55fbe97b12a43.png","0","0","0.962738037107906","0","63094","2442","0","ConvNeXt Satellite"
"qc_93_14","media/images/4b9648b32cf3deae0fb3.png","media/images/9ab708a4effdbf875b50.png","media/images/0b8ebda459e297fb5ba8.png","0","0","0.9999999999984741","0","65536","0","0","ConvNeXt Satellite"
"qc_105_22","media/images/0f60244bd6e3e5da3928.png","media/images/9ab708a4effdbf875b50.png","media/images/0b8ebda459e297fb5ba8.png","0","0","0.9999999999984741","0","65536","0","0","ConvNeXt Satellite"
"qc_80_61","media/images/6576139d49db46dcdc33.png","media/images/0af546719e48823da7bf.png","media/images/b20c2db9fe418a98c64a.png","0","0","0.9999999999984741","0","65536","0","0","ConvNeXt Satellite"
"qc_37_41","media/images/8b31c03dd1a14657cbf8.png","media/images/7ce321bfac514838c8dc.png","media/images/f74f3494873cf4c51754.png","0","0","0.9644470214829034","0","63206","2330","0","ConvNeXt Satellite"
"qc_90_27","media/images/7e9692ee4d265d496084.png","media/images/9ab708a4effdbf875b50.png","media/images/0b8ebda459e297fb5ba8.png","0","0","0.9999999999984741","0","65536","0","0","ConvNeXt Satellite"
"qc_65_60","media/images/852369d8165243be1cc7.png","media/images/d86b0ac677de6e0f628c.png","media/images/aacc59ddf89a8359d853.png","0","0","0.9146118164048544","0","59940","0","5596","ConvNeXt Satellite"
"qc_65_90","media/images/ea0be0d143f375ee9a1d.png","media/images/3c91709ebd3d0b6d9bdc.png","media/images/19aa290e2ed5a0b84073.png","0.6762117714920794","0.8068332923227682","0.8630065917955582","18750","37808","54","8924","ConvNeXt Satellite"
"qc_66_93","media/images/95316bf5c3cd9a366734.png","media/images/f11eef3391dc1a15db71.png","media/images/ef2fd21f1d393ab71928.png","0","0","0.9994659423812874","0","65501","0","35","ConvNeXt Satellite"
"qc_41_37","media/images/7434db237a2063054394.png","media/images/d707fa53752b879e402a.png","media/images/1996159d03b6a4a6ae18.png","0","0","0.9704132080063318","0","63597","89","1850","ConvNeXt Satellite"
"qc_58_146","media/images/0d5cf528f6eec322a5b6.png","media/images/3f6486a0cea5fb75abd0.png","media/images/f92901743db7acf0b410.png","0","0","0.9835052490219368","0","64455","1081","0","ConvNeXt Satellite"
"qc_102_71","media/images/63206b7090e6e3bc1304.png","media/images/6db9c4f1cc428b9e5b6e.png","media/images/f677305ad7ebae28cc66.png","0","0","0.9284057617173334","0","60844","4692","0","ConvNeXt Satellite"
"qc_62_102","media/images/f4c228bd1e76233b709f.png","media/images/62f3bbf013b4699941f3.png","media/images/f5744e456f4794779c13.png","0","0","0.9999999999984741","0","65536","0","0","ConvNeXt Satellite"
"qc_14_125","media/images/783d9367a0e282c92b82.png","media/images/0474b939c88b6378c709.png","media/images/3d674cf1b146e495b01c.png","0","0","0.9999999999984741","0","65536","0","0","ConvNeXt Satellite"
"qc_112_1","media/images/d0a7a7f19178b9f245f9.png","media/images/9ab708a4effdbf875b50.png","media/images/0b8ebda459e297fb5ba8.png","0","0","0.9999999999984741","0","65536","0","0","ConvNeXt Satellite"
"qc_32_67","media/images/37500736db5c7f064b74.png","media/images/5d0fb2452b14e58063ea.png","media/images/cb3b2e91a97f5a6dd8f4.png","0.001635768811252139","0.0032661945565196837","0.9720611572250792","3","63702","0","1831","ConvNeXt Satellite"
"qc_71_39","media/images/53308fd7ebb441276f3a.png","media/images/9ab708a4effdbf875b50.png","media/images/0b8ebda459e297fb5ba8.png","0","0","0.9999999999984741","0","65536","0","0","ConvNeXt Satellite"
"qc_87_60","media/images/c10c83904bafad88fbcb.png","media/images/467b4a550083a9eec6d1.png","media/images/0a61260df5fd65e12f06.png","0.18055502171622292","0.3058815605342061","0.34938049316352937","9395","13502","42449","190","ConvNeXt Satellite"
"qc_28_134","media/images/93c7cfdd5cc44a41ce55.png","media/images/1bad76b2622f60f3dd66.png","media/images/ac95c9a3aa2e9759e38c.png","0","0","0.9999999999984741","0","65536","0","0","ConvNeXt Satellite"
"qc_71_48","media/images/080860a47bbfa9843acf.png","media/images/9ab708a4effdbf875b50.png","media/images/0b8ebda459e297fb5ba8.png","0","0","0.9999999999984741","0","65536","0","0","ConvNeXt Satellite"
"qc_70_124","media/images/5af6765f8dfce93d8fe2.png","media/images/584254afb08d2228b91f.png","media/images/b763481c17ff61d4312e.png","0","0","0.9999999999984741","0","65536","0","0","ConvNeXt Satellite"
"qc_18_116","media/images/b25f7f3f85f9ef7aa4e5.png","media/images/a1e0c5a5a2831411f810.png","media/images/a2f9a6d97a18c1d75243.png","0","0","0.9652099609360272","0","63256","0","2280","ConvNeXt Satellite"
"qc_40_98","media/images/5ca6d9cf6fcb7c3d4b60.png","media/images/9fcdc33306940f634bf2.png","media/images/d8ca3e67ed3581c28857.png","0","0","0.9999237060531617","0","65531","5","0","ConvNeXt Satellite"
"qc_49_133","media/images/d88d5a428efac961cfa3.png","media/images/dc1536892d5dee2e197f.png","media/images/48c34c817d8a1c426daa.png","0","0","0.9999999999984741","0","65536","0","0","ConvNeXt Satellite"
"qc_34_115","media/images/f0aa9c29a6508ace578c.png","media/images/22834c79fe81bc3d2248.png","media/images/8980389a0f82c488caee.png","0","0","0.9999999999984741","0","65536","0","0","ConvNeXt Satellite"
"qc_77_144","media/images/7252d7d45d62bac369dc.png","media/images/1a4957f078f4d7034010.png","media/images/be11ef72963631e6ba54.png","0","0","0.9999999999984741","0","65536","0","0","ConvNeXt Satellite"
"qc_15_94","media/images/f9579ca9dd82531fa182.png","media/images/f43d5ef8700b48b4d7e7.png","media/images/0b1e758e0ad0a6bfc79e.png","0.0672203358721042","0.12597272993002429","0.37960815429629574","2930","21948","0","40658","ConvNeXt Satellite"
"qc_22_127","media/images/d4cbf8f50cfdbee8bca6.png","media/images/5b5515d53803d7a6f4c4.png","media/images/54a9e5016c1dbc27135e.png","0.08157496714665748","0.15084474838854542","0.43479919433527403","3290","25205","32919","4122","ConvNeXt Satellite"
"qc_59_66","media/images/99e0894a1ac96c806c21.png","media/images/52d805f7375b8c3170e0.png","media/images/5db2c7c76f9c82d93d50.png","0","0","0.9999999999984741","0","65536","0","0","ConvNeXt Satellite"
"qc_104_24","media/images/66d403ea4b34ab0f7f7c.png","media/images/9ab708a4effdbf875b50.png","media/images/0b8ebda459e297fb5ba8.png","0","0","0.9999999999984741","0","65536","0","0","ConvNeXt Satellite"
"qc_50_90","media/images/27ee4e1f3afde6ab4689.png","media/images/93a34df71ea888bedba2.png","media/images/8376f30b7b8de2c5b7d9.png","0","0","0.9999999999984741","0","65536","0","0","ConvNeXt Satellite"
"qc_116_46","media/images/8b93c1f14069771015da.png","media/images/9ab708a4effdbf875b50.png","media/images/0b8ebda459e297fb5ba8.png","0","0","0.9999999999984741","0","65536","0","0","ConvNeXt Satellite"
"qc_60_90","media/images/d61f23df59f5a8e53c66.png","media/images/eca9560cfdcff42d5050.png","media/images/397b3f94a9496e0cde82.png","0","0","0.9999999999984741","0","65536","0","0","ConvNeXt Satellite"
"qc_71_94","media/images/ca7cfb6dab3e39433727.png","media/images/db1d78fa815e8f39b47d.png","media/images/8cc7a58ed4bbef99d9a1.png","0","0","0.5522155761710323","0","36190","29346","0","ConvNeXt Satellite"
"qc_60_77","media/images/7aebf253ca69340ebbe1.png","media/images/f510ff214cbe5bceb780.png","media/images/24d06d18b46c9a44158e.png","0","0","0.9999999999984741","0","65536","0","0","ConvNeXt Satellite"
"qc_93_21","media/images/2d28321f99946f0b607e.png","media/images/9ab708a4effdbf875b50.png","media/images/0b8ebda459e297fb5ba8.png","0","0","0.9999999999984741","0","65536","0","0","ConvNeXt Satellite"
"qc_49_71","media/images/3c68f7858d10d399f00a.png","media/images/58809f7ee6c3b2d29a6e.png","media/images/65a073304ccbe068aa31.png","0.8859358274785631","0.9395184793456943","0.9333343505845133","33934","27233","3464","905","ConvNeXt Satellite"
"qc_80_52","media/images/778a9d8ea0f767cf30c1.png","media/images/9ab708a4effdbf875b50.png","media/images/0b8ebda459e297fb5ba8.png","0","0","0.9999999999984741","0","65536","0","0","ConvNeXt Satellite"
"qc_55_89","media/images/3867844186a92877637f.png","media/images/7d71e0a77d8361cbf471.png","media/images/64b4b8322e043896770f.png","0","0","0.9999999999984741","0","65536","0","0","ConvNeXt Satellite"
"qc_78_112","media/images/34c36ae310dcd470ee50.png","media/images/0d79b46343dab11e5391.png","media/images/985d2013bd2b45c73c8a.png","0","0","0.9999999999984741","0","65536","0","0","ConvNeXt Satellite"
"qc_67_51","media/images/5032c058f1ad2ee3a966.png","media/images/275266eeace3663a49a7.png","media/images/ee03c10a9400b2f55382.png","0","0","0.9999999999984741","0","65536","0","0","ConvNeXt Satellite"
"qc_51_123","media/images/e22c6b5a16ceb19a50c0.png","media/images/2c791e50a915d4467ac4.png","media/images/c87eb92ee19f5a9d398d.png","0","0","0.9956207275375433","0","65249","287","0","ConvNeXt Satellite"
"qc_43_128","media/images/0cdae8666639576f0c63.png","media/images/ad35a28e13c3900846f2.png","media/images/9d964c405e7e3d5a001c.png","0","0","0.8727111816392933","0","57194","8342","0","ConvNeXt Satellite"
"qc_50_119","media/images/4a4e266d47e43b15f134.png","media/images/acf859d90bb04f546b6e.png","media/images/bd9d0493db88456c4990.png","0","0","0.9999999999984741","0","65536","0","0","ConvNeXt Satellite"
"qc_47_46","media/images/a15c409791ccf93c2b38.png","media/images/1b46d2db3116f0ae2e46.png","media/images/39e9b695db309a2676d9.png","0","0","0.9999999999984741","0","65536","0","0","ConvNeXt Satellite"
"qc_34_61","media/images/b618176163449ef2f3c0.png","media/images/085db88e7e34cece7e9f.png","media/images/4ce54524d5546067d105.png","0","0","0.9999999999984741","0","65536","0","0","ConvNeXt Satellite"
"qc_114_12","media/images/ac2459eb4e3cd937c995.png","media/images/9ab708a4effdbf875b50.png","media/images/0b8ebda459e297fb5ba8.png","0","0","0.9999999999984741","0","65536","0","0","ConvNeXt Satellite"
"qc_15_111","media/images/5bda2f861000287f727e.png","media/images/f12e8be205d7af1b534f.png","media/images/dfdc29ef2fe13b971f5c.png","0","0","0.9974822998031655","0","65371","165","0","ConvNeXt Satellite"
"qc_109_8","media/images/c727eb3338aa6ca73e1a.png","media/images/9ab708a4effdbf875b50.png","media/images/0b8ebda459e297fb5ba8.png","0","0","0.9999999999984741","0","65536","0","0","ConvNeXt Satellite"
"qc_7_118","media/images/f3bfa0dac9a21668924f.png","media/images/342e95a6f7deb7750f11.png","media/images/342da9dbdf83c012d0d9.png","0","0","0.9999999999984741","0","65536","0","0","ConvNeXt Satellite"
"qc_24_133","media/images/394d65de5794ecabacd9.png","media/images/21108891454c45b86323.png","media/images/fd70666579c58fb64bd1.png","0","0","0.9939575195297333","0","65140","0","396","ConvNeXt Satellite"
"qc_9_102","media/images/42459804b142eb532e06.png","media/images/061b49aaf37ed033562d.png","media/images/e34180cb46aa2c0cd8f6.png","0","0","0.9999999999984741","0","65536","0","0","ConvNeXt Satellite"
"qc_41_57","media/images/8dcb556a801c6256fd80.png","media/images/c863a00bea14c14dd89a.png","media/images/4d1c133006f771e253d9.png","0","0","0.9999999999984741","0","65536","0","0","ConvNeXt Satellite"
"qc_77_66","media/images/fa5bb290ff84b3fba019.png","media/images/0bad8d33e269f6e3eb09.png","media/images/3fdaa4d2ace3bbf39141.png","0","0","0.974517822264138","0","63866","1670","0","ConvNeXt Satellite"
"qc_107_49","media/images/7a3f898886d0c4034394.png","media/images/c29442efc4928cc36676.png","media/images/36ec0e11076d3ae48441.png","0","0","0.9999999999984741","0","65536","0","0","ConvNeXt Satellite"
"qc_7_124","media/images/8460eea9f286958f2d76.png","media/images/c766409676f656fa9f4b.png","media/images/f3df0e52a8a265071bcc.png","0","0","0.9999999999984741","0","65536","0","0","ConvNeXt Satellite"
"qc_79_77","media/images/8699e1e8631aa39c3cb2.png","media/images/85d0a1f3cf95b9b75939.png","media/images/0a76530a73bc316df7b7.png","0.5910899653966456","0.7430000070172608","0.7114868164051643","27332","19296","17924","984","ConvNeXt Satellite"
"qc_101_72","media/images/290158d6d9faada77df4.png","media/images/3182509543bcb0acff0d.png","media/images/4390821e1807d9fafe7e.png","0","0","0.9965057373031669","0","65307","0","229","ConvNeXt Satellite"
"qc_39_112","media/images/9a8a4e1c396b73cd27dd.png","media/images/8355d0d8e5e834ff5d60.png","media/images/487da4c50bf45e5217b8.png","0","0","0.9999999999984741","0","65536","0","0","ConvNeXt Satellite"
"qc_66_76","media/images/3496f85cc601d0dfa027.png","media/images/c7c8489c4951dbd47f1d.png","media/images/369e13fd2039cd3586bd.png","0","0","0.9999999999984741","0","65536","0","0","ConvNeXt Satellite"
"qc_67_115","media/images/61291416a18afea015ba.png","media/images/4665d2b27957bd959cfe.png","media/images/bddaf83ee0a2d3ec09b0.png","0","0","0.9999999999984741","0","65536","0","0","ConvNeXt Satellite"
"qc_56_31","media/images/a2beab44d1565c6bc225.png","media/images/1a65f1979c1b38b23e26.png","media/images/9795b209ba08f0aa95b4.png","0","0","0.9999999999984741","0","65536","0","0","ConvNeXt Satellite"
"qc_19_117","media/images/d2db4d610d6359c72579.png","media/images/dd0d6b5af2f7698e2459.png","media/images/0be04921f0706161dbb0.png","0","0","0.9308624267563921","0","61005","0","4531","ConvNeXt Satellite"
"qc_71_81","media/images/29c7027089477ce0a901.png","media/images/2992c2253c01d109feb6.png","media/images/9d5235cdf02c605ea7a9.png","0.7480605057280033","0.8558747939196889","0.763137817381648","46091","3922","13657","1866","ConvNeXt Satellite"
"qc_47_131","media/images/209b88d6ec0ac5f694f2.png","media/images/cd8a393a77ca4e51b58b.png","media/images/19fbeb6d112d7ee8f13b.png","0","0","0.9999999999984741","0","65536","0","0","ConvNeXt Satellite"
"qc_16_93","media/images/ef09cce42dbcce6fa61a.png","media/images/7ada625b75a29d9e7305.png","media/images/ae056ebd0d7f9556b0e4.png","0","0","0.9999999999984741","0","65536","0","0","ConvNeXt Satellite"
"qc_46_49","media/images/851099beca39f51b479a.png","media/images/577cc1e82d1ba4b9157e.png","media/images/cd1792b77d3c3d55d804.png","0","0","0.9805145263656914","0","64259","0","1277","ConvNeXt Satellite"
"qc_38_106","media/images/6e7b2b061e4b3ef31471.png","media/images/4b34d5cf73f9edae8183.png","media/images/118b9cacd1a8ef2a78b1.png","0","0","0.9999999999984741","0","65536","0","0","ConvNeXt Satellite"
"qc_25_87","media/images/3575f55300693100b119.png","media/images/e6dba7fa86f51e8bf111.png","media/images/e9da207b0af8ef5978b8.png","0","0","0.9141235351548551","0","59908","5628","0","ConvNeXt Satellite"
"qc_14_138","media/images/7178e5aa3cc4d05a34e8.png","media/images/9b291d6f6b16adefdc94.png","media/images/c4594318632cbe08890d.png","0","0","0.9999999999984741","0","65536","0","0","ConvNeXt Satellite"
"qc_80_35","media/images/0c277c1c3a649372981b.png","media/images/9ab708a4effdbf875b50.png","media/images/0b8ebda459e297fb5ba8.png","0","0","0.9999999999984741","0","65536","0","0","ConvNeXt Satellite"
"qc_69_148","media/images/1074c91d0ca230ee0b26.png","media/images/1acd713e5b5dc74de7ef.png","media/images/a7675ec975a0fc7636ed.png","0","0","0.9999999999984741","0","65536","0","0","ConvNeXt Satellite"
"qc_65_29","media/images/34a7502fdc6c57e14604.png","media/images/4743df2ab2ba4e23375c.png","media/images/c427acb87d878073b3bf.png","0.7323931575011946","0.845527600713701","0.8572540283190044","25603","30578","8760","595","ConvNeXt Satellite"
"qc_103_39","media/images/7dca3706ced013ff5703.png","media/images/9ab708a4effdbf875b50.png","media/images/0b8ebda459e297fb5ba8.png","0","0","0.9999999999984741","0","65536","0","0","ConvNeXt Satellite"
"qc_72_35","media/images/4f261972e93dd3bc4f74.png","media/images/9ab708a4effdbf875b50.png","media/images/0b8ebda459e297fb5ba8.png","0","0","0.9999999999984741","0","65536","0","0","ConvNeXt Satellite"
"qc_38_81","media/images/a566a7bb4d8ca5c4e0a1.png","media/images/ee7839d0cb3f2943891d.png","media/images/80ea7a107cb2baa9e2cb.png","0","0","0.9999999999984741","0","65536","0","0","ConvNeXt Satellite"
"qc_11_103","media/images/5fae17e44f834eee9a5f.png","media/images/c9fbcd8c317a96a5877b.png","media/images/da12f85c211d608aae9f.png","0","0","0.9999999999984741","0","65536","0","0","ConvNeXt Satellite"
"qc_31_101","media/images/7512d9328f8c7c64f79b.png","media/images/dfb85390a7c066141890.png","media/images/45c7033a6f85902b0079.png","0","0","0.987930297850055","0","64745","0","791","ConvNeXt Satellite"
"qc_63_55","media/images/f7b975533aae6557eddd.png","media/images/f3f5bf12378c509463b1.png","media/images/fe15babcccc324f94fcf.png","0","0","0.9999999999984741","0","65536","0","0","ConvNeXt Satellite"
"qc_102_18","media/images/6528e2425a776468a6ae.png","media/images/9ab708a4effdbf875b50.png","media/images/0b8ebda459e297fb5ba8.png","0","0","0.9999999999984741","0","65536","0","0","ConvNeXt Satellite"
"qc_8_118","media/images/d1829ac41908769f5e75.png","media/images/4da856e1aab192bf7ea4.png","media/images/2a0539dbf6a22b75763b.png","0","0","0.9999999999984741","0","65536","0","0","ConvNeXt Satellite"
"qc_60_113","media/images/b010d370449199a996a6.png","media/images/19c15f253fe0b585d3a5.png","media/images/69e73b3efe0f2c40aa71.png","0","0","0.9999694824203491","0","65534","0","2","ConvNeXt Satellite"
"qc_112_15","media/images/0aa4ac434aa77c8c6423.png","media/images/9ab708a4effdbf875b50.png","media/images/0b8ebda459e297fb5ba8.png","0","0","0.9999999999984741","0","65536","0","0","ConvNeXt Satellite"
"qc_73_124","media/images/9e338e07ec22b1a1f66a.png","media/images/c6fcc64a51971394b6ac.png","media/images/8a64da450ca22b0c8e49.png","0","0","0.9999999999984741","0","65536","0","0","ConvNeXt Satellite"
"qc_105_15","media/images/cdb3c473e42992865294.png","media/images/9ab708a4effdbf875b50.png","media/images/0b8ebda459e297fb5ba8.png","0","0","0.9999999999984741","0","65536","0","0","ConvNeXt Satellite"
"qc_51_88","media/images/a57bef3895be6ae59e7c.png","media/images/91303f47cd4cfc842311.png","media/images/06e50fb788e8b0d7ea45.png","0","0","0.8845367431627128","0","57969","7567","0","ConvNeXt Satellite"
"qc_99_21","media/images/a07e03c8a3fb9259922f.png","media/images/9ab708a4effdbf875b50.png","media/images/0b8ebda459e297fb5ba8.png","0","0","0.9999999999984741","0","65536","0","0","ConvNeXt Satellite"
"qc_95_58","media/images/e3442fb31e614b9b15d6.png","media/images/8277cdafbe970a44e41e.png","media/images/ea96277c4581c84b036e.png","0.06213035606499055","0.11699194865292564","0.5257415771476353","2059","32396","31015","66","ConvNeXt Satellite"
"qc_105_43","media/images/36bc475ea58c4c4510c5.png","media/images/91a204a097bd056fa8d5.png","media/images/f5cf1f7eb0bf0711b4b2.png","0","0","0.9998168945297244","0","65524","12","0","ConvNeXt Satellite"
"qc_72_110","media/images/f49e17eadb66085b66f1.png","media/images/19c15e57b719e03572a3.png","media/images/8035fd7ae1a989063844.png","0","0","0.9999999999984741","0","65536","0","0","ConvNeXt Satellite"
"qc_34_100","media/images/fdc6535fc18a1ff2f339.png","media/images/502c1550d353152d6f53.png","media/images/f4f8abe765b4dee80c35.png","0","0","0.9999999999984741","0","65536","0","0","ConvNeXt Satellite"
"qc_73_144","media/images/02d4348e34e45d0abf6d.png","media/images/fb500127c2872421fd49.png","media/images/708f221b2829a1fa2e25.png","0","0","0.9999999999984741","0","65536","0","0","ConvNeXt Satellite"
"qc_57_39","media/images/23e71a3648f96506deb2.png","media/images/58c318f7b4f6685f079f.png","media/images/defa4516336549748fbd.png","0","0","0.9999999999984741","0","65536","0","0","ConvNeXt Satellite"
"qc_55_40","media/images/bbc6ee69d47861a32397.png","media/images/72c33b4b08cafa717323.png","media/images/87c8c4c5374ddcf7ac36.png","0","0","0.9999999999984741","0","65536","0","0","ConvNeXt Satellite"
"qc_60_93","media/images/8e6fc45961630dfcea67.png","media/images/bedb0f45442833fa657e.png","media/images/62eb4ae0ff38d1003779.png","0","0","0.9999999999984741","0","65536","0","0","ConvNeXt Satellite"
"qc_91_20","media/images/444fc3a990b68c33f2b6.png","media/images/9ab708a4effdbf875b50.png","media/images/0b8ebda459e297fb5ba8.png","0","0","0.9999999999984741","0","65536","0","0","ConvNeXt Satellite"
"qc_65_58","media/images/7023cf832323f8d602d5.png","media/images/2a3d8d887ac91e58f76d.png","media/images/4e1e9562600318bd4d4f.png","0.513108614210857","0.6782177765059828","0.9821472167953763","1233","63133","24","1146","ConvNeXt Satellite"
"qc_66_136","media/images/25eef04caeb770788c4f.png","media/images/0073099be96aa4e8d4d0.png","media/images/d1c8d9f336ec20f02ab4.png","0","0","0.9985961914047262","0","65444","92","0","ConvNeXt Satellite"
"qc_49_128","media/images/0a2513e4859189b804e1.png","media/images/862d7548681f4dc355c3.png","media/images/65c2f6816172249279a2.png","0","0","0.9999999999984741","0","65536","0","0","ConvNeXt Satellite"
"qc_64_37","media/images/b41654fe19fb49800abf.png","media/images/0971014afb1560880c6e.png","media/images/d496d881f9fedc7b746c.png","0","0","0.9999999999984741","0","65536","0","0","ConvNeXt Satellite"
"qc_87_38","media/images/924584629ac8d6038d88.png","media/images/9ab708a4effdbf875b50.png","media/images/0b8ebda459e297fb5ba8.png","0","0","0.9999999999984741","0","65536","0","0","ConvNeXt Satellite"
"qc_52_30","media/images/1fb1c9a3e96037402726.png","media/images/167852cd48bdd7decd80.png","media/images/92ad4541a0f9caa3343e.png","0","0","0.9999999999984741","0","65536","0","0","ConvNeXt Satellite"
"qc_40_73","media/images/fe368b6114ea6dd43f0d.png","media/images/66a3be71ecc3cca57ffa.png","media/images/ea3f421b87697c83ac75.png","0","0","0.9999999999984741","0","65536","0","0","ConvNeXt Satellite"
"qc_19_107","media/images/2f0d30af0c07d7834476.png","media/images/4d7dda07176f785757d2.png","media/images/66e256ab969ceaf78839.png","0","0","0.9999999999984741","0","65536","0","0","ConvNeXt Satellite"
"qc_60_114","media/images/0a013246fb8ed4b806e9.png","media/images/35198a2952312ec003fe.png","media/images/5254b5aff18445a62e6e.png","0","0","0.9999999999984741","0","65536","0","0","ConvNeXt Satellite"
"qc_33_97","media/images/9b626f3c8fb4d7114305.png","media/images/4b7d4d479b1cdfc5a69d.png","media/images/e00a1e66c5578ff3f80f.png","0","0","0.9999999999984741","0","65536","0","0","ConvNeXt Satellite"
"qc_48_124","media/images/70be1a0bd1463102fa6b.png","media/images/a18a2b42da8ff81246a7.png","media/images/171897c7cedad0ea8a14.png","0","0","0.9999999999984741","0","65536","0","0","ConvNeXt Satellite"
"qc_82_97","media/images/a2effac4055c1e8d8334.png","media/images/71dfdf9cffba754daa4e.png","media/images/26e6874aa258d5838956.png","0","0","0.9999999999984741","0","65536","0","0","ConvNeXt Satellite"
"qc_62_45","media/images/8bbb74a170917ade4dc5.png","media/images/d42daac841565206c0ed.png","media/images/7b78aff864427fe6d0ff.png","0","0","0.9999999999984741","0","65536","0","0","ConvNeXt Satellite"
"qc_90_40","media/images/3c2e8192027770944d4e.png","media/images/9ab708a4effdbf875b50.png","media/images/0b8ebda459e297fb5ba8.png","0","0","0.9999999999984741","0","65536","0","0","ConvNeXt Satellite"
"qc_78_37","media/images/f2010ae8cb5f2acd5e48.png","media/images/9ab708a4effdbf875b50.png","media/images/0b8ebda459e297fb5ba8.png","0","0","0.9999999999984741","0","65536","0","0","ConvNeXt Satellite"
"qc_69_101","media/images/dc1ee74033e1c69ae539.png","media/images/a0afc7ffedc9986ef323.png","media/images/92a8dbbd95176406810c.png","0","0","0.9999999999984741","0","65536","0","0","ConvNeXt Satellite"
"qc_3_122","media/images/7d9b0699c820107ce9f5.png","media/images/5ed780811f2ffed91b24.png","media/images/6545113f340d681a37cc.png","0","0","0.9999999999984741","0","65536","0","0","ConvNeXt Satellite"
"qc_62_122","media/images/85666d7a3aedf4d3d840.png","media/images/381e0193a51b69ceb6e6.png","media/images/c7e9de9e344f72fa7393.png","0","0","0.9496765136704259","0","62238","3298","0","ConvNeXt Satellite"
"qc_71_76","media/images/6c9ddbb9ea898a4ca9f5.png","media/images/b25cac3c93e9c9473a0e.png","media/images/e013f00e5cf3bb82f063.png","0","0","0.9999999999984741","0","65536","0","0","ConvNeXt Satellite"
"qc_17_134","media/images/de36609d7c77f643d10f.png","media/images/e63901ef9098ffe986fc.png","media/images/d9581fa694934a18091e.png","0","0","0.9999999999984741","0","65536","0","0","ConvNeXt Satellite"
"qc_48_40","media/images/0af776b83500aa34027f.png","media/images/1c30425a8436caf5b489.png","media/images/d713bee36bc51588aec9.png","0","0","0.9999999999984741","0","65536","0","0","ConvNeXt Satellite"
"qc_65_116","media/images/dbb97c1c2b15da316d67.png","media/images/531fadc9fa38a3fce4a7.png","media/images/3219e13a305084be906e.png","0.8856948252660967","0.9393829440483068","0.900131225584564","50714","8277","6263","282","ConvNeXt Satellite"
"qc_76_154","media/images/b0c36ff8ea7af51d818c.png","media/images/7f9a0981e60cf42e3445.png","media/images/ec52eddb84fefe565d25.png","0","0","0.9999999999984741","0","65536","0","0","ConvNeXt Satellite"
"qc_45_123","media/images/101c10f0f724189ccebb.png","media/images/746285f61d2e1bada38a.png","media/images/cb39f757a70812b8720d.png","0","0","0.9999999999984741","0","65536","0","0","ConvNeXt Satellite"
"qc_92_81","media/images/0bf28008cc626828c234.png","media/images/18795da1c44d103bec33.png","media/images/847a4ca900b8a3597950.png","0.6132220555127283","0.7602450196231838","0.6853179931630168","32697","12216","18448","2175","ConvNeXt Satellite"
"qc_90_20","media/images/0499df9cbbd2b8615399.png","media/images/9ab708a4effdbf875b50.png","media/images/0b8ebda459e297fb5ba8.png","0","0","0.9999999999984741","0","65536","0","0","ConvNeXt Satellite"
"qc_33_118","media/images/7a2913fa4c02e955d07a.png","media/images/d49cff946f1b8111870e.png","media/images/4f6c417944fd82bb4620.png","0","0","0.9999999999984741","0","65536","0","0","ConvNeXt Satellite"
"qc_20_142","media/images/1a9e72a670711b1d8355.png","media/images/8977e54fa93f8a3fc13d.png","media/images/51a66713a743cef6548d.png","0","0","0.9999999999984741","0","65536","0","0","ConvNeXt Satellite"
"qc_33_95","media/images/c64fc59f66bd3855dd58.png","media/images/ab2e20f1d6d8a2069f04.png","media/images/e7e3f71c8b5d802d2622.png","0","0","0.9999999999984741","0","65536","0","0","ConvNeXt Satellite"
"qc_74_47","media/images/bc35476cf19469b5abf7.png","media/images/9ab708a4effdbf875b50.png","media/images/0b8ebda459e297fb5ba8.png","0","0","0.9999999999984741","0","65536","0","0","ConvNeXt Satellite"
"qc_45_30","media/images/27aa18621ae45ce34acd.png","media/images/1c1aaafa4749d472a9c5.png","media/images/0880d320187adf427f97.png","0","0","0.9999999999984741","0","65536","0","0","ConvNeXt Satellite"
"qc_6_106","media/images/3006a693ba17c12f7691.png","media/images/3502631b38afabf3e2f5.png","media/images/631659985854ba61622d.png","0","0","0.9999999999984741","0","65536","0","0","ConvNeXt Satellite"
"qc_78_76","media/images/9795ac113e9fb9e13ad6.png","media/images/6bee5df6f3d32aae113e.png","media/images/9f42098b9d7efb31e5d7.png","0.1688422247422128","0.28890503095687114","0.9106140136704856","1190","58488","1397","4461","ConvNeXt Satellite"
"qc_25_56","media/images/7683eb1dba7f8bc74f50.png","media/images/f9b99a528a726ff402a4.png","media/images/a571dae8bd8e151c5937.png","0","0","0.9963836669906672","0","65299","237","0","ConvNeXt Satellite"
"qc_63_124","media/images/e0884bf3b074a855c5a4.png","media/images/79f6a1757c872af72e31.png","media/images/796118dc3020fbf592c0.png","0","0","0.9999999999984741","0","65536","0","0","ConvNeXt Satellite"
"qc_106_62","media/images/48bc1dd67844242de99e.png","media/images/7ac19444656e463aaeb7.png","media/images/9612869ab3ddde9a4aec.png","0.4310739792451753","0.6024481657800882","0.8711547851549207","6398","50694","7534","910","ConvNeXt Satellite"
"qc_105_54","media/images/43341f68fc5d6bc2d948.png","media/images/9ab708a4effdbf875b50.png","media/images/0b8ebda459e297fb5ba8.png","0","0","0.9999999999984741","0","65536","0","0","ConvNeXt Satellite"
"qc_11_135","media/images/a5217267d01fb2842878.png","media/images/01e6e22c27f608636dd3.png","media/images/d53584f646ad1c8148be.png","0","0","0.9999999999984741","0","65536","0","0","ConvNeXt Satellite"
"qc_87_78","media/images/01d227cc120bdee51850.png","media/images/1219b96a3b6efe09cd97.png","media/images/951e7045b81f0558f7ec.png","0","0","0.5622253417960171","0","36846","28690","0","ConvNeXt Satellite"
"qc_102_49","media/images/eda807c81c078636a4bc.png","media/images/9a2ace5d13e969d0859f.png","media/images/16a7fc3a32f7b6083dc8.png","0.3862529832928186","0.5572618545824629","0.50950622558516","20230","13161","30612","1533","ConvNeXt Satellite"
"qc_75_27","media/images/961a8405d67dad406826.png","media/images/8f4e390c6e6671bd8968.png","media/images/0b8ebda459e297fb5ba8.png","0","0","0.9999999999984741","0","65536","0","0","ConvNeXt Satellite"
"qc_33_88","media/images/11f8b24fae9068758a6f.png","media/images/affc701f59afb4bf6676.png","media/images/94a9a92be2a8213d0535.png","0","0","0.9999999999984741","0","65536","0","0","ConvNeXt Satellite"
"qc_75_87","media/images/ebafffcddff5da571c86.png","media/images/493b5efb51e441836165.png","media/images/b15ea1da964332398d31.png","0","0","0.9947814941391071","0","65194","342","0","ConvNeXt Satellite"
"qc_31_54","media/images/8f184e9c6611415f53d1.png","media/images/238670659a2132cd6293.png","media/images/6d0e9cc65839a119b77a.png","0","0","0.9999999999984741","0","65536","0","0","ConvNeXt Satellite"
"qc_111_12","media/images/6a3251848b21e19ac009.png","media/images/9ab708a4effdbf875b50.png","media/images/0b8ebda459e297fb5ba8.png","0","0","0.9999999999984741","0","65536","0","0","ConvNeXt Satellite"
"qc_75_119","media/images/00c21aa9a830c64470e3.png","media/images/83d6741ad05a40ee4c8d.png","media/images/9e19c34054d1b088eb3f.png","0","0","0.9999999999984741","0","65536","0","0","ConvNeXt Satellite"
"qc_68_114","media/images/8cbe1f5bf5ce8b936189.png","media/images/80ba86ddbc31980e797c.png","media/images/3767186524f6ebb4231c.png","0.037337662336652123","0.07198747339802712","0.9457092285141819","138","61840","2","3556","ConvNeXt Satellite"
"qc_79_26","media/images/e0732a623586949066d9.png","media/images/9ab708a4effdbf875b50.png","media/images/0b8ebda459e297fb5ba8.png","0","0","0.9999999999984741","0","65536","0","0","ConvNeXt Satellite"
"qc_8_125","media/images/6a9912fbcc275db79523.png","media/images/36bd25c6c6503266528d.png","media/images/16bd610e442918987476.png","0","0","0.9999999999984741","0","65536","0","0","ConvNeXt Satellite"
"qc_36_67","media/images/dd7ffa62ccad396f65ff.png","media/images/030eaa17261fdcaa3bea.png","media/images/601bb6f0238dc18d9b86.png","0","0","0.8099822998034516","0","53083","12453","0","ConvNeXt Satellite"
"qc_26_51","media/images/96eb831d59bd5c334e77.png","media/images/31514c69e1a0cd5e84ab.png","media/images/6e7a9dae056f7c0648c5.png","0","0","0.9999999999984741","0","65536","0","0","ConvNeXt Satellite"
"qc_72_148","media/images/691b6c9778864bc6c4af.png","media/images/471d1e77af2acb401f04.png","media/images/ff800cbb02dc748157a1.png","0","0","0.9999999999984741","0","65536","0","0","ConvNeXt Satellite"
"qc_32_113","media/images/e612ca710b2167cba73b.png","media/images/024f3c449728cc186387.png","media/images/508e5c40db89f120c064.png","0","0","0.9999999999984741","0","65536","0","0","ConvNeXt Satellite"
"qc_101_34","media/images/de85d639c4bfa23ababa.png","media/images/9ab708a4effdbf875b50.png","media/images/0b8ebda459e297fb5ba8.png","0","0","0.9999999999984741","0","65536","0","0","ConvNeXt Satellite"
"qc_64_73","media/images/8b3a56ecdab6424d19fc.png","media/images/d57c7e8fc605a5d9ec0b.png","media/images/4708ea062343612a77d1.png","0","0","0.9999999999984741","0","65536","0","0","ConvNeXt Satellite"
"qc_17_131","media/images/581dabc5d2dd1f8bd77e.png","media/images/4d5b92c46448d531a14f.png","media/images/ebcf176d7ef4bf2c4af5.png","0","0","0.9170379638657882","0","60099","4676","761","ConvNeXt Satellite"
"qc_43_30","media/images/c901fedca8ef6c8a710a.png","media/images/05f576760017f7eecca8.png","media/images/4ead5d00100db286ce7f.png","0","0","0.9999999999984741","0","65536","0","0","ConvNeXt Satellite"
"qc_87_71","media/images/7eb5c12e621269eb1aa8.png","media/images/3b688d32419dee233dac.png","media/images/ec0e5de6c8d1699791c1.png","0","0","0.14236450195290776","0","9330","56206","0","ConvNeXt Satellite"
"qc_115_45","media/images/28199a3d39596ebf4435.png","media/images/9ab708a4effdbf875b50.png","media/images/0b8ebda459e297fb5ba8.png","0","0","0.9999999999984741","0","65536","0","0","ConvNeXt Satellite"
"qc_40_127","media/images/1c8943ca6071812c65cf.png","media/images/6a12687fa0aeec058bb2.png","media/images/b0ad3aee3db35f048a8f.png","0","0","0.9999999999984741","0","65536","0","0","ConvNeXt Satellite"
"qc_64_86","media/images/effafc0165cffd9d0f12.png","media/images/02b3ebe369cdf08cfdd7.png","media/images/02a3639b725c23994336.png","0.10167142500734076","0.18457663959297596","0.5054779052726662","3668","29459","5962","26447","ConvNeXt Satellite"
"qc_88_39","media/images/7820a6948b98003ba8e9.png","media/images/9ab708a4effdbf875b50.png","media/images/0b8ebda459e297fb5ba8.png","0","0","0.9999999999984741","0","65536","0","0","ConvNeXt Satellite"
"qc_18_139","media/images/26bf6d3a77bf8afd3c8e.png","media/images/f2e6885a31c45a10d385.png","media/images/6dbe7547f1bf4e39085e.png","0","0","0.997055053709416","0","65343","0","193","ConvNeXt Satellite"
"qc_67_66","media/images/6f7a5ccd25931a224b99.png","media/images/5acdba9a5524d06c6b8a.png","media/images/de078ffdb256822f940d.png","0","0","0.9999999999984741","0","65536","0","0","ConvNeXt Satellite"
"qc_89_78","media/images/97eda0309c0590532179.png","media/images/5fbc2668b9bdec5d4ec8.png","media/images/50bc3c02b06d1a36761a.png","0","0","0.998748779295351","0","65454","0","82","ConvNeXt Satellite"
"qc_52_138","media/images/aedad2823d296559688e.png","media/images/0aaebaf995d3e4d1c538.png","media/images/c4cabf36c73fff91c191.png","0.8302085830696225","0.9072283291644075","0.9459686279282441","17314","44681","2698","843","ConvNeXt Satellite"
"qc_55_122","media/images/2457356a6025126ca357.png","media/images/88c835c8b0cd24c9fda6.png","media/images/f3153d6b4bb18e90f7be.png","0","0","0.9999999999984741","0","65536","0","0","ConvNeXt Satellite"
"qc_97_43","media/images/ba09f1cdc2f180d80921.png","media/images/9ab708a4effdbf875b50.png","media/images/0b8ebda459e297fb5ba8.png","0","0","0.9999999999984741","0","65536","0","0","ConvNeXt Satellite"
"qc_73_84","media/images/f7050261182b8553e06c.png","media/images/2f5855b55dadfd5cbee7.png","media/images/08e9ebd35759748042ed.png","0","0","0.9944305419906702","0","65171","0","365","ConvNeXt Satellite"
"qc_14_107","media/images/3ed2da8e7fb49b02c92d.png","media/images/ce8f390fb1b0446ab682.png","media/images/60e8efed84efe64d58e6.png","0.5486296006178758","0.708535551211513","0.9560241699204162","3503","59151","331","2551","ConvNeXt Satellite"
"qc_50_106","media/images/32fd60c8ea87c27c9b19.png","media/images/c2181e16978d343c16eb.png","media/images/fcfa3e414b2a8d213deb.png","0","0","0.9999999999984741","0","65536","0","0","ConvNeXt Satellite"
"qc_46_55","media/images/cd21e214f1c50b742052.png","media/images/ef38ee5032fd97bd7404.png","media/images/8d866a9d3ef13f32a966.png","0.41073787506883025","0.582302137140997","0.8094177246081399","8706","44340","6276","6214","ConvNeXt Satellite"
"qc_72_58","media/images/d602777d9124bbf3bd84.png","media/images/b037cfe537b9578dd68a.png","media/images/7cb5570e3dc911711b7f.png","0","0","0.9999999999984741","0","65536","0","0","ConvNeXt Satellite"
"qc_32_125","media/images/720d5289b752dc99388d.png","media/images/aa11569c8b9a388e7c63.png","media/images/a9a67ebedd25f3a8234b.png","0","0","0.9999999999984741","0","65536","0","0","ConvNeXt Satellite"
"qc_15_135","media/images/10822d0263fe605a1493.png","media/images/722280e089b7eb201735.png","media/images/c0fa8e206e13c2fd49bf.png","0","0","0.9999999999984741","0","65536","0","0","ConvNeXt Satellite"
"qc_74_154","media/images/1fc8c04861ad0f611ecf.png","media/images/0671a00cef5025017f00.png","media/images/8e6aa13ad876de50d540.png","0","0","0.9999999999984741","0","65536","0","0","ConvNeXt Satellite"
"qc_34_103","media/images/e050bf4e0a016b6bdeb7.png","media/images/ef31c488207d9c70a91b.png","media/images/bfb485882e6916bcdc43.png","0","0","0.9999999999984741","0","65536","0","0","ConvNeXt Satellite"
"qc_77_88","media/images/23cc85eb9ad181a3f9b7.png","media/images/a41f15cb304993b742b1.png","media/images/0223bc15cd37be64757a.png","0","0","0.9999999999984741","0","65536","0","0","ConvNeXt Satellite"
"qc_46_116","media/images/147bbf6c7fa5c94be44a.png","media/images/2e26aa079e4c084df19a.png","media/images/c7d429b18e412d12160e.png","0.9126562710011","0.9543337577929062","0.9603424072250971","27157","35780","2240","359","ConvNeXt Satellite"
"qc_54_40","media/images/77e5a94123a1eca7832c.png","media/images/0794eb35875e1409e36f.png","media/images/0e268539d09c925dc792.png","0","0","0.9999999999984741","0","65536","0","0","ConvNeXt Satellite"
"qc_13_135","media/images/82d881f3541e386e7fd1.png","media/images/787ba34546c3d2f3b589.png","media/images/113004a12168fc7de418.png","0","0","0.9999999999984741","0","65536","0","0","ConvNeXt Satellite"
"qc_15_101","media/images/2f45f831534e8408b7d4.png","media/images/a7753745012b24926ef0.png","media/images/95281fc7482a826698fe.png","0","0","0.9999999999984741","0","65536","0","0","ConvNeXt Satellite"
"qc_26_139","media/images/6ae172edeebe71cc22af.png","media/images/25d6012c6a868ec45b2e.png","media/images/bfc7c4498b4c44f86a7b.png","0","0","0.9999999999984741","0","65536","0","0","ConvNeXt Satellite"
"qc_14_109","media/images/f16f6609b4983426be45.png","media/images/f0d2bac51ef92fdc5cf5.png","media/images/e815fb0f4fc0fb85c2e9.png","0","0","0.9435882568344977","0","61839","3697","0","ConvNeXt Satellite"
"qc_4_119","media/images/e315e81772d68b5e3b77.png","media/images/6ba4d6c2295004fa826b.png","media/images/19eb70ce7b13545bcbbb.png","0","0","0.9999999999984741","0","65536","0","0","ConvNeXt Satellite"
"qc_25_66","media/images/ff1dd9cec5b1dbcd1772.png","media/images/3563f58011e252248964.png","media/images/fbc57dead4177356174c.png","0","0","0.9999999999984741","0","65536","0","0","ConvNeXt Satellite"
"qc_77_104","media/images/bb7e71b3118bb6fafd69.png","media/images/d8b96bc04c82283621e4.png","media/images/b958d8af84011713ab24.png","0","0","0.9999999999984741","0","65536","0","0","ConvNeXt Satellite"
"qc_30_108","media/images/a79a3e76148fb19ec8cf.png","media/images/57f330e2f1588817a46a.png","media/images/20231b6d225d581b6404.png","0","0","0.9999999999984741","0","65536","0","0","ConvNeXt Satellite"
"qc_59_64","media/images/33da47afb477cccb7bab.png","media/images/e171c3bf69336e88783f.png","media/images/2f733463e1b29aae7988.png","0","0","0.9999999999984741","0","65536","0","0","ConvNeXt Satellite"
"qc_104_43","media/images/392a5f917af579bc0842.png","media/images/7120e154a0f35e254b2f.png","media/images/0b8ebda459e297fb5ba8.png","0","0","0.9999999999984741","0","65536","0","0","ConvNeXt Satellite"
"qc_21_49","media/images/0ad0438241faa23c60e0.png","media/images/9ab708a4effdbf875b50.png","media/images/0b8ebda459e297fb5ba8.png","0","0","0.9999999999984741","0","65536","0","0","ConvNeXt Satellite"
"qc_3_118","media/images/ede787632d92eeddbbba.png","media/images/2775a07484844d00058b.png","media/images/5728f89d86c5b4b82bb0.png","0.7028687533225152","0.8255113136405904","0.9062805175767421","14529","44865","2836","3306","ConvNeXt Satellite"
"qc_72_155","media/images/fcca2621b8251c39c36a.png","media/images/86da5136eac78d970cea.png","media/images/6cd0db40ed6c41a4d093.png","0","0","0.9999999999984741","0","65536","0","0","ConvNeXt Satellite"
"qc_95_21","media/images/5f70226029b4c75a41d7.png","media/images/9ab708a4effdbf875b50.png","media/images/0b8ebda459e297fb5ba8.png","0","0","0.9999999999984741","0","65536","0","0","ConvNeXt Satellite"
"qc_30_74","media/images/b7e6b7bf029d14c7112a.png","media/images/50f11d56fc7be91e181e.png","media/images/422d3df1c0266de4029c.png","0","0","0.9999999999984741","0","65536","0","0","ConvNeXt Satellite"
"qc_84_149","media/images/1c3b766d9582ff2b0d7f.png","media/images/5883cfa14d1284cb7084.png","media/images/70e71e5f3e279d77c4e5.png","0","0","0.9999999999984741","0","65536","0","0","ConvNeXt Satellite"
"qc_10_117","media/images/9bc0ae5d31297b1c1aeb.png","media/images/a12de654ada33923231a.png","media/images/e406798e80862f7e9b6f.png","0","0","0.9999999999984741","0","65536","0","0","ConvNeXt Satellite"
"qc_76_117","media/images/aba3a84f0ab6aa16fc7d.png","media/images/3f33785fea862399713e.png","media/images/49c7e60d255bcc6e600c.png","0","0","0.9999999999984741","0","65536","0","0","ConvNeXt Satellite"
"qc_41_50","media/images/84478e154de8f129c7a8.png","media/images/d08eeb22e8615c2b4fbf.png","media/images/0a1a53f21f1ee1c1a1f5.png","0.2137517385238721","0.3522165241051117","0.8619842529283722","2459","54032","5825","3220","ConvNeXt Satellite"
"qc_90_34","media/images/1220cd38eb18d19082df.png","media/images/9ab708a4effdbf875b50.png","media/images/0b8ebda459e297fb5ba8.png","0","0","0.9999999999984741","0","65536","0","0","ConvNeXt Satellite"
"qc_62_81","media/images/f6392c1bae6bf8cf697f.png","media/images/7070918ca3cfb6ef4748.png","media/images/6e25cd46a65c7c5dc84d.png","0","0","0.998138427732852","0","65414","122","0","ConvNeXt Satellite"
"qc_68_128","media/images/bc2b7e7d95d7cb461010.png","media/images/853841d5a6c090d26274.png","media/images/8b663a1e2a60eb36efb1.png","0","0","0.9999999999984741","0","65536","0","0","ConvNeXt Satellite"
"qc_95_59","media/images/948dd3e16bf74b6006ad.png","media/images/b2a294de9869bd7d7730.png","media/images/dd37bbaeb06c95239d36.png","0.579882429780667","0.734082966374222","0.9018554687486239","8878","50226","3374","3058","ConvNeXt Satellite"
"qc_44_111","media/images/a8804e16acbc68121e36.png","media/images/80bdd13ac7dc5264ecb7.png","media/images/2206476a865b9259a39c.png","0.7458522263325066","0.8544276225602027","0.7767791748035022","42932","7975","14359","270","ConvNeXt Satellite"
"qc_114_48","media/images/7f6cff4152265a820761.png","media/images/9ab708a4effdbf875b50.png","media/images/0b8ebda459e297fb5ba8.png","0","0","0.9999999999984741","0","65536","0","0","ConvNeXt Satellite"
"qc_83_78","media/images/1c6d7704fbd6f27744f6.png","media/images/45b422d796d9279fefa6.png","media/images/a423097dc8eb0c5b5d07.png","0","0","0.6464996337880761","0","42369","23167","0","ConvNeXt Satellite"
"qc_68_55","media/images/fe878c2628b704d622ca.png","media/images/31d33eedfb13616311a5.png","media/images/557f0fa66023107b8c39.png","0","0","0.9999999999984741","0","65536","0","0","ConvNeXt Satellite"
"qc_13_125","media/images/eb99dad79657d3515009.png","media/images/edc7ae6826a5e16ee7a8.png","media/images/a7d74a1d4a3446de76ac.png","0","0","0.9803771972641291","0","64250","1286","0","ConvNeXt Satellite"
"qc_13_94","media/images/264eea839b01730d70a9.png","media/images/58bbd65db61277e19056.png","media/images/c82d33acfefd2c1ee9cc.png","0","0","0.9999999999984741","0","65536","0","0","ConvNeXt Satellite"
"qc_53_114","media/images/5fccf7c34515daa98bf9.png","media/images/69c8ca2a8b25a301fac4.png","media/images/de108a54173a71cf8aa0.png","0","0","0.9987335205062885","0","65453","83","0","ConvNeXt Satellite"
"qc_97_77","media/images/5142443f8442d529987d.png","media/images/291cc4f38a246d18a0fc.png","media/images/8c664e434cb97eb8f158.png","0.5178378378356846","0.6823361325991391","0.8230590820299941","12454","41486","7131","4465","ConvNeXt Satellite"
"qc_56_101","media/images/1221fb67ea3a84f9786f.png","media/images/7c67f9df1473d023e24d.png","media/images/bfea2eb40531451bfe65.png","0","0","0.9999999999984741","0","65536","0","0","ConvNeXt Satellite"
"qc_44_75","media/images/b4e95cf1e6001f415f77.png","media/images/a301433e3fc676fb6fd1.png","media/images/825157c672cea2c264d5.png","0","0","0.7644042968738336","0","50096","15440","0","ConvNeXt Satellite"
"qc_77_32","media/images/68c4e53ebae7104a4cbb.png","media/images/9ab708a4effdbf875b50.png","media/images/0b8ebda459e297fb5ba8.png","0","0","0.9999999999984741","0","65536","0","0","ConvNeXt Satellite"
"qc_87_32","media/images/6209e9bb39f928c1f245.png","media/images/9ab708a4effdbf875b50.png","media/images/0b8ebda459e297fb5ba8.png","0","0","0.9999999999984741","0","65536","0","0","ConvNeXt Satellite"
"qc_37_68","media/images/23248bdf519e3ace427a.png","media/images/c02f4cd1e306a6095d4e.png","media/images/c25c819174d683ccc586.png","0","0","0.9999999999984741","0","65536","0","0","ConvNeXt Satellite"
"qc_79_73","media/images/678bec679c27bd67f51e.png","media/images/32d0af3d38040f25099e.png","media/images/44f849fdfd6aa06cf93e.png","0","0","0.7439270019519898","0","48754","16782","0","ConvNeXt Satellite"
"qc_68_65","media/images/2c6dce17346c4bc0b9ad.png","media/images/98dd7f7608c661fba49e.png","media/images/b7fe0392740296f728ab.png","0","0","0.9999999999984741","0","65536","0","0","ConvNeXt Satellite"
"qc_75_53","media/images/56a51d0ddcb29bad8b8e.png","media/images/9ab708a4effdbf875b50.png","media/images/0b8ebda459e297fb5ba8.png","0","0","0.9999999999984741","0","65536","0","0","ConvNeXt Satellite"
"qc_52_133","media/images/f022910ebdbd2c9c4599.png","media/images/5105f35aed5a4403285d.png","media/images/ae351bc9e43f1b2f9f84.png","0","0","0.9999999999984741","0","65536","0","0","ConvNeXt Satellite"
"qc_40_102","media/images/2d09698ab1301f7ff6f1.png","media/images/6f19035c7cc6be06b0f8.png","media/images/00a06eed62554efb641a.png","0","0","0.9999999999984741","0","65536","0","0","ConvNeXt Satellite"
"qc_72_51","media/images/ac3bac7aa2c89785b36a.png","media/images/9ab708a4effdbf875b50.png","media/images/0b8ebda459e297fb5ba8.png","0","0","0.9999999999984741","0","65536","0","0","ConvNeXt Satellite"
"qc_48_98","media/images/2c2c70521645add24911.png","media/images/65d827f106ebd7d9228c.png","media/images/6da72a666d35d96840d7.png","0.6469071254448601","0.7856023887198412","0.6949768066395645","36624","8922","19194","796","ConvNeXt Satellite"
"qc_74_139","media/images/9ad1ab5b7c82ce5b7127.png","media/images/f621ee19916276dc47fc.png","media/images/cb0517868ef258219de8.png","0","0","0.9999999999984741","0","65536","0","0","ConvNeXt Satellite"
"qc_33_43","media/images/a8365a14dfdd18d9e589.png","media/images/0e218439e9d26405ad5d.png","media/images/8ed15d627b9bf2d1b14e.png","0","0","0.9999999999984741","0","65536","0","0","ConvNeXt Satellite"
"qc_55_106","media/images/e427a57f15008a337a8e.png","media/images/658e337e7c9dcafa3a9e.png","media/images/e140ea774e17ddd49437.png","0.19746861493931395","0.3298100595461387","0.8809967041002182","1919","55818","125","7674","ConvNeXt Satellite"
"qc_48_138","media/images/2481773136f3c8efe423.png","media/images/9b781cbcacb566eb229c.png","media/images/7831630322b0ba4fdd85.png","0","0","0.9999999999984741","0","65536","0","0","ConvNeXt Satellite"
"qc_32_140","media/images/21d8017a3b9333173279.png","media/images/5e16cb5e700b695cc16d.png","media/images/fb40194a9d8d69ef127b.png","0","0","0.9999999999984741","0","65536","0","0","ConvNeXt Satellite"
"qc_65_135","media/images/c79104d2d184dfa9b1fe.png","media/images/86bf4e78be42f16da811.png","media/images/70638729f3ea93a3564c.png","0","0","0.9999999999984741","0","65536","0","0","ConvNeXt Satellite"
"qc_70_70","media/images/637d15a146a99cbccfec.png","media/images/49118bb30feb190ad42c.png","media/images/1c4d940191a9356e5762.png","0.17074090840468775","0.29168006658225526","0.32916259765574774","9052","12520","43385","579","ConvNeXt Satellite"
"qc_59_123","media/images/9553b9f5a327672df335.png","media/images/c0beb5b638f36bd9d1d7.png","media/images/2153233405dae9341a8e.png","0","0","0.9999999999984741","0","65536","0","0","ConvNeXt Satellite"
"qc_23_123","media/images/c4b7b35a6e1d57d92151.png","media/images/a8b78e139e66c7ff3fb7.png","media/images/b2526bcc683d65dfe1ac.png","0","0","0.9999999999984741","0","65536","0","0","ConvNeXt Satellite"
"qc_73_134","media/images/cf92b098444785847cad.png","media/images/69d3d1e36789e19cb34e.png","media/images/7e6db41130ffbcfaf60b.png","0","0","0.9999999999984741","0","65536","0","0","ConvNeXt Satellite"
"qc_45_50","media/images/2069833017828633b0fd.png","media/images/02d42cbe974b586ce2f4.png","media/images/cd78684c5b366c2fa90e.png","0.7456156716348357","0.8542723818738887","0.9583892822251001","7993","54816","2655","72","ConvNeXt Satellite"
"qc_57_106","media/images/e4e755dae1a0a710296f.png","media/images/e29923f0843f078a6903.png","media/images/91ced415811dd81ff73f.png","0.7606302611671321","0.8640431033643691","0.898468017576754","21144","37738","1604","5050","ConvNeXt Satellite"
"qc_88_84","media/images/221379e178aade355cac.png","media/images/496a2e1acde7ad0fa594.png","media/images/e3f701ee9096312d0df1.png","0","0","0.9999999999984741","0","65536","0","0","ConvNeXt Satellite"
"qc_57_62","media/images/8ec9f2ae21504e2204b0.png","media/images/3600e24aa0521b43661c.png","media/images/7d5530a57b30bba7908f.png","0","0","0.9999999999984741","0","65536","0","0","ConvNeXt Satellite"
"qc_70_58","media/images/76b9175ada42c0898405.png","media/images/c7d91ae30a92a3c8143e.png","media/images/f43cb1539daf7ffbb0ce.png","0.6928158295260493","0.8185365179359011","0.8460235595690215","22759","32686","6391","3700","ConvNeXt Satellite"
"qc_46_73","media/images/4c2c376b8f3447080259.png","media/images/91d16a4e73caa5b4fc2f.png","media/images/31551f03541d5b44925f.png","0","0","0.9999389648422242","0","65532","4","0","ConvNeXt Satellite"
"qc_21_90","media/images/077ef42f137d82515f2a.png","media/images/4f3386b7896b2253b6f4.png","media/images/d78a4aa02196ffe0c185.png","0","0","0.9999999999984741","0","65536","0","0","ConvNeXt Satellite"
"qc_11_126","media/images/97bc59eabd7e6d2934ee.png","media/images/186c82a4e5224177877e.png","media/images/40fcaba0ae10c32d55e5.png","0","0","0.9999999999984741","0","65536","0","0","ConvNeXt Satellite"
"qc_60_107","media/images/33380abd4041685c1483.png","media/images/92ff29ab7b4fa8327fdc.png","media/images/6c43963dc7f74709d619.png","0.5577095904409076","0.7160635807028087","0.9474334716782418","4344","57747","341","3104","ConvNeXt Satellite"
"qc_45_81","media/images/4c193070b29085277afb.png","media/images/bcda3ca7b054a0d369de.png","media/images/aed77c88d8b18811c04b.png","0","0","0.9933166503891093","0","65098","438","0","ConvNeXt Satellite"
"qc_30_66","media/images/7109f6276e0e2bfa199c.png","media/images/f76014d7e7ea7407b4c0.png","media/images/54f8a21686657c1da86a.png","0","0","0.9999999999984741","0","65536","0","0","ConvNeXt Satellite"
"qc_51_69","media/images/b8a8958f3927cf8754b4.png","media/images/f1ace5c802224ff06a1d.png","media/images/74b4a35b75ad3d11a807.png","0","0","0.9999999999984741","0","65536","0","0","ConvNeXt Satellite"
"qc_82_102","media/images/7d9dfda32faae7c1d5c0.png","media/images/c81a134d3d8b1796a942.png","media/images/16618947c4b6db9eee1f.png","0.0033277870214921887","0.006633498509112869","0.9634399414047798","8","63132","0","2396","ConvNeXt Satellite"
"qc_86_68","media/images/42b5ae97d7524d593257.png","media/images/3cf34c2360ec99ef93d4.png","media/images/b72aa924f40386295192.png","0","0","0.58978271484285","0","38652","26884","0","ConvNeXt Satellite"
"qc_108_49","media/images/a67d1b3c5b42c78e1e1f.png","media/images/9ab708a4effdbf875b50.png","media/images/0b8ebda459e297fb5ba8.png","0","0","0.9999999999984741","0","65536","0","0","ConvNeXt Satellite"
"qc_40_70","media/images/ddf6d6d9511500eb1741.png","media/images/ec01a4b32ef3de48bb2f.png","media/images/e1177f0b5c8e6e1d1af4.png","0.7879856471121752","0.8814227386914064","0.9477081298813664","12737","49372","3241","186","ConvNeXt Satellite"
"qc_102_28","media/images/562ab7dc2d05e816ffaa.png","media/images/9ab708a4effdbf875b50.png","media/images/0b8ebda459e297fb5ba8.png","0","0","0.9999999999984741","0","65536","0","0","ConvNeXt Satellite"
"qc_8_128","media/images/314230a42cdcd8d1930d.png","media/images/14b17187920a154ea3e6.png","media/images/4bcfa0461d3db096ef99.png","0","0","0.9999999999984741","0","65536","0","0","ConvNeXt Satellite"
"qc_51_120","media/images/6b47931bb76d96dc8a65.png","media/images/092d5771e963d1084213.png","media/images/79acb7a8f0a1e373bda1.png","0","0","0.9999999999984741","0","65536","0","0","ConvNeXt Satellite"
"qc_58_121","media/images/ada0184f9a42c4b7dfc1.png","media/images/3eb06d4199a6a72a0b0e.png","media/images/a132832fa4642e5e2ef5.png","0","0","0.9999999999984741","0","65536","0","0","ConvNeXt Satellite"
"qc_67_83","media/images/debb0ce0e4bbe13b1786.png","media/images/e3cb1f8f67a451f6ffa0.png","media/images/93c1403663d25370c717.png","0.49284513509986944","0.6602762570511383","0.8112640380846996","12020","41147","9586","2783","ConvNeXt Satellite"
"qc_34_121","media/images/154dfb17a36f43b18d3c.png","media/images/b8a3f32230ed4dd742e3.png","media/images/571a8b39931965ccecfc.png","0","0","0.9999999999984741","0","65536","0","0","ConvNeXt Satellite"
"qc_100_58","media/images/989854fb1e763cf35325.png","media/images/dff893505ae70d72141a.png","media/images/068402c9dd3efe1be5f0.png","0","0","0.9999999999984741","0","65536","0","0","ConvNeXt Satellite"
"qc_70_74","media/images/9fb9512b32cfb50624af.png","media/images/1aa5954f67e70e397064.png","media/images/4b64ae606cc30ecfe1d7.png","0","0","0.9999999999984741","0","65536","0","0","ConvNeXt Satellite"
"qc_71_156","media/images/7245344f859ab3151ea5.png","media/images/7dc906004db3ac51ffe6.png","media/images/da25999392f2f2fd478e.png","0","0","0.9999999999984741","0","65536","0","0","ConvNeXt Satellite"
"qc_19_103","media/images/5b7ab9dee6d194da95a8.png","media/images/6717607557648c448415.png","media/images/5faa014e899c1202c0b1.png","0","0","0.9999999999984741","0","65536","0","0","ConvNeXt Satellite"
"qc_77_105","media/images/5358fd22bbba2aa646f4.png","media/images/1bd6db605d0064d59f87.png","media/images/5ba4108efce2b63aa0a7.png","0","0","0.9493560791001139","0","62217","3319","0","ConvNeXt Satellite"
"qc_105_28","media/images/b3552ef85cc03fcfd1b2.png","media/images/9ab708a4effdbf875b50.png","media/images/0b8ebda459e297fb5ba8.png","0","0","0.9999999999984741","0","65536","0","0","ConvNeXt Satellite"
"qc_60_150","media/images/c74a37ed43205d704f37.png","media/images/ab2e2222ebb1592b6b38.png","media/images/ec78abda289488881979.png","0","0","0.9999999999984741","0","65536","0","0","ConvNeXt Satellite"
"qc_44_97","media/images/d0c34f1c9fe2f25ec4b9.png","media/images/173c1d9129de3e57cf39.png","media/images/319c064aeae677ebb993.png","0","0","0.9999999999984741","0","65536","0","0","ConvNeXt Satellite"
"qc_48_30","media/images/902cccaf4e1204ddd757.png","media/images/79b4185be151e9f408fc.png","media/images/c7aeb60a05832dbc9946.png","0","0","0.9999999999984741","0","65536","0","0","ConvNeXt Satellite"
"qc_88_79","media/images/ee78a819c08ff165706a.png","media/images/2614fae1105908634abe.png","media/images/31973da03cabb2475e85.png","0","0","0.9999999999984741","0","65536","0","0","ConvNeXt Satellite"
"qc_30_121","media/images/18786e772aeb8fc1ea11.png","media/images/dd82ac77fe96bec2f650.png","media/images/7ece04fc4da115a9d873.png","0","0","0.9999999999984741","0","65536","0","0","ConvNeXt Satellite"
"qc_2_126","media/images/e9c997ca355c0fbc29a1.png","media/images/fb37fe300fdef0461153.png","media/images/bd7b3dcc349a09086708.png","0","0","0.9999999999984741","0","65536","0","0","ConvNeXt Satellite"
"qc_28_137","media/images/8fcb0df65d4e3a413c99.png","media/images/955fc136272a175bf7cd.png","media/images/7797c59e1978c56a89f3.png","0","0","0.9999999999984741","0","65536","0","0","ConvNeXt Satellite"
"qc_52_117","media/images/d4a0bcb9c074013bf9c9.png","media/images/08b90da6007d6735c679.png","media/images/6c188a3615f9d3daedc4.png","0.6320128421379114","0.7745193993625465","0.7936248779284765","23229","28782","13037","488","ConvNeXt Satellite"
"qc_74_77","media/images/37f4fc17acd91ab24bbf.png","media/images/25bc1706e1203a13e0bd.png","media/images/2bf0f5c800606e07e8c3.png","0","0","0.9999999999984741","0","65536","0","0","ConvNeXt Satellite"
"qc_22_140","media/images/4e19a6614d25b556a129.png","media/images/e415605dd1a2d60e2d05.png","media/images/1ebb312877b9a0302075.png","0","0","0.9999999999984741","0","65536","0","0","ConvNeXt Satellite"
"qc_38_45","media/images/732b5b648e897b2acb8c.png","media/images/25e5a8af57cf353a6cda.png","media/images/2cb1aadebd47a1a5193a.png","0","0","0.9999999999984741","0","65536","0","0","ConvNeXt Satellite"
"qc_85_49","media/images/a48ba9897c1e8e2b8a77.png","media/images/9ab708a4effdbf875b50.png","media/images/0b8ebda459e297fb5ba8.png","0","0","0.9999999999984741","0","65536","0","0","ConvNeXt Satellite"
"qc_69_145","media/images/38be612192ea438526e7.png","media/images/f194b2995cb561472393.png","media/images/d58ad7a0e7b8a1e5b3ff.png","0","0","0.9999999999984741","0","65536","0","0","ConvNeXt Satellite"
"qc_91_87","media/images/d7e966142602474f4a42.png","media/images/93fadc1e87739c08bb2c.png","media/images/f170f4d69030529bd600.png","0","0","0.9999999999984741","0","65536","0","0","ConvNeXt Satellite"
"qc_67_123","media/images/c4e8565461e161afbdbf.png","media/images/f7ae7a54fc11e9f2d07d.png","media/images/2e8aea45149461085242.png","0","0","0.9592742919907238","0","62867","2669","0","ConvNeXt Satellite"
"qc_91_56","media/images/d104abe81778596bfb11.png","media/images/d93d20324c01f75f48f8.png","media/images/5cda42515895cf45d38e.png","0.5115365546679702","0.6768430656763004","0.8045654296862723","13413","39315","3357","9451","ConvNeXt Satellite"
"qc_24_126","media/images/24f8172449b304722d17.png","media/images/bb9e396d555e59992c6b.png","media/images/34ffcd6e8f8e58b997f8.png","0","0","0.9999999999984741","0","65536","0","0","ConvNeXt Satellite"
"qc_76_72","media/images/11e9b98046b91e79d431.png","media/images/9f72ef7fe14c7a371550.png","media/images/f19d5294bac32e268dea.png","0","0","0.30189514160110187","0","19785","45751","0","ConvNeXt Satellite"
"qc_40_55","media/images/a9932e37ba8e69b70072.png","media/images/ff8a8f8a91d066261a4f.png","media/images/993f848a7292585a376b.png","0.23439997390405323","0.3797795849111721","0.6418609619130831","7186","34879","23440","31","ConvNeXt Satellite"
"qc_50_116","media/images/636c1bc80d987554dbc6.png","media/images/86f5207fd994c269e8be.png","media/images/9fbc7043759bab0a333a.png","0","0","0.9999999999984741","0","65536","0","0","ConvNeXt Satellite"
"qc_33_69","media/images/ed03be4cb5a83302c1aa.png","media/images/c4c8ab2b189c2d34ebe2.png","media/images/aa252ce796663747f8fe.png","0.05972593294820384","0.11271957011974952","0.5005798339836112","2079","30727","32127","603","ConvNeXt Satellite"
"qc_24_52","media/images/79d73349e50d07de0d29.png","media/images/fa8ebd9bb5fc4fe809f9.png","media/images/c214e76903aefc37a504.png","0","0","0.8708801269517962","0","57074","336","8126","ConvNeXt Satellite"
"qc_22_123","media/images/547d02410d1531ab045d.png","media/images/aa349d465a7aa4a6863b.png","media/images/63b9bd63972c3147422c.png","0","0","0.9675140380844611","0","63407","0","2129","ConvNeXt Satellite"
"qc_59_78","media/images/e01c83977a579d6aecdb.png","media/images/cd2621ad1d4d3b420d3d.png","media/images/00c672d2717be4d071aa.png","0","0","0.9999999999984741","0","65536","0","0","ConvNeXt Satellite"
"qc_25_54","media/images/6b3a5491c9cd9a5985ac.png","media/images/4737e65c720ccaacb332.png","media/images/92ff7b6bf6c08d9754b9.png","0","0","0.9996032714828497","0","65510","0","26","ConvNeXt Satellite"
"qc_87_68","media/images/4391e0e0dc89d27a5975.png","media/images/f7e0509450dab67a7052.png","media/images/4135bad07c94505e5c95.png","0","0","0.15518188476538822","0","10170","55366","0","ConvNeXt Satellite"
"qc_62_79","media/images/4a68043b8f777828332f.png","media/images/cf91941f61608265d7dc.png","media/images/20315d412bf1b883fa2c.png","0","0","0.9999999999984741","0","65536","0","0","ConvNeXt Satellite"
"qc_27_60","media/images/f7f5258c91aa47996358.png","media/images/750bc91a2c7b7063bc99.png","media/images/4536b4c290fcae6ef097.png","0","0","0.9999999999984741","0","65536","0","0","ConvNeXt Satellite"
"qc_29_88","media/images/e91c03327170eff47c3d.png","media/images/c15b236392483662f563.png","media/images/edc5f0028ef4009c4e2a.png","0","0","0.9999999999984741","0","65536","0","0","ConvNeXt Satellite"
"qc_20_104","media/images/c167677c7c6eadeae488.png","media/images/3ddeffe1fb61eb242ea0.png","media/images/4898abb01830c06f16dd.png","0","0","0.9999999999984741","0","65536","0","0","ConvNeXt Satellite"
"qc_8_124","media/images/91b71ff13a9120d91612.png","media/images/ca3de6faf2403efc2c5f.png","media/images/44f8f67a9a1c9a81b6a5.png","0","0","0.9999999999984741","0","65536","0","0","ConvNeXt Satellite"
"qc_65_71","media/images/3acc2e662519028ea725.png","media/images/543d738cafb5fa45cc54.png","media/images/c2a2b28bf69a80f4a5fb.png","0.47632711620923224","0.6452866391569523","0.8774719238267861","7304","50202","1215","6815","ConvNeXt Satellite"
"qc_12_110","media/images/328b2c236769fde9fb4a.png","media/images/2b1ea032543c3b7984f6.png","media/images/89251e2df27d882e69e7.png","0","0","0.9999999999984741","0","65536","0","0","ConvNeXt Satellite"
"qc_6_124","media/images/af9393793d65734fe38c.png","media/images/83e42043cb0419d3b34b.png","media/images/0f4b5810c3cbe27edd19.png","0","0","0.9999999999984741","0","65536","0","0","ConvNeXt Satellite"
"qc_122_0","media/images/774dc102352fec2107a0.png","media/images/9ab708a4effdbf875b50.png","media/images/0b8ebda459e297fb5ba8.png","0","0","0.9999999999984741","0","65536","0","0","ConvNeXt Satellite"
"qc_63_78","media/images/a148d616846a41435865.png","media/images/cf6696005440b8b6d1db.png","media/images/1744560cbde4d332042f.png","0","0","0.9999999999984741","0","65536","0","0","ConvNeXt Satellite"
"qc_96_81","media/images/5723631d8f911ff0f756.png","media/images/b76591c021365d37e707.png","media/images/4ccd367b0d1040bcddf9.png","0.4013561320731052","0.5728109957086285","0.845077514647148","6807","48576","8907","1246","ConvNeXt Satellite"
"qc_103_77","media/images/b2d38c59153d07b49342.png","media/images/cdb6fbda1e30223a22ad.png","media/images/30b31a038b46b7bd2e12.png","0","0","0.9999999999984741","0","65536","0","0","ConvNeXt Satellite"
"qc_83_45","media/images/8d6c3e9e94ac08e3f967.png","media/images/9ab708a4effdbf875b50.png","media/images/0b8ebda459e297fb5ba8.png","0","0","0.9999999999984741","0","65536","0","0","ConvNeXt Satellite"
"qc_58_113","media/images/3f46ade22d939bddbafb.png","media/images/9fe3ad1764043b6e4b4b.png","media/images/66a28df09b707555a2d1.png","0","0","0.9999999999984741","0","65536","0","0","ConvNeXt Satellite"
"qc_38_41","media/images/466426b2e47d0847588c.png","media/images/9d5a2c72c274fb80b268.png","media/images/f86d1170096f653f3338.png","0.187025131498402","0.31511567552826997","0.9363250732407588","960","60403","209","3964","ConvNeXt Satellite"
"qc_92_59","media/images/9b7e9e480c75a2f0ca2d.png","media/images/844e8fa7687896222a92.png","media/images/0ff02eadb2030392acef.png","0","0","0.9180450439439116","0","60165","0","5371","ConvNeXt Satellite"
"qc_88_65","media/images/70aedd6687527bdded7f.png","media/images/2edbc23cefde80f7b6fc.png","media/images/06d67df45bbd2a5ac5b8.png","0.4263653483974624","0.5978346503048031","0.7908477783191058","10188","41641","2924","10783","ConvNeXt Satellite"
"qc_38_140","media/images/fa4c00ec13899982355a.png","media/images/243df548a4ca727f305e.png","media/images/92ca10e6304efb2cd81e.png","0","0","0.9999999999984741","0","65536","0","0","ConvNeXt Satellite"
"qc_68_50","media/images/3e48300f8bbdc61cd164.png","media/images/686b737f11fe8b0ec403.png","media/images/c2916b2a7f72da160778.png","0","0","0.9999999999984741","0","65536","0","0","ConvNeXt Satellite"
"qc_43_70","media/images/ebf8b798d604e07769ae.png","media/images/dc2c20fae4501929edaa.png","media/images/e742f0eeb3a68b948439.png","0.9131462799423616","0.9546015813850711","0.9831848144516248","11586","52848","780","322","ConvNeXt Satellite"
"qc_38_84","media/images/cdf2c9639aae72382f70.png","media/images/cd23659ef01041705392.png","media/images/fcd0ebb9550a251cec3b.png","0","0","0.9978027343734774","0","65392","144","0","ConvNeXt Satellite"
"qc_67_37","media/images/0b03a73e1b7280f28c98.png","media/images/5acbaeb1078bd943c48b.png","media/images/2590c5e603548314d9af.png","0","0","0.9999999999984741","0","65536","0","0","ConvNeXt Satellite"
"qc_55_123","media/images/3db0b5e6526bab34ee1b.png","media/images/61569d85ef5543c921a6.png","media/images/596a78ec8540d28dbace.png","0","0","0.9999999999984741","0","65536","0","0","ConvNeXt Satellite"
"qc_74_136","media/images/9ee73b0e2ca1a2abd99f.png","media/images/28a0b183424f3c1bd4a5.png","media/images/f6ea76b79321e4b16e0b.png","0","0","0.9999999999984741","0","65536","0","0","ConvNeXt Satellite"
"qc_108_5","media/images/62e4293d476d0d8b2a48.png","media/images/9ab708a4effdbf875b50.png","media/images/0b8ebda459e297fb5ba8.png","0","0","0.9999999999984741","0","65536","0","0","ConvNeXt Satellite"
"qc_43_75","media/images/aa53b6b79aaabe083d97.png","media/images/d35cac0970dfb780d99a.png","media/images/e15cac488a2d0b21d879.png","0","0","0.37301635742130584","0","24446","41090","0","ConvNeXt Satellite"
"qc_91_51","media/images/135d0f51cd77e969685d.png","media/images/9ab708a4effdbf875b50.png","media/images/0b8ebda459e297fb5ba8.png","0","0","0.9999999999984741","0","65536","0","0","ConvNeXt Satellite"
"qc_69_116","media/images/66393cfbb3a225cbef0c.png","media/images/0038b1e346f4f7d62a51.png","media/images/7fecf25bbadfccc4a280.png","0","0","0.979095458982881","0","64166","1370","0","ConvNeXt Satellite"
"qc_99_16","media/images/33a1d2d4fc11634ff38d.png","media/images/9ab708a4effdbf875b50.png","media/images/0b8ebda459e297fb5ba8.png","0","0","0.9999999999984741","0","65536","0","0","ConvNeXt Satellite"
"qc_59_29","media/images/3713a21a99cbc8c098af.png","media/images/b08f789ebf233d609d02.png","media/images/1ef5f571b52aa50e26d0.png","0","0","0.9849090576156846","0","64547","981","8","ConvNeXt Satellite"
"qc_51_103","media/images/4d7b81ae9e7aa6dc5d6c.png","media/images/2f0753eda61ee72b4cbd.png","media/images/1b97fa725adaebf7e75e.png","0.12782995551035264","0.22668298800828443","0.8653869628893045","1293","55421","6771","2051","ConvNeXt Satellite"
"qc_68_46","media/images/010e0486c48a0ac1fa83.png","media/images/8db4572e1c811d678e1e.png","media/images/f6982892352a3483c877.png","0","0","0.9999999999984741","0","65536","0","0","ConvNeXt Satellite"
"qc_21_87","media/images/e312bd6c41d31fcf892f.png","media/images/e5b925e25320f19cacb1.png","media/images/49f06998b5d7a3f57c70.png","0","0","0.9999999999984741","0","65536","0","0","ConvNeXt Satellite"
"qc_76_65","media/images/f7de97ddfc1836b70920.png","media/images/590098c14dea5ce5ca2a.png","media/images/fc0a7d04df5d6d5c3b59.png","0","0","0.9999999999984741","0","65536","0","0","ConvNeXt Satellite"
"qc_70_152","media/images/211a11b9744a89cc902a.png","media/images/f4ae9958d976e06801ec.png","media/images/6d8534402da3d502bc56.png","0","0","0.9999999999984741","0","65536","0","0","ConvNeXt Satellite"
"qc_84_54","media/images/0d088256d1b3130f1a67.png","media/images/9ab708a4effdbf875b50.png","media/images/0b8ebda459e297fb5ba8.png","0","0","0.9999999999984741","0","65536","0","0","ConvNeXt Satellite"
"qc_2_129","media/images/9172f37cd9102772bd1c.png","media/images/13318440c150ec4611d9.png","media/images/9ec4b69a3dd8bb8af377.png","0","0","0.9999999999984741","0","65536","0","0","ConvNeXt Satellite"
"qc_58_68","media/images/a41af3e0f8d937ac44eb.png","media/images/f85086caa1532ca8f32e.png","media/images/d51732c1cc1189e844f0.png","0","0","0.9999999999984741","0","65536","0","0","ConvNeXt Satellite"
"qc_15_112","media/images/39d003d3c6a6fe49eef8.png","media/images/675c7b9754a154519ef2.png","media/images/5ee344ec40f42642b927.png","0","0","0.9711151123032057","0","63643","0","1893","ConvNeXt Satellite"
"qc_18_109","media/images/4c891cde184af5180a19.png","media/images/34ed8984b08fda91afd4.png","media/images/e9e3e31aa70304bda5d2.png","0","0","0.9999999999984741","0","65536","0","0","ConvNeXt Satellite"
"qc_70_95","media/images/d614a2df4d815c16a52f.png","media/images/3616ab4e7c4293a2a5f5.png","media/images/9b3a295cc4bee6d86f9e.png","0","0","0.9999999999984741","0","65536","0","0","ConvNeXt Satellite"
"qc_74_34","media/images/e4bfd906d930db467521.png","media/images/9ab708a4effdbf875b50.png","media/images/0b8ebda459e297fb5ba8.png","0","0","0.9999999999984741","0","65536","0","0","ConvNeXt Satellite"
"qc_76_34","media/images/a9639dc7d556dada0e11.png","media/images/9ab708a4effdbf875b50.png","media/images/0b8ebda459e297fb5ba8.png","0","0","0.9999999999984741","0","65536","0","0","ConvNeXt Satellite"
"qc_36_69","media/images/abbee7c6020cc04335f9.png","media/images/04fa615a35e3657bd069.png","media/images/85eb2bf07b5349ba72bd.png","0","0","0.9763183593735102","0","63984","1552","0","ConvNeXt Satellite"
"qc_79_79","media/images/b25b6622587448e88ab4.png","media/images/ddd4c76d343148191c9d.png","media/images/7889f94637341345b7d4.png","0","0","0.9999999999984741","0","65536","0","0","ConvNeXt Satellite"
"qc_47_136","media/images/9181df8117428a07e135.png","media/images/9109bdff0d32d6d41250.png","media/images/785741e8e3fa21bcd6fb.png","0","0","0.9999999999984741","0","65536","0","0","ConvNeXt Satellite"
"qc_92_94","media/images/af6f5ee78fb1b1cfc459.png","media/images/700ef8fb2bf28a339bb2.png","media/images/92b57927e21bfeef3aa7.png","0","0","0.9999999999984741","0","65536","0","0","ConvNeXt Satellite"
"qc_52_106","media/images/0cc3d953c69162ac9350.png","media/images/c3f8c69b8483ad4d7c0b.png","media/images/e18b7a64435075e786ab.png","0","0","0.9999999999984741","0","65536","0","0","ConvNeXt Satellite"
"qc_58_119","media/images/efd05c3abef8f5a99b86.png","media/images/50cd5923ce7608fb791b.png","media/images/f6ff7295357a2831d8a1.png","0","0","0.9999999999984741","0","65536","0","0","ConvNeXt Satellite"
"qc_85_65","media/images/f9db50e84f6479a042e8.png","media/images/f4a54fcf17d4e4b429df.png","media/images/0b7b4d7a68f355f71b62.png","0.5923361667083059","0.7439837642822172","0.909255981443925","8641","50948","4576","1371","ConvNeXt Satellite"
"qc_93_35","media/images/dd5351e3a1ff90651eb8.png","media/images/9ab708a4effdbf875b50.png","media/images/0b8ebda459e297fb5ba8.png","0","0","0.9999999999984741","0","65536","0","0","ConvNeXt Satellite"
"qc_107_38","media/images/834444a351d8db5ce65e.png","media/images/9ab708a4effdbf875b50.png","media/images/0b8ebda459e297fb5ba8.png","0","0","0.9999999999984741","0","65536","0","0","ConvNeXt Satellite"
"qc_51_108","media/images/87697b70609263f441f8.png","media/images/0b68b95f8c8e3461b6f5.png","media/images/04372c4e347663b8e44c.png","0","0","0.9999999999984741","0","65536","0","0","ConvNeXt Satellite"
"qc_24_55","media/images/2981671fbc442609322e.png","media/images/8b410b9659ac2f364e05.png","media/images/1ad9b4b681a52e1f3a8c.png","0.2699646352484992","0.4251529506788165","0.729110717772325","6565","41218","4571","13182","ConvNeXt Satellite"
"qc_38_127","media/images/6b11d958a1cb3a7255fb.png","media/images/7b7d5d387febea32cd05.png","media/images/19fac31279cdef9f74c8.png","0","0","0.9999999999984741","0","65536","0","0","ConvNeXt Satellite"
"qc_83_90","media/images/aaa86f5dc15b664e61f6.png","media/images/9ab708a4effdbf875b50.png","media/images/0b8ebda459e297fb5ba8.png","0","0","0.9999999999984741","0","65536","0","0","ConvNeXt Satellite"
"qc_97_46","media/images/72dcba75497865e5b901.png","media/images/9409dcdf0b14f2b44f08.png","media/images/aea8f2a7f30bda268ce4.png","0.7968281182855373","0.8869274311358182","0.9855346679672462","3718","60870","765","183","ConvNeXt Satellite"
"qc_36_56","media/images/45853bfa56fe3cd2c761.png","media/images/a462e9d65912355b6828.png","media/images/add30aaf294973267470.png","0.3010385756654225","0.46276652500559096","0.8562316894518185","4058","52056","602","8820","ConvNeXt Satellite"
"qc_10_109","media/images/9efcbc712460aa6420a9.png","media/images/db4286813033ae487cba.png","media/images/96a0a56fb7edf36db172.png","0","0","0.9999999999984741","0","65536","0","0","ConvNeXt Satellite"
"qc_68_108","media/images/e09c5b6edc6dc13dc959.png","media/images/3c20c028c0e7c09b7b5a.png","media/images/3cd1dd1c7dc024512c71.png","0","0","0.9999999999984741","0","65536","0","0","ConvNeXt Satellite"
"qc_22_117","media/images/e8e773b7c2262488f666.png","media/images/dce7bfb7c28ab5526197.png","media/images/e3de47475f5acf0e8adf.png","0","0","0.9999999999984741","0","65536","0","0","ConvNeXt Satellite"
"qc_73_34","media/images/baed84a778495e3af1fb.png","media/images/9ab708a4effdbf875b50.png","media/images/0b8ebda459e297fb5ba8.png","0","0","0.9999999999984741","0","65536","0","0","ConvNeXt Satellite"
"qc_118_44","media/images/b9b8eaa33c9140089536.png","media/images/9ab708a4effdbf875b50.png","media/images/0b8ebda459e297fb5ba8.png","0","0","0.9999999999984741","0","65536","0","0","ConvNeXt Satellite"
"qc_24_53","media/images/5e29e709533821ff5f63.png","media/images/17afa4c2af05f788b46f.png","media/images/d57d0132187621f9debb.png","0","0","0.9999999999984741","0","65536","0","0","ConvNeXt Satellite"
"qc_71_139","media/images/adc13e9c6b9605e3a041.png","media/images/3d9305270e05c4d9a829.png","media/images/8e3b51dabf8d0322954c.png","0","0","0.9999999999984741","0","65536","0","0","ConvNeXt Satellite"
"qc_103_24","media/images/3f1614e074fe721c7020.png","media/images/9ab708a4effdbf875b50.png","media/images/0b8ebda459e297fb5ba8.png","0","0","0.9999999999984741","0","65536","0","0","ConvNeXt Satellite"
"qc_59_85","media/images/0fa7b3747cbad8bc0846.png","media/images/dfd55a9eed924dffe6b5.png","media/images/ba3b072beb604547db8d.png","0","0","0.9999999999984741","0","65536","0","0","ConvNeXt Satellite"
"qc_24_141","media/images/e35ddc163ead2f8f64e7.png","media/images/6ae6ffbd9ff04f3eda82.png","media/images/8e3940b2f0b14e06c396.png","0","0","0.9999999999984741","0","65536","0","0","ConvNeXt Satellite"
"qc_41_99","media/images/2b1aaa6f0b2c867d6ce8.png","media/images/39ca36707fd624926de0.png","media/images/3e8cbab9867580906521.png","0","0","0.9847564697250599","0","64537","999","0","ConvNeXt Satellite"
"qc_12_119","media/images/7bc4ece3a79e772f14cc.png","media/images/45bbae3efc89b1f0c991.png","media/images/5e2340543b4ee82554eb.png","0","0","0.9999999999984741","0","65536","0","0","ConvNeXt Satellite"
"qc_34_107","media/images/7c8f625c47d7fa1c2d40.png","media/images/3d6e8c5c302126168870.png","media/images/6bed8d1be7c80fe1ff20.png","0","0","0.9999999999984741","0","65536","0","0","ConvNeXt Satellite"
"qc_50_44","media/images/a87a53ac6784b5aec816.png","media/images/45ad420e8b9d8407dcc3.png","media/images/d094cf7296fd7d26310e.png","0","0","0.9999999999984741","0","65536","0","0","ConvNeXt Satellite"
"qc_53_103","media/images/1b334a19b452e4a7a73f.png","media/images/4c75f1d0444cf106ac9b.png","media/images/54914660e03cee740e39.png","0.8811827038098082","0.9368389951197947","0.893920898436136","51558","7026","6661","291","ConvNeXt Satellite"
"qc_91_16","media/images/e88a50ad8cb2f214e055.png","media/images/9ab708a4effdbf875b50.png","media/images/0b8ebda459e297fb5ba8.png","0","0","0.9999999999984741","0","65536","0","0","ConvNeXt Satellite"
"qc_64_155","media/images/4760b7c6d874d538f1ff.png","media/images/b981c338af34aa244578.png","media/images/7029ef6d480448886bd4.png","0","0","0.9999999999984741","0","65536","0","0","ConvNeXt Satellite"
"qc_80_43","media/images/84892df571d57f07552b.png","media/images/9ab708a4effdbf875b50.png","media/images/0b8ebda459e297fb5ba8.png","0","0","0.9999999999984741","0","65536","0","0","ConvNeXt Satellite"
"qc_55_38","media/images/d866db88a93c23b6928b.png","media/images/cb95fa2d991ca1a50400.png","media/images/a021fb9dc50e5e9f9ed6.png","0","0","0.9999999999984741","0","65536","0","0","ConvNeXt Satellite"
"qc_42_132","media/images/b88722f74e2fcb76ed38.png","media/images/52c3f5142ccfc69aafe1.png","media/images/d4e5e7a4c8b3ad9d2546.png","0","0","0.9999999999984741","0","65536","0","0","ConvNeXt Satellite"
"qc_57_74","media/images/6c055d86538af831aee4.png","media/images/b99a09cb43db5c51995f.png","media/images/d657efeccebe5aacc06b.png","0.4402664508470381","0.611368011392404","0.862808227537746","7072","49473","1087","7904","ConvNeXt Satellite"
"qc_56_88","media/images/da9477faf512c25a83dc.png","media/images/1dcd9f471c64d93a1778.png","media/images/e2e77a56e87a3a02ee47.png","0","0","0.9999999999984741","0","65536","0","0","ConvNeXt Satellite"
"qc_103_19","media/images/8ca428e3879ea8377b80.png","media/images/9ab708a4effdbf875b50.png","media/images/0b8ebda459e297fb5ba8.png","0","0","0.9999999999984741","0","65536","0","0","ConvNeXt Satellite"
"qc_78_63","media/images/cc8b452a844d3b9b63c2.png","media/images/b8c453389016dc3fe458.png","media/images/ae844a608d3adf827db7.png","0","0","0.8818664550767794","0","57794","7742","0","ConvNeXt Satellite"
"qc_78_113","media/images/b31e0a84a875bc44ffab.png","media/images/4ee927943e30efc24ed7.png","media/images/2a00ab2776aa8df5f5e9.png","0","0","0.9999999999984741","0","65536","0","0","ConvNeXt Satellite"
"qc_52_123","media/images/a13c66ec75fab5a143dc.png","media/images/39df8b76885ef93d9df2.png","media/images/e2bbaef44cdd632a0385.png","0","0","0.9999999999984741","0","65536","0","0","ConvNeXt Satellite"
"qc_70_141","media/images/5a92e37b43c60649db1d.png","media/images/13a37c3e6bdeae425814.png","media/images/11e62d6946eba65ab51d.png","0","0","0.9999999999984741","0","65536","0","0","ConvNeXt Satellite"
"qc_39_126","media/images/53ed001f131b7b6064e4.png","media/images/21090c88c5530f0d564e.png","media/images/7854452c87c7aa6b54f8.png","0","0","0.9999999999984741","0","65536","0","0","ConvNeXt Satellite"
"qc_26_106","media/images/c45ab7bd5ec4d3064834.png","media/images/0a6e30bbce7b95fbf5af.png","media/images/3c960265333f6814c6bf.png","0","0","0.9999999999984741","0","65536","0","0","ConvNeXt Satellite"
"qc_99_29","media/images/24652316907f21dae5e0.png","media/images/9ab708a4effdbf875b50.png","media/images/0b8ebda459e297fb5ba8.png","0","0","0.9999999999984741","0","65536","0","0","ConvNeXt Satellite"
"qc_8_123","media/images/012a917a1120b96399e4.png","media/images/2187fd484c8c44f0dd51.png","media/images/c6f91b7871274d8d0398.png","0","0","0.9999999999984741","0","65536","0","0","ConvNeXt Satellite"
"qc_80_110","media/images/1f6b7f0df7ea8d4c540f.png","media/images/e7662102bcba6fc52e64.png","media/images/bbe76b6c66a2afe1cf9a.png","0","0","0.9999999999984741","0","65536","0","0","ConvNeXt Satellite"
"qc_34_123","media/images/f6afea47b8fe0026b43b.png","media/images/09ac9079f70d36db08a6.png","media/images/bb974206caa2041974b0.png","0","0","0.9999999999984741","0","65536","0","0","ConvNeXt Satellite"
"qc_56_42","media/images/ac7be8da5d7f6246836f.png","media/images/17fb30e61a8cd196e8e5.png","media/images/fc81d101a4e92b236198.png","0","0","0.9999999999984741","0","65536","0","0","ConvNeXt Satellite"
"qc_37_92","media/images/04513abd8204fba88775.png","media/images/dbb4329bcd32f5f1750f.png","media/images/8782c4f607132f7be511.png","0","0","0.9999999999984741","0","65536","0","0","ConvNeXt Satellite"
"qc_49_42","media/images/7e984b9aa6e5c1848bf9.png","media/images/13f2036b6863457dbbc7.png","media/images/7892d97f612cbba3add2.png","0","0","0.9999999999984741","0","65536","0","0","ConvNeXt Satellite"
"qc_95_41","media/images/978040bb4d0be7b53738.png","media/images/9ab708a4effdbf875b50.png","media/images/0b8ebda459e297fb5ba8.png","0","0","0.9999999999984741","0","65536","0","0","ConvNeXt Satellite"
"qc_47_29","media/images/2770aa9477b967a590f0.png","media/images/fde6a757382bf35b26ae.png","media/images/efa704f9f735cf9d6af4.png","0","0","0.9999999999984741","0","65536","0","0","ConvNeXt Satellite"
"qc_40_88","media/images/45a0d13a4c0c66053c53.png","media/images/b270b1ee63259cde57d9.png","media/images/7c9ae1f35bf72cea3182.png","0","0","0.9999999999984741","0","65536","0","0","ConvNeXt Satellite"
"qc_18_126","media/images/6ef08b5b9de81356333d.png","media/images/83f61181009becb6da73.png","media/images/aef448da2da2b431efcd.png","0","0","0.9575347900376014","0","62753","2783","0","ConvNeXt Satellite"
"qc_88_42","media/images/619be45e9563a0f934eb.png","media/images/af079922bdab40af981d.png","media/images/72bf6982443053193bd3.png","0","0","0.9999999999984741","0","65536","0","0","ConvNeXt Satellite"
"qc_62_119","media/images/5a6d628353919ceb31e1.png","media/images/6b92b31517da8dbd0305.png","media/images/e33173a4d868c39a1cca.png","0.6316602010900496","0.7742545413685034","0.8580169677721282","15957","40274","5257","4048","ConvNeXt Satellite"
"qc_71_148","media/images/a916a52d219786bb9ed5.png","media/images/d6b38d1bd11584db1438.png","media/images/372af5608ab4a13eda06.png","0","0","0.9999999999984741","0","65536","0","0","ConvNeXt Satellite"
"qc_92_34","media/images/658aad1abe5fef9fa0a1.png","media/images/9ab708a4effdbf875b50.png","media/images/0b8ebda459e297fb5ba8.png","0","0","0.9999999999984741","0","65536","0","0","ConvNeXt Satellite"
"qc_89_80","media/images/31a5bf07e2dfba197099.png","media/images/4d534801a97b9e26400f.png","media/images/9f955ecce6df0a33b21c.png","0","0","0.9999999999984741","0","65536","0","0","ConvNeXt Satellite"
"qc_66_123","media/images/7ad70367a6f3db3f0598.png","media/images/1adfedbfbfff3ffbfe87.png","media/images/c086ac742a479e3e1bff.png","0","0","0.9999999999984741","0","65536","0","0","ConvNeXt Satellite"
"qc_36_136","media/images/40c45d63aa3e7409f615.png","media/images/e8b9355940f3e4448a3b.png","media/images/6279ab550ba9ba27a9c3.png","0","0","0.9999999999984741","0","65536","0","0","ConvNeXt Satellite"
"qc_103_14","media/images/4417d10322dd3e14911f.png","media/images/9ab708a4effdbf875b50.png","media/images/0b8ebda459e297fb5ba8.png","0","0","0.9999999999984741","0","65536","0","0","ConvNeXt Satellite"
"qc_66_63","media/images/12318c941c1ad8ec6a14.png","media/images/5229498620863f3f714c.png","media/images/4287d5a13a8f63b7ba31.png","0","0","0.9999999999984741","0","65536","0","0","ConvNeXt Satellite"
"qc_47_83","media/images/18c6263da3ab7e3b07b9.png","media/images/ea05ac179538e0ecf2e3.png","media/images/ee86ef29678aee8ccd7f.png","0.6889804325201174","0.8158536088048397","0.9861755371078702","2007","62623","644","262","ConvNeXt Satellite"
"qc_91_52","media/images/ad4b1fed4faab12234fd.png","media/images/7a39cddfffa62dad189e.png","media/images/ee3bcf34aea4a49bf011.png","0","0","0.9999999999984741","0","65536","0","0","ConvNeXt Satellite"
"qc_44_99","media/images/9d1fb3da594e0829221b.png","media/images/1189486570e274cfddfb.png","media/images/6bb33071ffc8ce5b9450.png","0","0","0.9999999999984741","0","65536","0","0","ConvNeXt Satellite"
"qc_44_85","media/images/4f9e7402ca925d5b5e05.png","media/images/6757d5d6740b44d10447.png","media/images/8802572ca566895d6088.png","0","0","0.9999999999984741","0","65536","0","0","ConvNeXt Satellite"
"qc_36_100","media/images/94376dd470507164fd84.png","media/images/cc909d2d83344d691dcc.png","media/images/f7ea1da90138d0bd0988.png","0","0","0.9999999999984741","0","65536","0","0","ConvNeXt Satellite"
"qc_77_153","media/images/4fb14a3e7bc8e7b241d7.png","media/images/031b40a96c42c35d5c50.png","media/images/ed4cd58f8cd46a91e33d.png","0","0","0.9999999999984741","0","65536","0","0","ConvNeXt Satellite"
"qc_29_103","media/images/7badafde79d44ace337a.png","media/images/b46a60282ba043ae1e86.png","media/images/da6602f3f00dd2ec8191.png","0","0","0.9999999999984741","0","65536","0","0","ConvNeXt Satellite"
"qc_95_15","media/images/3f61add47a49b7091ac0.png","media/images/9ab708a4effdbf875b50.png","media/images/0b8ebda459e297fb5ba8.png","0","0","0.9999999999984741","0","65536","0","0","ConvNeXt Satellite"
"qc_41_105","media/images/8cac3f683b876dabfd13.png","media/images/e35e1864a6c057ef57dd.png","media/images/7876cbf904fc9b89862a.png","0.5555117799971987","0.7142494847842181","0.913925170897043","7050","52845","5379","262","ConvNeXt Satellite"
"qc_31_94","media/images/31bbe1b247e31d6fef7b.png","media/images/19f7ebdb28c024a224b7.png","media/images/b1d65af65a66fdc23cca.png","0","0","0.9999999999984741","0","65536","0","0","ConvNeXt Satellite"
"qc_67_42","media/images/fd3c4c04536b7971119b.png","media/images/744f1f893c73acd78a30.png","media/images/f83825e4885665216126.png","0","0","0.9999999999984741","0","65536","0","0","ConvNeXt Satellite"
"qc_74_149","media/images/47d0815b53a35d8810e4.png","media/images/cf24c617a4ad9312b92e.png","media/images/314bdc9a6ab82a5aedf6.png","0","0","0.9999999999984741","0","65536","0","0","ConvNeXt Satellite"
"qc_91_58","media/images/43c1348febd5ddeb19c8.png","media/images/0e5bdb8f672db9049520.png","media/images/31773f0f7de7466190fe.png","0.4390350239774777","0.6101797162767904","0.7644042968738336","12084","38012","13737","1703","ConvNeXt Satellite"
"qc_8_100","media/images/185424d9e04d39abdbed.png","media/images/443fc87e7eb3b072b688.png","media/images/a344738af771be03d0b1.png","0","0","0.9999999999984741","0","65536","0","0","ConvNeXt Satellite"
"qc_108_62","media/images/48902955d7b2c1e74adf.png","media/images/9ab708a4effdbf875b50.png","media/images/0b8ebda459e297fb5ba8.png","0","0","0.9999999999984741","0","65536","0","0","ConvNeXt Satellite"
"qc_30_138","media/images/42c1a0b70a8e4c0ab26b.png","media/images/1c0d096e362b52f6a8bf.png","media/images/07d53e758d967b427519.png","0","0","0.9999999999984741","0","65536","0","0","ConvNeXt Satellite"
"qc_55_110","media/images/fb9d8cc0485823d0ce0f.png","media/images/7ce82a524f204cc209d8.png","media/images/70dd72fccc474bd3c753.png","0","0","0.9999999999984741","0","65536","0","0","ConvNeXt Satellite"
"qc_50_138","media/images/05ba703db2df19e25c41.png","media/images/efe69bd5ad1e427753f7.png","media/images/63923668bcbeb35c4065.png","0","0","0.9951782226547314","0","65220","316","0","ConvNeXt Satellite"
"qc_72_59","media/images/a3e53b79b8eb3a9d4ac6.png","media/images/a8c75cad79a784bace8c.png","media/images/aa42fa924cf05354c069.png","0","0","0.9842224121078732","0","64502","1034","0","ConvNeXt Satellite"
"qc_71_41","media/images/36edcc1154902dc06ff6.png","media/images/104c4d41ead01c364009.png","media/images/0b8ebda459e297fb5ba8.png","0","0","0.9999999999984741","0","65536","0","0","ConvNeXt Satellite"
"qc_33_103","media/images/aea7844d450ab389bdda.png","media/images/b0018f9171433b5870f4.png","media/images/00ebac409489d04704d0.png","0","0","0.9999999999984741","0","65536","0","0","ConvNeXt Satellite"
"qc_61_119","media/images/93b1489a157ec2d93c40.png","media/images/956a0b9a7d3e552bfc34.png","media/images/f9d1c5a8bda9a4cf1fd6.png","0","0","0.9881286621078672","0","64758","0","778","ConvNeXt Satellite"
"qc_25_125","media/images/c77eafe286ed67d89f97.png","media/images/d578eda55f0ffd7733eb.png","media/images/83260009a8e4ca90c857.png","0","0","0.9999999999984741","0","65536","0","0","ConvNeXt Satellite"
"qc_75_59","media/images/b74c4b66eeec5bbf8abd.png","media/images/3123ee3aa73f6c13ac5d.png","media/images/d51fbaaeefe50a1bbeb5.png","0","0","0.9999999999984741","0","65536","0","0","ConvNeXt Satellite"
"qc_73_106","media/images/d61ba2dae4076a39cf88.png","media/images/fa6b349ddea5a0f9d53e.png","media/images/6711919f71b770bd2acb.png","0","0","0.7075042724598579","0","46367","19169","0","ConvNeXt Satellite"
"qc_82_33","media/images/e9bf837f0ffc8d07bef9.png","media/images/9ab708a4effdbf875b50.png","media/images/0b8ebda459e297fb5ba8.png","0","0","0.9999999999984741","0","65536","0","0","ConvNeXt Satellite"
"qc_34_136","media/images/433a50b2a0015593d0cc.png","media/images/2db5ca0c3756c73e0359.png","media/images/e7b8ea45a4b4a0756a01.png","0","0","0.9999999999984741","0","65536","0","0","ConvNeXt Satellite"
"qc_23_129","media/images/ec782affa72fbc2f8bff.png","media/images/cb1a017978a404845b7f.png","media/images/3a87d734b964ae3c7a95.png","0.2955919854258973","0.4563040799059603","0.8524780273424493","4057","51811","6674","2994","ConvNeXt Satellite"
"qc_35_101","media/images/6c844a0b5da74336aae6.png","media/images/49d2fe5f87f9c9d412d4.png","media/images/c8d5c8a93cd9956f758f.png","0","0","0.9999999999984741","0","65536","0","0","ConvNeXt Satellite"
"qc_84_100","media/images/ee56eec77f9587129335.png","media/images/a4c2ad848f2d26e6491b.png","media/images/290fc2621790927517ed.png","0","0","0.9999999999984741","0","65536","0","0","ConvNeXt Satellite"
"qc_78_77","media/images/32387dfa60e080add9bf.png","media/images/c652a74defd36652b3b0.png","media/images/8383db151cc2a5dbd9e1.png","0","0","0.9997558593734744","0","65520","0","16","ConvNeXt Satellite"
"qc_57_77","media/images/17f7805171eda64e12d9.png","media/images/fdfb2fea0de36cef868f.png","media/images/71abd01b786daf5b4bc6.png","0","0","0.9999999999984741","0","65536","0","0","ConvNeXt Satellite"
"qc_47_65","media/images/051503d239b13ecd64a7.png","media/images/6dd96adc58a486dffd0d.png","media/images/458cdf57f623ac08ef50.png","0","0","0.9999999999984741","0","65536","0","0","ConvNeXt Satellite"
"qc_63_131","media/images/853e0770b0f6bc96ddca.png","media/images/ab42d6dfe7e09f9e7304.png","media/images/545a13b77c73fe414a7a.png","0","0","0.9951171874984815","0","65216","320","0","ConvNeXt Satellite"
"qc_7_104","media/images/ff1bb28a965b6541d9af.png","media/images/1d26fe5c70aee61a7d76.png","media/images/26733add3fad83143cce.png","0","0","0.9999999999984741","0","65536","0","0","ConvNeXt Satellite"
"qc_11_93","media/images/d3164da2fbdc30de7cce.png","media/images/9274a306b742fab41223.png","media/images/05001f7eaeaf4e0bf75e.png","0","0","0.9999999999984741","0","65536","0","0","ConvNeXt Satellite"
"qc_114_4","media/images/c01dc969db31611d3ce2.png","media/images/9ab708a4effdbf875b50.png","media/images/0b8ebda459e297fb5ba8.png","0","0","0.9999999999984741","0","65536","0","0","ConvNeXt Satellite"
"qc_85_89","media/images/1e26df08a7f40202cd1b.png","media/images/e21cf132b7e0c1288d57.png","media/images/f5aa92823bcf82cc9a21.png","0","0","0.9999999999984741","0","65536","0","0","ConvNeXt Satellite"
"qc_73_121","media/images/6c90eea780841233f1e6.png","media/images/aa866f9481abbd20ae00.png","media/images/11343678780f6e64ffb7.png","0","0","0.9999999999984741","0","65536","0","0","ConvNeXt Satellite"
"qc_107_41","media/images/ca13fe702f62b0f45342.png","media/images/9ab708a4effdbf875b50.png","media/images/0b8ebda459e297fb5ba8.png","0","0","0.9999999999984741","0","65536","0","0","ConvNeXt Satellite"
"qc_42_110","media/images/b33628b578a1de6df82b.png","media/images/65bac01686913b7c59f7.png","media/images/c0f46ff6073c7a63986f.png","0","0","0.9999999999984741","0","65536","0","0","ConvNeXt Satellite"
"qc_92_47","media/images/f31840fbe133968c61f8.png","media/images/9ab708a4effdbf875b50.png","media/images/0b8ebda459e297fb5ba8.png","0","0","0.9999999999984741","0","65536","0","0","ConvNeXt Satellite"
"qc_49_87","media/images/ef2641d146293aa38c3b.png","media/images/13aaf17f663d9fc232bd.png","media/images/29c12d50cf0f8998ef21.png","0","0","0.9982757568344143","0","65423","113","0","ConvNeXt Satellite"
"qc_66_96","media/images/6f77febc69246f4864ed.png","media/images/851749f982e3b66513d5.png","media/images/9f6c687e8f1ee07d070f.png","0","0","0.9999999999984741","0","65536","0","0","ConvNeXt Satellite"
"qc_104_52","media/images/8d0c881a633432f7720f.png","media/images/9e1c9d70e054429c75a5.png","media/images/0369643d52fa5262812d.png","0.6824709816902917","0.8112721686572478","0.9753723144516366","3469","60453","30","1584","ConvNeXt Satellite"
"qc_74_109","media/images/8be325d348e90a4e0ccc.png","media/images/535cce909d88196a3c79.png","media/images/057fa001722745d01c3d.png","0","0","0.9999999999984741","0","65536","0","0","ConvNeXt Satellite"
"qc_89_75","media/images/f97aee70b216bb7167e9.png","media/images/6cf91144fc7f46010288.png","media/images/b7ee3861a971a10fe9f4.png","0","0","0.7475891113269842","0","48994","15573","969","ConvNeXt Satellite"
"qc_93_82","media/images/b25c0e1059e89bd855c5.png","media/images/7aa9b51ac8b531c4a428.png","media/images/a4440712ee5c8977e9d9.png","0.7015207434730278","0.8245808390548659","0.7951507568347241","31553","20558","9508","3917","ConvNeXt Satellite"
"qc_104_16","media/images/f301815b63b18d7aada0.png","media/images/9ab708a4effdbf875b50.png","media/images/0b8ebda459e297fb5ba8.png","0","0","0.9999999999984741","0","65536","0","0","ConvNeXt Satellite"
"qc_49_86","media/images/4756d8d53daa256d8ea1.png","media/images/64587e55cad7a95550b5.png","media/images/1821507a53e9ce586fd7.png","0","0","0.9999999999984741","0","65536","0","0","ConvNeXt Satellite"
"qc_49_30","media/images/aaee6c792f17c95b7127.png","media/images/e8df8a23641a3ef67fa7.png","media/images/699f932a3431a7c038b8.png","0","0","0.9999999999984741","0","65536","0","0","ConvNeXt Satellite"
"qc_57_78","media/images/bfc8e8a4ee2baf563f5c.png","media/images/60535ca530458af485fb.png","media/images/a3dafaf8e3c7f962b904.png","0","0","0.8248443603503038","0","54057","11479","0","ConvNeXt Satellite"
"qc_69_46","media/images/fccfdfd052d4697d3010.png","media/images/d074d792bcf5023c906e.png","media/images/ff1768e4f74efb542d4e.png","0","0","0.9999999999984741","0","65536","0","0","ConvNeXt Satellite"
"qc_78_27","media/images/2df2d23278a1f05f65d8.png","media/images/9ab708a4effdbf875b50.png","media/images/0b8ebda459e297fb5ba8.png","0","0","0.9999999999984741","0","65536","0","0","ConvNeXt Satellite"
"qc_90_18","media/images/05f3bbc988b416c45114.png","media/images/9ab708a4effdbf875b50.png","media/images/0b8ebda459e297fb5ba8.png","0","0","0.9999999999984741","0","65536","0","0","ConvNeXt Satellite"
"qc_56_64","media/images/50de15b7a047435876ed.png","media/images/dbfc7445d8cf4a0c93f3.png","media/images/4d6303091b4d7ab91be0.png","0","0","0.9999999999984741","0","65536","0","0","ConvNeXt Satellite"
"qc_90_48","media/images/62c2a2e64f481fb50608.png","media/images/9ab708a4effdbf875b50.png","media/images/0b8ebda459e297fb5ba8.png","0","0","0.9999999999984741","0","65536","0","0","ConvNeXt Satellite"
"qc_33_63","media/images/6c30310d673a58da8f25.png","media/images/74edfce32477497c9523.png","media/images/3034974cdae048bdbfcb.png","0","0","0.9999999999984741","0","65536","0","0","ConvNeXt Satellite"
"qc_117_46","media/images/ccc7ccef32105dede41c.png","media/images/9ab708a4effdbf875b50.png","media/images/0b8ebda459e297fb5ba8.png","0","0","0.9999999999984741","0","65536","0","0","ConvNeXt Satellite"
"qc_3_119","media/images/020d9f80d41f11fd6720.png","media/images/fd2049c675e09b9c120b.png","media/images/f7d052550f8c782a1d84.png","0","0","0.9999999999984741","0","65536","0","0","ConvNeXt Satellite"
"qc_75_64","media/images/8835345aeb7bf82d3931.png","media/images/efda1f4e9190ddcf2828.png","media/images/124de6419a0ea5c3ae2e.png","0","0","0.9999999999984741","0","65536","0","0","ConvNeXt Satellite"
"qc_82_47","media/images/ea7140bd83797603a31f.png","media/images/9ab708a4effdbf875b50.png","media/images/0b8ebda459e297fb5ba8.png","0","0","0.9999999999984741","0","65536","0","0","ConvNeXt Satellite"
"qc_40_46","media/images/950d3e0274dc5bbd0f2b.png","media/images/cea1449f77c71b40ec36.png","media/images/615e0441f83cc8d0ae8b.png","0","0","0.9999999999984741","0","65536","0","0","ConvNeXt Satellite"
"qc_31_41","media/images/7eac37bf0ae97637d11a.png","media/images/9f8961c4624cecb875ff.png","media/images/93a8a2fb4fe6aeae0896.png","0","0","0.9958801269516054","0","65266","270","0","ConvNeXt Satellite"
"qc_86_19","media/images/3eac234db8254a3f2ed9.png","media/images/9ab708a4effdbf875b50.png","media/images/0b8ebda459e297fb5ba8.png","0","0","0.9999999999984741","0","65536","0","0","ConvNeXt Satellite"
"qc_59_94","media/images/8fc86f4a03b1dcd824cf.png","media/images/a60e241cf268181af5eb.png","media/images/f29c8eebe444c3647a35.png","0.8127700432004099","0.8967160517045141","0.9642944335922786","10158","53038","1382","958","ConvNeXt Satellite"
"qc_101_18","media/images/a306deb6969618efd44e.png","media/images/9ab708a4effdbf875b50.png","media/images/0b8ebda459e297fb5ba8.png","0","0","0.9999999999984741","0","65536","0","0","ConvNeXt Satellite"
"qc_82_69","media/images/b821b1b699934ba9a46e.png","media/images/2bdb6d7d7881e0d5df84.png","media/images/af366f21c64f75dd771d.png","0","0","0.9734802246078895","0","63798","1738","0","ConvNeXt Satellite"
"qc_54_42","media/images/f39dacdb027fc27ccc2e.png","media/images/063d7bd793b95a7d509a.png","media/images/b56b317d47ababb0fc75.png","0","0","0.9999999999984741","0","65536","0","0","ConvNeXt Satellite"
"qc_83_60","media/images/8a4a67882959c0ef1d1d.png","media/images/b861502882b0f50487f8.png","media/images/079c079f1aff6d27a830.png","0.364397029595603","0.5341509747668344","0.907272338865803","3484","55975","262","5815","ConvNeXt Satellite"
"qc_5_121","media/images/53998408f5474c4771dd.png","media/images/be99aab81ecb70ad1038.png","media/images/75f7d0f2a735460ceab7.png","0","0","0.9999999999984741","0","65536","0","0","ConvNeXt Satellite"
"qc_9_111","media/images/ceeca5aacf507f913a7c.png","media/images/6a6e68727c730163f559.png","media/images/703d30068add9d560bbc.png","0","0","0.9999999999984741","0","65536","0","0","ConvNeXt Satellite"
"qc_57_92","media/images/9302f48b6b36e078a104.png","media/images/f6ac4324bf429150d48d.png","media/images/94bfe19f730f339330c9.png","0","0","0.9999999999984741","0","65536","0","0","ConvNeXt Satellite"
"qc_59_58","media/images/c7e15d9d03769bb2d250.png","media/images/6ff0f1fcb2476fb02e00.png","media/images/3fd002b60f9bae621737.png","0","0","0.9999999999984741","0","65536","0","0","ConvNeXt Satellite"
"qc_23_122","media/images/764722e777c0beb48dcf.png","media/images/00c2cd276e4479353e73.png","media/images/678fb49f1ce93286ca71.png","0","0","0.9999999999984741","0","65536","0","0","ConvNeXt Satellite"
"qc_79_74","media/images/b7a5b2fb39770ba2aefc.png","media/images/19d8fc6a1690cccdb6ad.png","media/images/902ab972051932dc453f.png","0","0","0.7803802490222467","0","51143","14393","0","ConvNeXt Satellite"
"qc_111_16","media/images/35019013a1ae9f2d9af3.png","media/images/9ab708a4effdbf875b50.png","media/images/0b8ebda459e297fb5ba8.png","0","0","0.9999999999984741","0","65536","0","0","ConvNeXt Satellite"
"qc_25_123","media/images/104d21f33e8637d2a7a0.png","media/images/7ae952d5f7c09c848d43.png","media/images/192490d4f2c9b02cef3a.png","0","0","0.9999999999984741","0","65536","0","0","ConvNeXt Satellite"
"qc_81_88","media/images/66f67a608b3f9f76b8f1.png","media/images/dd2944d8907108f4a681.png","media/images/90d49e5d541bf12de176.png","0","0","0.9999999999984741","0","65536","0","0","ConvNeXt Satellite"
"qc_56_107","media/images/d2bbc460f425852b258d.png","media/images/3f7b00e2ca0abc244a4f.png","media/images/5568a399a77610994d28.png","0","0","0.9999999999984741","0","65536","0","0","ConvNeXt Satellite"
"qc_64_98","media/images/767b83775babac693553.png","media/images/2f01b0671dd6b16f8f5a.png","media/images/7e46c575386ea5105084.png","0","0","0.9999999999984741","0","65536","0","0","ConvNeXt Satellite"
"qc_92_26","media/images/d1852c7485ece6862e40.png","media/images/9ab708a4effdbf875b50.png","media/images/0b8ebda459e297fb5ba8.png","0","0","0.9999999999984741","0","65536","0","0","ConvNeXt Satellite"
"qc_96_43","media/images/4822107ec43a01cbfb4f.png","media/images/9ab708a4effdbf875b50.png","media/images/0b8ebda459e297fb5ba8.png","0","0","0.9999999999984741","0","65536","0","0","ConvNeXt Satellite"
"qc_34_52","media/images/380d16bf8e42fa801f06.png","media/images/7ce61a0d46d34c943fce.png","media/images/6820f0f83add43a14ff6.png","0","0","0.9999999999984741","0","65536","0","0","ConvNeXt Satellite"
"qc_32_69","media/images/107b59f6891d2d77942e.png","media/images/d4f7652a694cb008ab22.png","media/images/4dd098cd8535d6ba550f.png","0","0","0.9999999999984741","0","65536","0","0","ConvNeXt Satellite"
"qc_76_53","media/images/c59edc0bb8f4b8efd095.png","media/images/9ab708a4effdbf875b50.png","media/images/0b8ebda459e297fb5ba8.png","0","0","0.9999999999984741","0","65536","0","0","ConvNeXt Satellite"
"qc_40_90","media/images/23e4f30d8cc75d739483.png","media/images/2461d4d24ff119158a4d.png","media/images/a58b9af9e994ca2c18f9.png","0","0","0.9999999999984741","0","65536","0","0","ConvNeXt Satellite"
"qc_100_60","media/images/5d3e22c46152df5d981d.png","media/images/255e252c8ff1d7281137.png","media/images/4cd006f578d1f0930b23.png","0.020594965674795386","0.04035874043918074","0.8824462890611535","162","57670","7704","0","ConvNeXt Satellite"
"qc_63_116","media/images/10e86d488e87fcf973ff.png","media/images/1f2a0ebedda81f90abcf.png","media/images/13d6e1491c79f975fe0e.png","0.7155664221651121","0.8342042257553123","0.8881683349595823","18438","39769","5146","2183","ConvNeXt Satellite"
"qc_14_124","media/images/4a1058c7d674707899ed.png","media/images/b438a23b4fce674afcd5.png","media/images/f4eafa055403effe5173.png","0","0","0.9999999999984741","0","65536","0","0","ConvNeXt Satellite"
"qc_94_30","media/images/5082c06077026c073b10.png","media/images/9ab708a4effdbf875b50.png","media/images/0b8ebda459e297fb5ba8.png","0","0","0.9999999999984741","0","65536","0","0","ConvNeXt Satellite"
"qc_89_89","media/images/1c4565a9578f4e0d338c.png","media/images/f578a280fe8b415dd3ee.png","media/images/abd907a17516ef4d3517.png","0","0","0.9999999999984741","0","65536","0","0","ConvNeXt Satellite"
"qc_83_102","media/images/8e16183f8795ac067bf1.png","media/images/458e2a803730c7df7d66.png","media/images/57410724cd0fc47cfeed.png","0","0","0.9999999999984741","0","65536","0","0","ConvNeXt Satellite"
"qc_95_55","media/images/3bc23e22f0a4a4af8659.png","media/images/9f4981927a2667229f00.png","media/images/5fe6e4e9b55216e47004.png","0","0","0.9999999999984741","0","65536","0","0","ConvNeXt Satellite"
"qc_33_75","media/images/f8d76970bf70d08c26d0.png","media/images/c6a71a3f6c8d6c2e51a8.png","media/images/dbec0b99b481708c86e4.png","0","0","0.9999999999984741","0","65536","0","0","ConvNeXt Satellite"
"qc_15_102","media/images/9e7673a14aa14e2f9213.png","media/images/55816e83bb347631f180.png","media/images/073b257937187d05b5cf.png","0","0","0.9999999999984741","0","65536","0","0","ConvNeXt Satellite"
"qc_11_98","media/images/b99bc7f52833163bf07b.png","media/images/e3ad6e98c03f8d72b456.png","media/images/a7b3097446ab4e538987.png","0","0","0.9999999999984741","0","65536","0","0","ConvNeXt Satellite"
"qc_50_73","media/images/bb931161eb077706a2b6.png","media/images/3d115e4b1c0e7eef5857.png","media/images/0cc7ab1f3624e3c65b00.png","0","0","0.9999999999984741","0","65536","0","0","ConvNeXt Satellite"
"qc_94_42","media/images/bc3c56d5c85f2dfc85aa.png","media/images/9ab708a4effdbf875b50.png","media/images/0b8ebda459e297fb5ba8.png","0","0","0.9999999999984741","0","65536","0","0","ConvNeXt Satellite"
"qc_64_148","media/images/92b9faa8fa250829b5a1.png","media/images/a79cbf267fd3d6d1e7a9.png","media/images/23f63764477503417968.png","0","0","0.9999999999984741","0","65536","0","0","ConvNeXt Satellite"
"qc_61_55","media/images/7f3e3723d8ddbceac1a6.png","media/images/2c90e9771495bb092c40.png","media/images/6cb429e95ee17dd31672.png","0","0","0.9999999999984741","0","65536","0","0","ConvNeXt Satellite"
"qc_59_91","media/images/4298e02702ff72b964da.png","media/images/08a278e1d7a423686041.png","media/images/f49c55da2bd9c7dbadfd.png","0","0","0.9999999999984741","0","65536","0","0","ConvNeXt Satellite"
"qc_91_77","media/images/48fd4966d23144ce1e78.png","media/images/372a3b23e85af2866d6f.png","media/images/76f861c0a7c7061babe9.png","0.0066678845450919445","0.013247435198867945","0.6681213378896055","146","43640","22","21728","ConvNeXt Satellite"
"qc_44_44","media/images/4082de5a23a2732e84f6.png","media/images/221951048b5e8b59d4ea.png","media/images/0e58f14b128b22c08e92.png","0","0","0.9376220703110693","0","61448","4088","0","ConvNeXt Satellite"
"qc_88_71","media/images/cee35c2d92f806760da5.png","media/images/11e4462c7c30530670b3.png","media/images/1059756f3c0c6673d677.png","0","0","0.9999999999984741","0","65536","0","0","ConvNeXt Satellite"
"qc_59_73","media/images/ffdca9087aa9e1bcd45c.png","media/images/3002f7535ff619c8815b.png","media/images/b84e198df6e7308769e0.png","0","0","0.9999999999984741","0","65536","0","0","ConvNeXt Satellite"
"qc_86_89","media/images/ade8846066d0254e43ab.png","media/images/66aed5e37160ef97ce4f.png","media/images/f830cc73dc597ff1f334.png","0","0","0.9999999999984741","0","65536","0","0","ConvNeXt Satellite"
"qc_14_139","media/images/76076372be3a7b56c085.png","media/images/9b371e47e489b04e9ee9.png","media/images/8b1608a4fb92edec0cd1.png","0","0","0.9999999999984741","0","65536","0","0","ConvNeXt Satellite"
"qc_67_87","media/images/4d33fa5650fc84dc6999.png","media/images/bcb8c1f68953d9305a5f.png","media/images/5d3b8ded43a990088dc8.png","0.4529453965716175","0.6234857364446674","0.476409912108648","28411","2811","34148","166","ConvNeXt Satellite"
"qc_63_41","media/images/1d63528c5aec39f16dae.png","media/images/f7d0a13f9ab5329ecb7a.png","media/images/c2eb7a674668bbe2c6fa.png","0","0","0.9999999999984741","0","65536","0","0","ConvNeXt Satellite"
"qc_31_107","media/images/7a0d6689a8156e723bdc.png","media/images/819ef3dd4f060a851a41.png","media/images/c3907890a5fa5c8851a7.png","0.6393666065318125","0.7800165788476936","0.8627319335924336","15949","40591","2463","6533","ConvNeXt Satellite"
"qc_92_19","media/images/7e4b8800cd0479a01bda.png","media/images/9ab708a4effdbf875b50.png","media/images/0b8ebda459e297fb5ba8.png","0","0","0.9999999999984741","0","65536","0","0","ConvNeXt Satellite"
"qc_33_100","media/images/c818f1c645f845236f44.png","media/images/5dbde8dc03b9fbb07519.png","media/images/a84a4c45128019b9a57e.png","0","0","0.9999999999984741","0","65536","0","0","ConvNeXt Satellite"
"qc_55_105","media/images/80d38af217b6c9508f84.png","media/images/5dc046e2fe82a0c7bcbd.png","media/images/c414ac8613570ad932f7.png","0","0","0.9881439208969297","0","64759","0","777","ConvNeXt Satellite"
"qc_45_96","media/images/1d9f551fc2835608565d.png","media/images/b79ad51f192082b485ea.png","media/images/4f3f6bec15be624269af.png","0","0","0.9999999999984741","0","65536","0","0","ConvNeXt Satellite"
"qc_52_113","media/images/cd1727dbea050462f4a0.png","media/images/c378bf3960eeb2ca132f.png","media/images/c740f24bceee7deffe75.png","0","0","0.9999999999984741","0","65536","0","0","ConvNeXt Satellite"
"qc_35_126","media/images/5c397dfbde36a4a5ac18.png","media/images/85f899159cce36cb6a68.png","media/images/47bc9975f1ddccb0b60c.png","0","0","0.9999999999984741","0","65536","0","0","ConvNeXt Satellite"
"qc_74_145","media/images/f6756e09789989394bf9.png","media/images/22d37b6489b3fef04ce9.png","media/images/df5cdd93347753b6758f.png","0","0","0.9999999999984741","0","65536","0","0","ConvNeXt Satellite"
"qc_29_137","media/images/e1b9c2b42f61c7db62b8.png","media/images/b3f15de9352ff9886d7c.png","media/images/e729c49ac9c3f76d40c5.png","0","0","0.9999999999984741","0","65536","0","0","ConvNeXt Satellite"
"qc_8_116","media/images/5a558f6f75c7c6297169.png","media/images/90d1177c58de0a22ad7b.png","media/images/b3d31dd7da6f5f225b2d.png","0","0","0.9999999999984741","0","65536","0","0","ConvNeXt Satellite"
"qc_104_63","media/images/613db4394be0b29e1da4.png","media/images/ccb207b1266619df6fda.png","media/images/92d13a452016b7da6e9a.png","0.1603329049619954","0.2763567075344851","0.7906341552722311","2620","49195","13604","117","ConvNeXt Satellite"
"qc_35_53","media/images/a96e75f13ebd54e43aef.png","media/images/40187a29a5a563d4a360.png","media/images/43d12413605bea9c31ef.png","0","0","0.9815826416000647","0","64329","1207","0","ConvNeXt Satellite"
"qc_31_133","media/images/6a392f86090ef22fc4de.png","media/images/290187da14b4439053bc.png","media/images/117482e6cf1b430d4979.png","0","0","0.9999999999984741","0","65536","0","0","ConvNeXt Satellite"
"qc_27_64","media/images/f9edcc7b6c639f769ad8.png","media/images/b8dce8cf3fcf813cb971.png","media/images/03a34cd3825ea62f673b.png","0","0","0.9999999999984741","0","65536","0","0","ConvNeXt Satellite"
"qc_69_140","media/images/d17ca26e827112eb1f02.png","media/images/9d7f61bbff9a7cc5c02a.png","media/images/a48b1dcc18185895a624.png","0","0","0.9999999999984741","0","65536","0","0","ConvNeXt Satellite"
"qc_83_97","media/images/cf203babedfb13a58121.png","media/images/f688dc7b93ce731da898.png","media/images/e694331c9aac9f55dae5.png","0","0","0.9999999999984741","0","65536","0","0","ConvNeXt Satellite"
"qc_113_44","media/images/d3215c1513b877247bb2.png","media/images/9ab708a4effdbf875b50.png","media/images/0b8ebda459e297fb5ba8.png","0","0","0.9999999999984741","0","65536","0","0","ConvNeXt Satellite"
"qc_72_75","media/images/8393f14b4e2973c6bff4.png","media/images/4bf85b18c6c0abc021bd.png","media/images/3db495ae373639cba706.png","0","0","0.9999999999984741","0","65536","0","0","ConvNeXt Satellite"
"qc_45_77","media/images/8f237f5677c735fff3b7.png","media/images/b7bcb82b3c4c8e054519.png","media/images/e49ab140f1252d9a1bb8.png","0","0","0.9279937744126465","0","60817","0","4719","ConvNeXt Satellite"
"qc_65_118","media/images/8f802cf290555af4071d.png","media/images/4bd7ed967d75ad0aa127.png","media/images/94f84d0b49c76d086424.png","0","0","0.9999999999984741","0","65536","0","0","ConvNeXt Satellite"
"qc_54_127","media/images/0cf38571b4b5d554b7c3.png","media/images/f92a7fd98ed10cf80a47.png","media/images/5b6736583364802456cc.png","0.26781571096820445","0.4224836236252382","0.8988800048814409","2424","56485","332","6295","ConvNeXt Satellite"
"qc_49_127","media/images/d0f79a2eb56f16efafc8.png","media/images/58736448c1ada0857b31.png","media/images/bf0987641459a3df2406.png","0","0","0.9999999999984741","0","65536","0","0","ConvNeXt Satellite"
"qc_58_94","media/images/a7f87c114bf3b23fb443.png","media/images/4cfea0eeb1b65bed3204.png","media/images/d335d2a8b78b5b3622c9.png","0.5453590740480284","0.7058023572689249","0.6895294189442603","24407","20782","20175","172","ConvNeXt Satellite"
"qc_56_44","media/images/03c59a2175c266b6efc9.png","media/images/9512ce68cbe8ee1497dc.png","media/images/5cd8369489d3673b7a06.png","0","0","0.9999999999984741","0","65536","0","0","ConvNeXt Satellite"
"qc_43_55","media/images/bae515a9327147145c83.png","media/images/041efc9ca94a26d70541.png","media/images/1273feb12679711e570a.png","0","0","0.9870147705063064","0","64685","851","0","ConvNeXt Satellite"
"qc_97_22","media/images/f0f6be7625572f3da184.png","media/images/9ab708a4effdbf875b50.png","media/images/0b8ebda459e297fb5ba8.png","0","0","0.9999999999984741","0","65536","0","0","ConvNeXt Satellite"
"qc_39_63","media/images/143dd3d2223a36df9982.png","media/images/faced3551b1c7e56ffc3.png","media/images/efd6c901a3f921e74f52.png","0","0","0.9999999999984741","0","65536","0","0","ConvNeXt Satellite"
"qc_74_143","media/images/0092786149a636516b52.png","media/images/fb771d15e7323f78052b.png","media/images/850dd7008c913d8f150b.png","0","0","0.9999999999984741","0","65536","0","0","ConvNeXt Satellite"
"qc_31_75","media/images/e96520118622de8f02f1.png","media/images/3b8b2af7bebc09df7169.png","media/images/f7dcfd596c1f4a88fa22.png","0","0","0.9999999999984741","0","65536","0","0","ConvNeXt Satellite"
"qc_62_123","media/images/1278a0ff7300dff4c564.png","media/images/d0e52b3daea3d2bc4ccb.png","media/images/a59b0a407d87d3fa2c75.png","0","0","0.9999999999984741","0","65536","0","0","ConvNeXt Satellite"
"qc_73_70","media/images/b7f673986b05d910c158.png","media/images/aa8e1b004c4bbe43e51f.png","media/images/04c7615ea0799532215b.png","0","0","0.523971557616388","0","34339","31197","0","ConvNeXt Satellite"
"qc_29_53","media/images/a2a7bc373b49c8760a72.png","media/images/8e4f5299a4ca82457b91.png","media/images/c79e26e97045af615a40.png","0","0","0.9999999999984741","0","65536","0","0","ConvNeXt Satellite"
"qc_68_92","media/images/5cc1d2a81431dd90a575.png","media/images/04edb510cf55740d5926.png","media/images/32c8ad67b88c4b499140.png","0","0","0.4797515869133305","0","31441","34095","0","ConvNeXt Satellite"
"qc_26_85","media/images/0b60ac3954f076619942.png","media/images/6d4334fc01548f79ea33.png","media/images/a7dce19205f31158db1b.png","0.6449834619536249","0.7841822556782106","0.9606933593735341","4680","58280","1497","1079","ConvNeXt Satellite"
"qc_87_43","media/images/814dbc910844023dd3c1.png","media/images/9ab708a4effdbf875b50.png","media/images/0b8ebda459e297fb5ba8.png","0","0","0.9999999999984741","0","65536","0","0","ConvNeXt Satellite"
"qc_39_113","media/images/63d2e22ea527db1c5f84.png","media/images/d007b33babe42276b150.png","media/images/b88a187c18b91a2ce1d7.png","0","0","0.9999999999984741","0","65536","0","0","ConvNeXt Satellite"
"qc_37_42","media/images/cd5713962259092dccb5.png","media/images/059ffdbe436e4e6e7dbb.png","media/images/269b6f20154eafee6108.png","0","0","0.9946289062484823","0","65184","352","0","ConvNeXt Satellite"
"qc_42_80","media/images/3ae3d0b46b0bea3d1cd1.png","media/images/73a1a89ff335e93b676a.png","media/images/1ff48f519bb5dc54c618.png","0","0","0.9999999999984741","0","65536","0","0","ConvNeXt Satellite"
"qc_78_144","media/images/d5285a00a13bd91ab3fb.png","media/images/404511bab3b07563f743.png","media/images/dabda4fb457c127eb8ba.png","0","0","0.9999999999984741","0","65536","0","0","ConvNeXt Satellite"
"qc_55_41","media/images/095bf2c3682a64a50bb9.png","media/images/eb7c78b3cf2b2e380eb3.png","media/images/14497c714e02d84c470d.png","0","0","0.9999999999984741","0","65536","0","0","ConvNeXt Satellite"
"qc_10_131","media/images/bb1d8df597c1b66fcf2a.png","media/images/789139255446afde7618.png","media/images/87c1dade139191f0038b.png","0","0","0.9999999999984741","0","65536","0","0","ConvNeXt Satellite"
"qc_67_132","media/images/861b48780b5712ddd08e.png","media/images/3cc2e856dd1ab778edaf.png","media/images/d014e24e394149eb59c2.png","0","0","0.9999999999984741","0","65536","0","0","ConvNeXt Satellite"
"qc_95_23","media/images/947196d366420473245d.png","media/images/9ab708a4effdbf875b50.png","media/images/0b8ebda459e297fb5ba8.png","0","0","0.9999999999984741","0","65536","0","0","ConvNeXt Satellite"
"qc_88_67","media/images/fd719e94f45f75346cf5.png","media/images/ba2172729a173ea4fc5c.png","media/images/3e306eff9e4861c49a95.png","0.5704921103137836","0.7265137710950337","0.7200622558582762","24368","22822","16191","2155","ConvNeXt Satellite"
"qc_66_122","media/images/81fd3aed72c9ec04a364.png","media/images/233e4187f43404ed882b.png","media/images/7248dd561cb0f7c182c7.png","0","0","0.9999999999984741","0","65536","0","0","ConvNeXt Satellite"
"qc_51_36","media/images/c8463f14f5244b0b884c.png","media/images/920f76b69363a06ee347.png","media/images/3a19108708b3c30f6993.png","0","0","0.9932250976547344","0","65092","444","0","ConvNeXt Satellite"
"qc_69_58","media/images/ed32f834284003315b2d.png","media/images/5133c92bf0008675105c.png","media/images/c2bbedb5aebc5b05a7e8.png","0","0","0.9999999999984741","0","65536","0","0","ConvNeXt Satellite"
"qc_58_97","media/images/c2feb04208a9e7e979f0.png","media/images/368c952a7ab9191e9aa8.png","media/images/76d7c03a8f2de17a2afc.png","0","0","0.9999999999984741","0","65536","0","0","ConvNeXt Satellite"
"qc_68_47","media/images/55803f11d59ae202fa33.png","media/images/96b9c20b421af17a645d.png","media/images/1284c051e8f575997882.png","0","0","0.9999999999984741","0","65536","0","0","ConvNeXt Satellite"
"qc_39_79","media/images/8a6a5218e50af7e27e5b.png","media/images/886457b8cd658dd58816.png","media/images/d5693ffe750a493f4970.png","0","0","0.9999999999984741","0","65536","0","0","ConvNeXt Satellite"
"qc_39_77","media/images/cb5c8ec65aa80bd1d41b.png","media/images/4949ac1775fa90ab9c67.png","media/images/6387fe3a200afa6e3924.png","0","0","0.9999999999984741","0","65536","0","0","ConvNeXt Satellite"
"qc_45_46","media/images/7ab039d97d50c97eab13.png","media/images/d7563d6da49171ee7628.png","media/images/5aeefed4a19d39a907a2.png","0.16171800326777752","0.2784117798990784","0.5851440429678572","5245","33103","26809","379","ConvNeXt Satellite"
"qc_78_105","media/images/bcc950e66bb89e56e398.png","media/images/8b34da61c66498140336.png","media/images/369b013e4d9409d9a944.png","0.24113767517555082","0.38857519284421893","0.9719085693344545","585","63110","0","1841","ConvNeXt Satellite"
"qc_77_48","media/images/113cb57677f3e2e7e1c5.png","media/images/9ab708a4effdbf875b50.png","media/images/0b8ebda459e297fb5ba8.png","0","0","0.9999999999984741","0","65536","0","0","ConvNeXt Satellite"
"qc_86_28","media/images/b91eb967614a45c3fddd.png","media/images/9ab708a4effdbf875b50.png","media/images/0b8ebda459e297fb5ba8.png","0","0","0.9999999999984741","0","65536","0","0","ConvNeXt Satellite"
"qc_45_40","media/images/a998963bccf21852c097.png","media/images/15668466638b4bbc1998.png","media/images/98e0fcae2d5b4751e555.png","0","0","0.9999999999984741","0","65536","0","0","ConvNeXt Satellite"
"qc_45_107","media/images/3d234af1a7a3b1b6b36b.png","media/images/85d9173d56bab28aa04f.png","media/images/895633467541a99af356.png","0","0","0.9999999999984741","0","65536","0","0","ConvNeXt Satellite"
"qc_88_53","media/images/d97a760f5a0eff5729e3.png","media/images/510313c754b542cc61e7.png","media/images/8864bcfe161215484a68.png","0.1209449929435492","0.2157910981046728","0.9619598388657197","343","62700","271","2222","ConvNeXt Satellite"
"qc_19_143","media/images/4aec0969419e6b18abc7.png","media/images/9aaf8a16fbc32966c4c2.png","media/images/6b82de95560ceae4d06f.png","0","0","0.9999999999984741","0","65536","0","0","ConvNeXt Satellite"
"qc_37_62","media/images/7f5af563e5f4a9658855.png","media/images/3f65c65d121f9f026de1.png","media/images/dbb6eb965505a1583f7e.png","0","0","0.9999999999984741","0","65536","0","0","ConvNeXt Satellite"
"qc_43_35","media/images/81014916c37a5f01d162.png","media/images/ca61e01f181e3a3e3234.png","media/images/6aa1fa1118a3f62d23bb.png","0","0","0.006622314453114895","0","434","65102","0","ConvNeXt Satellite"
"qc_90_52","media/images/2aee356ab89369c0306f.png","media/images/aa8f5196dfabc39ab023.png","media/images/096c923d3a99f32b3d17.png","0","0","0.9999999999984741","0","65536","0","0","ConvNeXt Satellite"
"qc_53_106","media/images/419db24e90bd7be9a207.png","media/images/3a0463106ad4ee62c779.png","media/images/f310a3062cd471d23f9e.png","0","0","0.9999999999984741","0","65536","0","0","ConvNeXt Satellite"
"qc_91_28","media/images/71b961e353e1faaeb230.png","media/images/9ab708a4effdbf875b50.png","media/images/0b8ebda459e297fb5ba8.png","0","0","0.9999999999984741","0","65536","0","0","ConvNeXt Satellite"
"qc_17_92","media/images/0436bd4288ea55323bad.png","media/images/5b5bbbc2b1aa1153d823.png","media/images/806a47bc5ae96c3d0729.png","0","0","0.9999999999984741","0","65536","0","0","ConvNeXt Satellite"
"qc_84_49","media/images/f1408eadc98fb485c8ad.png","media/images/9ab708a4effdbf875b50.png","media/images/0b8ebda459e297fb5ba8.png","0","0","0.9999999999984741","0","65536","0","0","ConvNeXt Satellite"
"qc_100_12","media/images/b9166decb680c48bc7b9.png","media/images/9ab708a4effdbf875b50.png","media/images/0b8ebda459e297fb5ba8.png","0","0","0.9999999999984741","0","65536","0","0","ConvNeXt Satellite"
"qc_96_77","media/images/f7acfedbb3c005b02a34.png","media/images/8010423569abb0142ec1.png","media/images/20545a51f6fb7613aab7.png","0.1607058266205506","0.27691049529526773","0.8918609619127016","1357","57092","12","7075","ConvNeXt Satellite"
"qc_52_75","media/images/7b9693b11013f6656118.png","media/images/d78c2499a809569762fd.png","media/images/95981341cd7381e4b1b6.png","0","0","0.9869384765609941","0","64680","856","0","ConvNeXt Satellite"
"qc_118_0","media/images/7bf1b9b182f252a067ce.png","media/images/9ab708a4effdbf875b50.png","media/images/0b8ebda459e297fb5ba8.png","0","0","0.9999999999984741","0","65536","0","0","ConvNeXt Satellite"
"qc_6_115","media/images/04e2c2141b4852b160ad.png","media/images/dc4232d263da4a602a8c.png","media/images/195b2acf4bea62a84a52.png","0","0","0.9031219482408094","0","59187","0","6349","ConvNeXt Satellite"
"qc_72_74","media/images/423378d3e8e3801be2db.png","media/images/dac3c00d7b9b815f84a7.png","media/images/3f62e0247ed721fd4ca7.png","0","0","0.9999999999984741","0","65536","0","0","ConvNeXt Satellite"
"qc_86_48","media/images/56474a6d5701b7bd5856.png","media/images/9ab708a4effdbf875b50.png","media/images/0b8ebda459e297fb5ba8.png","0","0","0.9999999999984741","0","65536","0","0","ConvNeXt Satellite"
"qc_4_128","media/images/14fa3e1ff45ad3928ad4.png","media/images/48516c493ad8631ba078.png","media/images/632be0a39a7ea21110f5.png","0","0","0.9999999999984741","0","65536","0","0","ConvNeXt Satellite"
"qc_69_121","media/images/b9f2efc2d99d4dfec4f3.png","media/images/e775904456ce4fa2ab41.png","media/images/9d0dd22c91c8c1cf40dd.png","0.7809762202509082","0.8770203298380674","0.9893188476547404","2496","62340","601","99","ConvNeXt Satellite"
"qc_70_102","media/images/4cb8bfa90c66ede7f628.png","media/images/96e8d01d61676d3b6bbb.png","media/images/9c4c88ce64c900683f5b.png","0","0","0.9999999999984741","0","65536","0","0","ConvNeXt Satellite"
"qc_83_30","media/images/6c1c051f49957b07f895.png","media/images/9ab708a4effdbf875b50.png","media/images/0b8ebda459e297fb5ba8.png","0","0","0.9999999999984741","0","65536","0","0","ConvNeXt Satellite"
"qc_28_112","media/images/c3f42919782de3b2fdb1.png","media/images/3145a08ecfc1f1a6b0d8.png","media/images/f601a141e2f85e51e26d.png","0","0","0.9918212890609865","0","65000","0","536","ConvNeXt Satellite"
"qc_14_115","media/images/c9e8db5c4584718eb4b3.png","media/images/62a7435438848ba80a93.png","media/images/8fd17e96a0620bc87be4.png","0","0","0.9999999999984741","0","65536","0","0","ConvNeXt Satellite"
"qc_57_100","media/images/58114813c05237b023e2.png","media/images/22f5927c46d8ee549188.png","media/images/9a56438c193073113bd5.png","0","0","0.9999999999984741","0","65536","0","0","ConvNeXt Satellite"
"qc_101_79","media/images/ba7747e74f9dbf554f26.png","media/images/b4e28da8963af0194793.png","media/images/349f306d5ebb52a583ed.png","0","0","0.9999999999984741","0","65536","0","0","ConvNeXt Satellite"
"qc_45_88","media/images/a5df2e132b6a716cfc5c.png","media/images/e1592025a363a2f25043.png","media/images/c3a6a678b5f8385658a9.png","0","0","0.9999999999984741","0","65536","0","0","ConvNeXt Satellite"
"qc_51_78","media/images/1e4c32d1bca495091cee.png","media/images/6ab555364f3f81104ef8.png","media/images/b1bd7256cb1b3ef22782.png","0.3828792519686784","0.5537420875248362","0.9415893554673133","2375","59333","367","3461","ConvNeXt Satellite"
"qc_21_108","media/images/aef12f9f02f68e1ec9a6.png","media/images/c1e465bc757e9f943d78.png","media/images/ab4f651d0d222d68114a.png","0.15441111665984777","0.26751492719584635","0.5608062744132067","5256","31497","28610","173","ConvNeXt Satellite"
"qc_67_99","media/images/2d761c2d3668d5cddbcc.png","media/images/c475ed866a77c019f0e5.png","media/images/c781df16caa06c528d08.png","0","0","0.9999999999984741","0","65536","0","0","ConvNeXt Satellite"
"qc_41_108","media/images/ec4203268fd9ae0589d9.png","media/images/07bb067061ad0763c010.png","media/images/fc6503cfd40898c6fbe2.png","0.8835624407824278","0.9381822175898086","0.8931121826158247","53156","5375","6575","430","ConvNeXt Satellite"
"qc_12_124","media/images/7a18b10f470ec37310c5.png","media/images/d62b3a97482c7a3df44a.png","media/images/42857dfef1bf73bf18cf.png","0","0","0.9913482666000498","0","64969","567","0","ConvNeXt Satellite"
"qc_75_101","media/images/f9a537b6abdeda17a438.png","media/images/008425111e3cf5c59e47.png","media/images/b993dad9f32f6b3d9bb1.png","0","0","0.9999999999984741","0","65536","0","0","ConvNeXt Satellite"
"qc_85_21","media/images/c4692282aff2f962e77b.png","media/images/9ab708a4effdbf875b50.png","media/images/0b8ebda459e297fb5ba8.png","0","0","0.9999999999984741","0","65536","0","0","ConvNeXt Satellite"
"qc_24_138","media/images/6e2e2117cabe7f1a87d2.png","media/images/4a3247842d89c1809459.png","media/images/8f49c4472859e26bea40.png","0","0","0.9999999999984741","0","65536","0","0","ConvNeXt Satellite"
"qc_84_59","media/images/51fcceb5e89d953854a5.png","media/images/3a8b25b93c5204f9e7c7.png","media/images/f4ec5a70c2b2bfd4f3c3.png","0.7481212945102219","0.8559145789807175","0.8982238769517544","19811","39055","4405","2265","ConvNeXt Satellite"
"qc_64_145","media/images/ff331877e9d58892d565.png","media/images/af6d9f61ef8897c72ca5.png","media/images/c1ac8c7f3f605783352e.png","0","0","0.9999999999984741","0","65536","0","0","ConvNeXt Satellite"
"qc_30_69","media/images/d44fa5ce61e7ef3413ad.png","media/images/ccd35f94e52bcfc1b8b6.png","media/images/21737061cfd65f8fb20b.png","0.11960014280400572","0.2136479222085517","0.9247436523423389","670","59934","865","4067","ConvNeXt Satellite"
"qc_29_99","media/images/d223899326ece1c80426.png","media/images/96ff30784ea04e205094.png","media/images/b9cc399254acd5ad1872.png","0","0","0.9999999999984741","0","65536","0","0","ConvNeXt Satellite"
"qc_45_73","media/images/287fbac7d1ad5e0ed33a.png","media/images/400f4495e808345749f2.png","media/images/93bf11041592161e5d13.png","0","0","0.9999999999984741","0","65536","0","0","ConvNeXt Satellite"
"qc_114_3","media/images/7d45dc49d3b79345467b.png","media/images/9ab708a4effdbf875b50.png","media/images/0b8ebda459e297fb5ba8.png","0","0","0.9999999999984741","0","65536","0","0","ConvNeXt Satellite"
"qc_43_42","media/images/968bc39b5749605bd650.png","media/images/55ff0d548dcb1c91168d.png","media/images/3e1056b4443a4add00e5.png","0","0","0.9662170410141506","0","63322","2214","0","ConvNeXt Satellite"
"qc_99_63","media/images/9b320ddbdeac4e4d9eea.png","media/images/94a50732dfbe8c1e7db9.png","media/images/0ab8a112d4d94c4656d2.png","0","0","0.9999999999984741","0","65536","0","0","ConvNeXt Satellite"
"qc_66_53","media/images/6ff1e3a6be5070d0efb6.png","media/images/495b05281b01eab788f4.png","media/images/36e282a9227a7d8f58cf.png","0","0","0.9999999999984741","0","65536","0","0","ConvNeXt Satellite"
"qc_56_83","media/images/9933408240f64651247d.png","media/images/9e3acfe5c00ab7591880.png","media/images/0ace86b4402695285fd6.png","0","0","0.9529571533188584","0","62453","0","3083","ConvNeXt Satellite"
"qc_28_135","media/images/9614993ed73af2f80daa.png","media/images/034b77609aaed51fdb09.png","media/images/8a6982793dd190982678.png","0","0","0.985687255857871","0","64598","0","938","ConvNeXt Satellite"
"qc_98_79","media/images/01d98c8b163c7a6da9f6.png","media/images/8b6edae7f9705561c9dd.png","media/images/c8b1ec1b58c80a85359e.png","0","0","0.9999999999984741","0","65536","0","0","ConvNeXt Satellite"
"qc_10_104","media/images/42a87b89a9eb9b0ba1bc.png","media/images/5146f32d3bffd8af11f1.png","media/images/98bce9b8c18f8763a45f.png","0","0","0.9999999999984741","0","65536","0","0","ConvNeXt Satellite"
"qc_67_144","media/images/c8ba7dfa374577f9a2ae.png","media/images/a1d92cb436cef0ba1a7f.png","media/images/0b8ebda459e297fb5ba8.png","0","0","0.9999999999984741","0","65536","0","0","ConvNeXt Satellite"
"qc_17_124","media/images/b36a8ac474ead4366339.png","media/images/b43b8db72404cc6fe5e2.png","media/images/84459c4efae85cea951a.png","0","0","0.9999999999984741","0","65536","0","0","ConvNeXt Satellite"
"qc_89_50","media/images/d39aa721f65b9afe2f4e.png","media/images/9ab708a4effdbf875b50.png","media/images/0b8ebda459e297fb5ba8.png","0","0","0.9999999999984741","0","65536","0","0","ConvNeXt Satellite"
"qc_26_110","media/images/933d76841a4936958d1b.png","media/images/3ea15bdf24f9eba50cae.png","media/images/98919d63dc625d536a69.png","0","0","0.9999999999984741","0","65536","0","0","ConvNeXt Satellite"
"qc_82_37","media/images/e972f0b386bece94ad5a.png","media/images/9ab708a4effdbf875b50.png","media/images/0b8ebda459e297fb5ba8.png","0","0","0.9999999999984741","0","65536","0","0","ConvNeXt Satellite"
"qc_10_106","media/images/e3cde47a496a6e385f63.png","media/images/8653ad5f958f3bea5d30.png","media/images/32e36009a90c92278c35.png","0","0","0.9999999999984741","0","65536","0","0","ConvNeXt Satellite"
"qc_17_142","media/images/a2733b18280592f92eb1.png","media/images/804ff6eec738fd966c00.png","media/images/6cdc505bea0321fbcb27.png","0","0","0.9999999999984741","0","65536","0","0","ConvNeXt Satellite"
"qc_55_46","media/images/9cef49f8f9af67236296.png","media/images/5e13dd2f4601de27face.png","media/images/a8ee17cb5cb7e2d6186c.png","0","0","0.9999999999984741","0","65536","0","0","ConvNeXt Satellite"
"qc_29_63","media/images/fda950b873d0d08ad108.png","media/images/7861cd0638c30f1955f7.png","media/images/c55f44a1b496b6b04549.png","0","0","0.9999999999984741","0","65536","0","0","ConvNeXt Satellite"
"qc_13_106","media/images/c9cf80532374bf6f7104.png","media/images/2709351672c9a3324273.png","media/images/3d564a0aff3e9160c909.png","0","0","0.9999999999984741","0","65536","0","0","ConvNeXt Satellite"
"qc_60_110","media/images/bb20b8d1b4981f861d12.png","media/images/e17398887a2b2b66d771.png","media/images/af134e12dfd499c1e869.png","0","0","0.9999999999984741","0","65536","0","0","ConvNeXt Satellite"
"qc_52_45","media/images/4342ddd972423f3bf0de.png","media/images/c2c739939a3b8a183330.png","media/images/2b65cbdfeca4f9cef7c4.png","0","0","0.9999999999984741","0","65536","0","0","ConvNeXt Satellite"
"qc_105_17","media/images/19c2ad7dfd07240f4fed.png","media/images/9ab708a4effdbf875b50.png","media/images/0b8ebda459e297fb5ba8.png","0","0","0.9999999999984741","0","65536","0","0","ConvNeXt Satellite"
"qc_46_135","media/images/f011c2e064123b9ae0a4.png","media/images/589efdf372a28810085d.png","media/images/e16c1f675d33fd8c4e0f.png","0.2429321486219117","0.390901664860008","0.9427947998032489","1203","60584","3176","573","ConvNeXt Satellite"
"qc_50_52","media/images/6f18106ab5517a2a66e7.png","media/images/948ff65d8e17c67cf7e4.png","media/images/9d321cdee2c73b9ad213.png","0.8370352290225609","0.911289201219917","0.9694366455063332","10288","53245","375","1628","ConvNeXt Satellite"
"qc_25_134","media/images/dc2b2c04034ffd46c58e.png","media/images/8e8915febbd658d73ff9.png","media/images/d98f862d1f54d67cfe19.png","0.5915628735565049","0.7433735056466737","0.8383789062487207","15341","39603","10592","0","ConvNeXt Satellite"
"qc_53_91","media/images/14186dee63b26efe8326.png","media/images/d3f8b3526d80348ef37f.png","media/images/40ae22d566d732d4bbec.png","0","0","0.9999999999984741","0","65536","0","0","ConvNeXt Satellite"
"qc_66_58","media/images/963bb2dd6c2d817ca6a9.png","media/images/02a7d9017f0ad978365b.png","media/images/11edd0bdcb867bb88107.png","0","0","0.9999999999984741","0","65536","0","0","ConvNeXt Satellite"
"qc_81_41","media/images/8e7eed330aba1652926e.png","media/images/9ab708a4effdbf875b50.png","media/images/0b8ebda459e297fb5ba8.png","0","0","0.9999999999984741","0","65536","0","0","ConvNeXt Satellite"
"qc_63_146","media/images/f4a5296af133a0c91292.png","media/images/d6afe44c0906d03868ee.png","media/images/148d113a51c33d646105.png","0","0","0.9999999999984741","0","65536","0","0","ConvNeXt Satellite"
"qc_67_81","media/images/65f44cf7631b322bf37d.png","media/images/87a1f9a5a89cb7e8fe07.png","media/images/4fa5159a6b118f897c10.png","0.6455468140038725","0.7845984916832167","0.7298278808582613","32247","15583","16064","1642","ConvNeXt Satellite"
"qc_57_83","media/images/c5d810fc333cade00706.png","media/images/391992b8b53890801e6c.png","media/images/17076a94d0eceb89f65e.png","0.5251989389223874","0.6886956068996627","0.9945373535141074","396","64782","0","358","ConvNeXt Satellite"
"qc_43_74","media/images/16ed5302e1c91a4ba956.png","media/images/13cc3bd32f58b5548bd8.png","media/images/e21639038f702ed20293.png","0","0","0.3221588134760709","0","21113","44423","0","ConvNeXt Satellite"
"qc_8_129","media/images/a4bd8cb004a58c5ecbae.png","media/images/e4800ade99c824375a95.png","media/images/fbb497c322d0a5ff2f83.png","0","0","0.9999999999984741","0","65536","0","0","ConvNeXt Satellite"
"qc_75_74","media/images/b69f26c6438aeb81f424.png","media/images/8bc8ea202df846ae5cab.png","media/images/382e1e0229285ab6fb82.png","0","0","0.9999999999984741","0","65536","0","0","ConvNeXt Satellite"
"qc_104_65","media/images/8ce550c51f2f3dc542c9.png","media/images/b4707ea0a7123408166f.png","media/images/40b303f4a1a70a895887.png","0.4545614394969535","0.6250150669155016","0.7160034179676574","15511","31413","18121","491","ConvNeXt Satellite"
"qc_23_124","media/images/c2f14bf02071a9ad10a9.png","media/images/24f06efcc2bee7e9cedd.png","media/images/d954c28ce93420ae0ecd.png","0","0","0.9999999999984741","0","65536","0","0","ConvNeXt Satellite"
"qc_65_125","media/images/572326834238b877a941.png","media/images/bf5413f0a3a16fa0f564.png","media/images/5025f56e80ba85d8751c.png","0","0","0.9999999999984741","0","65536","0","0","ConvNeXt Satellite"
"qc_50_114","media/images/da197e210417dd3e56dd.png","media/images/7c2590d061277ea4301a.png","media/images/1fd2c480ff85c9b1121f.png","0","0","0.9855651855453711","0","64590","946","0","ConvNeXt Satellite"
"qc_84_15","media/images/5b1f8ea936840e1cd08c.png","media/images/9ab708a4effdbf875b50.png","media/images/0b8ebda459e297fb5ba8.png","0","0","0.9999999999984741","0","65536","0","0","ConvNeXt Satellite"
"qc_38_122","media/images/9e034e268cae1d6138f2.png","media/images/c91461ae2015394d941c.png","media/images/cf871324b2bd89b8b8c4.png","0","0","0.9999999999984741","0","65536","0","0","ConvNeXt Satellite"
"qc_91_69","media/images/07ef14530ace87458620.png","media/images/e4fc3dc94e8368d396a4.png","media/images/16c52680f3740ba5fbea.png","0","0","0.7494201660144815","0","49114","2931","13491","ConvNeXt Satellite"
"qc_25_129","media/images/0d080b833f1f7313c355.png","media/images/cd323410317884d60a6e.png","media/images/999db802f8abc6769505.png","0","0","0.7626190185535239","0","49979","13661","1896","ConvNeXt Satellite"
"qc_65_84","media/images/693c1b1c8350917343c4.png","media/images/13b912793d36ffba4c52.png","media/images/b776dea7bc5771f30990.png","0","0","0.9999999999984741","0","65536","0","0","ConvNeXt Satellite"
"qc_34_132","media/images/f718a8d78f451c57bd4f.png","media/images/0f80e72cb7f8887e534f.png","media/images/f331947bdd18f6ffd224.png","0","0","0.9999999999984741","0","65536","0","0","ConvNeXt Satellite"
"qc_58_44","media/images/9727699ecde61a3f6ccc.png","media/images/260262aafbe77ba11d18.png","media/images/c32b60b0149411c84738.png","0","0","0.9999999999984741","0","65536","0","0","ConvNeXt Satellite"
"qc_46_67","media/images/59676f3751e69b84ea19.png","media/images/1d3f5b5f8ef43e3ec72c.png","media/images/1aca0f17fdf924e625fe.png","0","0","0.9999999999984741","0","65536","0","0","ConvNeXt Satellite"
"qc_57_34","media/images/75d3e83c96fba53ef2bb.png","media/images/4808bb2263101bb9cc4f.png","media/images/22ebe3c33bdb50b42868.png","0","0","0.9999999999984741","0","65536","0","0","ConvNeXt Satellite"
"qc_62_49","media/images/e66ed159d0e17c5acaec.png","media/images/2ff55814fd6b8064d7d0.png","media/images/a111cf44988c0d6388fb.png","0","0","0.9999999999984741","0","65536","0","0","ConvNeXt Satellite"
"qc_8_104","media/images/8f8b19d98d9cf615019f.png","media/images/cf91bf98ed311ae7a022.png","media/images/19b2a8ce2388acb31175.png","0.7410211181323411","0.8512488066965038","0.8386993408190327","30247","24718","5967","4604","ConvNeXt Satellite"
"qc_81_38","media/images/3dedf6601f9c7910963a.png","media/images/9ab708a4effdbf875b50.png","media/images/0b8ebda459e297fb5ba8.png","0","0","0.9999999999984741","0","65536","0","0","ConvNeXt Satellite"
"qc_113_1","media/images/dabd127a3e65b46df73c.png","media/images/9ab708a4effdbf875b50.png","media/images/0b8ebda459e297fb5ba8.png","0","0","0.9999999999984741","0","65536","0","0","ConvNeXt Satellite"
"qc_37_97","media/images/df57033124d991e8949a.png","media/images/c5f02c06d412f5640b6f.png","media/images/b2220ba88a8360b55f05.png","0","0","0.977813720701633","0","64082","1454","0","ConvNeXt Satellite"
"qc_113_45","media/images/85e1afc64e1ac4325d22.png","media/images/9ab708a4effdbf875b50.png","media/images/0b8ebda459e297fb5ba8.png","0","0","0.9999999999984741","0","65536","0","0","ConvNeXt Satellite"
"qc_64_115","media/images/736fc891f580c9b3f9d3.png","media/images/db430a2f5a4cb0d86238.png","media/images/19b07c4183669a9e2d94.png","0.5667588456316616","0.7234793148221252","0.9067687988267413","7993","51433","5291","819","ConvNeXt Satellite"
"qc_54_59","media/images/366fdbdcb71e957714cd.png","media/images/78e4cb0490f187f1b8ab.png","media/images/6c3d2c489db90adb9425.png","0","0","0.9999999999984741","0","65536","0","0","ConvNeXt Satellite"
"qc_31_122","media/images/f11a0e9b4a4d8d7f3643.png","media/images/bb8eb85b9d757ad6e4b2.png","media/images/258137705bd539a17d2d.png","0","0","0.9999999999984741","0","65536","0","0","ConvNeXt Satellite"
"qc_105_44","media/images/1f8830c1b177cfc1e00e.png","media/images/2a2b23bde979bf31ef54.png","media/images/f5f436981cfd9222e081.png","0","0","0.9999999999984741","0","65536","0","0","ConvNeXt Satellite"
"qc_33_114","media/images/d4d41e5370f8cffafcd2.png","media/images/95a97875139603c82599.png","media/images/8b255fb6511e7e7a3c50.png","0","0","0.9999999999984741","0","65536","0","0","ConvNeXt Satellite"
"qc_32_116","media/images/c10ce35e79900ea725af.png","media/images/37b5bbfe1f97647e074f.png","media/images/4324977d9bbfca4ab1ae.png","0","0","0.9999999999984741","0","65536","0","0","ConvNeXt Satellite"
"qc_16_88","media/images/c4d9b120a287e6a2124a.png","media/images/4984b2b4837ab7ac4c8e.png","media/images/1ae10550b1e609f01f75.png","0","0","0.9999999999984741","0","65536","0","0","ConvNeXt Satellite"
"qc_106_17","media/images/09afeb8d4449f2d23c52.png","media/images/9ab708a4effdbf875b50.png","media/images/0b8ebda459e297fb5ba8.png","0","0","0.9999999999984741","0","65536","0","0","ConvNeXt Satellite"
"qc_105_67","media/images/0572dd4ace5db481883d.png","media/images/c938b6f1576cc2fe28c1.png","media/images/fedbdcd0f3cd2f46a501.png","0","0","0.9999999999984741","0","65536","0","0","ConvNeXt Satellite"
"qc_39_137","media/images/41a61e968225393e49d6.png","media/images/5eabbdf9aea45516daf6.png","media/images/331391af9c31fa600881.png","0","0","0.9999999999984741","0","65536","0","0","ConvNeXt Satellite"
"qc_51_104","media/images/96dc487684bf9f7e058d.png","media/images/8c67df754d20968729c9.png","media/images/b8b72af74f7376bcd976.png","0","0","0.9999999999984741","0","65536","0","0","ConvNeXt Satellite"
"qc_35_52","media/images/c3df91ffcb1a1d022ae3.png","media/images/a1e64f2b40c7b6362856.png","media/images/552a9b6f574eb7e2669c.png","0","0","0.9999999999984741","0","65536","0","0","ConvNeXt Satellite"
"qc_50_36","media/images/c81516a3d9c235d21fc3.png","media/images/4e3fc30777f8ea070ea3.png","media/images/554c653de11f4abac513.png","0","0","0.9999999999984741","0","65536","0","0","ConvNeXt Satellite"
"qc_44_131","media/images/8040d1a12eda93b70768.png","media/images/ca4e6805619abb86f237.png","media/images/0d5be58ab58c6ecb7087.png","0","0","0.9999999999984741","0","65536","0","0","ConvNeXt Satellite"
"qc_64_97","media/images/405300c8f25f2bbcfdc9.png","media/images/11a2987fc61e17b34d98.png","media/images/e301f8ac2f7f8fd57015.png","0","0","0.9999999999984741","0","65536","0","0","ConvNeXt Satellite"
"qc_111_43","media/images/df8165db4701094ba4aa.png","media/images/9ab708a4effdbf875b50.png","media/images/0b8ebda459e297fb5ba8.png","0.8576312306982148","0.9233599976014296","0.9409027099595018","23331","38332","734","3139","ConvNeXt Satellite"
"qc_60_149","media/images/f3d59f090102b7cf9728.png","media/images/8df6f8bd6005e92b8bff.png","media/images/b9bbd9183063359d2446.png","0","0","0.9999999999984741","0","65536","0","0","ConvNeXt Satellite"
"qc_90_82","media/images/bcb0fcfdc90f4794010f.png","media/images/8029a08f494fd4810550.png","media/images/78d1b8c812f857075c72.png","0","0","0.9422760009751247","0","61753","0","3783","ConvNeXt Satellite"
"qc_100_85","media/images/29d9d1903650fc42cef5.png","media/images/dc68c7d36783767cbd2d.png","media/images/0b8ebda459e297fb5ba8.png","0","0","0.9999999999984741","0","65536","0","0","ConvNeXt Satellite"
"qc_64_110","media/images/19cbf9a1c588f5798581.png","media/images/7851f0a667860fbbfb23.png","media/images/b475814d7658710b5ec7.png","0","0","0.9661254882797758","0","63316","0","2220","ConvNeXt Satellite"
"qc_46_86","media/images/71b8e2eb0a5d9f1c1754.png","media/images/b755d44bc99f11bf332e.png","media/images/364ad76b2844772bcf83.png","0","0","0.9999999999984741","0","65536","0","0","ConvNeXt Satellite"
"qc_55_127","media/images/0b44b757779c6266d396.png","media/images/7f6c8f9c54f3f25ba5e0.png","media/images/f58ee19621a0877736f1.png","0","0","0.9267883300767108","0","60738","0","4798","ConvNeXt Satellite"
"qc_98_83","media/images/05656949925b266bdc9b.png","media/images/734238d99eaed5c85a4b.png","media/images/3b2467438d2c9d98681e.png","0","0","0.9999999999984741","0","65536","0","0","ConvNeXt Satellite"
"qc_59_81","media/images/a9a9bc918378a67935b0.png","media/images/81e2e83c53225cbeeaaf.png","media/images/2853b13c5214d1e55902.png","0","0","0.9999999999984741","0","65536","0","0","ConvNeXt Satellite"
"qc_50_79","media/images/d5cd3938992e57de5ca5.png","media/images/91cf32df708ecf0af16e.png","media/images/13be641ecfbc1ecb4a7a.png","0","0","0.9490203857407394","0","62195","523","2818","ConvNeXt Satellite"
"qc_56_128","media/images/7b38e4a7bda9979d965b.png","media/images/117712ec2612bb6e39e2.png","media/images/03d7d41f835b881b4fd6.png","0","0","0.9958648681625429","0","65265","0","271","ConvNeXt Satellite"
"qc_50_61","media/images/9c100159437aadbe9091.png","media/images/14541f135526bb1b50de.png","media/images/bc7d840f5e177af11c69.png","0.015624999999705855","0.030769219347943362","0.9202117919907834","83","60224","245","4984","ConvNeXt Satellite"
"qc_77_68","media/images/2a232211bafe20f82a15.png","media/images/cfc6b36a503a437c58e6.png","media/images/2c65d9518bea790e8755.png","0","0","0.6763458251942804","0","44325","21211","0","ConvNeXt Satellite"
"qc_76_54","media/images/c30693235f7dd60c34e1.png","media/images/9ab708a4effdbf875b50.png","media/images/0b8ebda459e297fb5ba8.png","0","0","0.9999999999984741","0","65536","0","0","ConvNeXt Satellite"
"qc_60_137","media/images/fcc192bc1fcc4a25de63.png","media/images/bb96bf6e32a6cf96c0b3.png","media/images/baf7331cd79e19608896.png","0","0","0.9999999999984741","0","65536","0","0","ConvNeXt Satellite"
"qc_6_130","media/images/3a54e0600be4f8891685.png","media/images/025c4cd24261f67d3547.png","media/images/f8af1a78502f5b174616.png","0","0","0.9999999999984741","0","65536","0","0","ConvNeXt Satellite"
"qc_36_120","media/images/87c3ba138bf0855c4b13.png","media/images/0d87a773cdf094d8d4ea.png","media/images/066be24713f3b0ecdcda.png","0","0","0.9999999999984741","0","65536","0","0","ConvNeXt Satellite"
"qc_64_83","media/images/68030343f2c476b96ac8.png","media/images/35724a93026013cca9be.png","media/images/521d6bd28a78e424ae4e.png","0","0","0.9999999999984741","0","65536","0","0","ConvNeXt Satellite"
"qc_77_146","media/images/20e4ac75de7b7c58c9b0.png","media/images/5cd38c79c0abd29c1c15.png","media/images/077b996801270aa3acb7.png","0","0","0.9999999999984741","0","65536","0","0","ConvNeXt Satellite"
"qc_26_127","media/images/8b0207cf2d89945dfb63.png","media/images/95ad859ab694470ecc49.png","media/images/28fc4cb4e3582e4424e4.png","0","0","0.9608459472641588","0","62970","0","2566","ConvNeXt Satellite"
"qc_48_77","media/images/d2591c1c25d5e33e4113.png","media/images/7a2e9254095e66a48585.png","media/images/d4a22795d79e6b2dc66d.png","0.23156714325114755","0.3760527807390764","0.9581756591782254","826","61969","0","2741","ConvNeXt Satellite"
"qc_38_101","media/images/e8f9974fa51374ef9c79.png","media/images/ada9d47887f1e116744b.png","media/images/09b74c28864ec46511c9.png","0","0","0.9810180664047531","0","64292","1244","0","ConvNeXt Satellite"
"qc_75_52","media/images/592def5f84c7c9bc48c4.png","media/images/9ab708a4effdbf875b50.png","media/images/0b8ebda459e297fb5ba8.png","0","0","0.9999999999984741","0","65536","0","0","ConvNeXt Satellite"
"qc_77_49","media/images/8e69cba9aae4526f48f6.png","media/images/9ab708a4effdbf875b50.png","media/images/0b8ebda459e297fb5ba8.png","0","0","0.9999999999984741","0","65536","0","0","ConvNeXt Satellite"
"qc_69_35","media/images/b721cdab2fd9b136e3a7.png","media/images/89308dd48d2986748e1a.png","media/images/0095cd6b0fa65101c32a.png","0","0","0.9885101318344292","0","64783","0","753","ConvNeXt Satellite"
"qc_74_41","media/images/36b7285f51a175387ead.png","media/images/9ab708a4effdbf875b50.png","media/images/0b8ebda459e297fb5ba8.png","0","0","0.9999999999984741","0","65536","0","0","ConvNeXt Satellite"
"qc_48_88","media/images/07ad7ed0ad35b7e80415.png","media/images/ccfc5355fa86d7ac808e.png","media/images/20b7d006866db2a8b3d3.png","0","0","0.9308319091782672","0","61003","4533","0","ConvNeXt Satellite"
"qc_69_104","media/images/eeba17d5f0d90c51e013.png","media/images/c6299415554b74420a09.png","media/images/1a499086154b225ba1c4.png","0","0","0.9999999999984741","0","65536","0","0","ConvNeXt Satellite"
"qc_33_115","media/images/d8b185c32b13d635031b.png","media/images/a5febc29003920e77a20.png","media/images/ee98f72d33bea5160eff.png","0","0","0.9999999999984741","0","65536","0","0","ConvNeXt Satellite"
"qc_70_47","media/images/5a08fd8f210876ff427c.png","media/images/0969c066ea2fa32626db.png","media/images/6d4c9b292207dc7ff47f.png","0","0","0.9999999999984741","0","65536","0","0","ConvNeXt Satellite"
"qc_79_103","media/images/d2132b1a4eb61c73871d.png","media/images/459a1ed878dfb3c22b6f.png","media/images/8ec16e4540ac6b3d0594.png","0.7725032181068962","0.8716522103913661","0.8894348144517679","24605","33685","5526","1720","ConvNeXt Satellite"
"qc_77_159","media/images/331555886627fcc550ad.png","media/images/9ab708a4effdbf875b50.png","media/images/0b8ebda459e297fb5ba8.png","0","0","0.9999999999984741","0","65536","0","0","ConvNeXt Satellite"
"qc_78_115","media/images/b9b3c2b46cbd7aeb6f18.png","media/images/beab50b6316da9926447.png","media/images/3d8d535b23203b5b400f.png","0","0","0.9999999999984741","0","65536","0","0","ConvNeXt Satellite"
"qc_61_76","media/images/7cc6256e854661efa1b7.png","media/images/2234a0515bb45b5d03e0.png","media/images/54b0d5001a1b4a146a0c.png","0","0","0.9997253417953496","0","65518","18","0","ConvNeXt Satellite"
"qc_57_110","media/images/34a8bb2da1b120425434.png","media/images/c3f3ca0073828a7dfc35.png","media/images/795cc105641fd2a2ae4a.png","0","0","0.9999999999984741","0","65536","0","0","ConvNeXt Satellite"
"qc_108_7","media/images/145c3756cfeac9ac4291.png","media/images/9ab708a4effdbf875b50.png","media/images/0b8ebda459e297fb5ba8.png","0","0","0.9999999999984741","0","65536","0","0","ConvNeXt Satellite"
"qc_65_73","media/images/c173a491d7e4e4d1fb34.png","media/images/cb3cd0efa81766604824.png","media/images/952ba970b8112c60539b.png","0","0","0.9999999999984741","0","65536","0","0","ConvNeXt Satellite"
"qc_59_107","media/images/45ca29c7b19853520cee.png","media/images/feb8ff78cbeb5ba2a7e1.png","media/images/6cbf91014bd08a64dbc0.png","0.22640099626119053","0.36921198957096374","0.9052124023423688","1818","57506","249","5963","ConvNeXt Satellite"
"qc_97_28","media/images/c997e59b559438ea94d0.png","media/images/9ab708a4effdbf875b50.png","media/images/0b8ebda459e297fb5ba8.png","0","0","0.9999999999984741","0","65536","0","0","ConvNeXt Satellite"
"qc_36_87","media/images/1ba300e5314a5e4dfe58.png","media/images/51b19cbb9e294c98cec5.png","media/images/d10941a63a9020abaeba.png","0.8601919727801215","0.9248421012199852","0.9473266601548045","21239","40845","2872","580","ConvNeXt Satellite"
"qc_48_104","media/images/fb142e04b30390d4d81c.png","media/images/41a91b14999bc5a2aa8a.png","media/images/efabff238533ebadca09.png","0","0","0.9999999999984741","0","65536","0","0","ConvNeXt Satellite"
"qc_73_37","media/images/c0b16154a846eb83375b.png","media/images/9ab708a4effdbf875b50.png","media/images/0b8ebda459e297fb5ba8.png","0","0","0.9999999999984741","0","65536","0","0","ConvNeXt Satellite"
"qc_21_141","media/images/03665f496f925bbf0af6.png","media/images/1732cd955526798a9f63.png","media/images/8e15bf76df690b313f0b.png","0","0","0.9999999999984741","0","65536","0","0","ConvNeXt Satellite"
"qc_57_29","media/images/991f8390a3373ff17aed.png","media/images/a32df18bdfc110064b18.png","media/images/66fe8cff16b6d4341563.png","0.32406128756280617","0.48949586128609146","0.843154907225276","4928","50329","956","9323","ConvNeXt Satellite"
"qc_76_155","media/images/71ee9519c9e7605a21ba.png","media/images/c2659708b1ccea76a55e.png","media/images/85a58e687e93276ba163.png","0","0","0.9999999999984741","0","65536","0","0","ConvNeXt Satellite"
"qc_69_108","media/images/e270ea1c239e8da11724.png","media/images/ddea27a5df08073d3a1e.png","media/images/933fcce3cc75a66d3fba.png","0","0","0.9999999999984741","0","65536","0","0","ConvNeXt Satellite"
"qc_80_109","media/images/a9c0d71c280841a2f40e.png","media/images/2620e1531e13cfa5a625.png","media/images/8737e7da9af0dd0558d9.png","0","0","0.9999999999984741","0","65536","0","0","ConvNeXt Satellite"
"qc_82_40","media/images/43cf819c0cae252e2488.png","media/images/9ab708a4effdbf875b50.png","media/images/0b8ebda459e297fb5ba8.png","0","0","0.9999999999984741","0","65536","0","0","ConvNeXt Satellite"
"qc_64_92","media/images/cf3f2f8b14c78ebc38f2.png","media/images/48936c8a9aaf97e5fdd0.png","media/images/6ffbb8c9bfc392a93f98.png","0","0","0.9999999999984741","0","65536","0","0","ConvNeXt Satellite"
"qc_16_141","media/images/4e975eab7a0424a52ee3.png","media/images/c2af45ad88b996ffedcd.png","media/images/176e0003e5364a26bc20.png","0","0","0.9999999999984741","0","65536","0","0","ConvNeXt Satellite"
"qc_85_93","media/images/426d379b10bba28ea40d.png","media/images/503544225fe8cdb8a2c8.png","media/images/572298e783048cfefbb4.png","0","0","0.9999999999984741","0","65536","0","0","ConvNeXt Satellite"
"qc_58_53","media/images/d139a3b2443dce81ee46.png","media/images/5d8657b5ab0446b216c4.png","media/images/55bec12d07ea23a92d33.png","0.4285714285633833","0.5999999513117643","0.9535522460922949","2283","60209","902","2142","ConvNeXt Satellite"
"qc_19_136","media/images/dc6e60a736a6256d0978.png","media/images/ac3ebfd149dcfc17336f.png","media/images/f1acf9c765ff030034dd.png","0","0","0.9999999999984741","0","65536","0","0","ConvNeXt Satellite"
"qc_42_88","media/images/4507c2685aaf8f3ea36f.png","media/images/de1d13d807ec8054cd93.png","media/images/32c31871e3c7259257ce.png","0","0","0.9999999999984741","0","65536","0","0","ConvNeXt Satellite"
"qc_60_44","media/images/a88ba580a39e71ade4ca.png","media/images/559d0290668615ecbf77.png","media/images/03f9842ceedfa03a7114.png","0","0","0.950607299803237","0","62299","0","3237","ConvNeXt Satellite"
"qc_106_18","media/images/aeed8983152b90ac22f2.png","media/images/9ab708a4effdbf875b50.png","media/images/0b8ebda459e297fb5ba8.png","0","0","0.9999999999984741","0","65536","0","0","ConvNeXt Satellite"
"qc_49_54","media/images/bb4437a35eec06a02051.png","media/images/dc8550dc42dfcde43eff.png","media/images/ca03b41c9aaa4d9c8094.png","0.5909629572973318","0.7428996568647844","0.8367309570299732","15459","39377","5045","5655","ConvNeXt Satellite"
"qc_79_104","media/images/0be490f955981408235d.png","media/images/611bbc6022dc1f2c426e.png","media/images/c9f68970e8466c8cd356.png","0.7633247535916776","0.8657789309660869","0.8849487304673996","24318","33678","6902","638","ConvNeXt Satellite"
"qc_94_34","media/images/85836bc09e3698c845e7.png","media/images/9ab708a4effdbf875b50.png","media/images/0b8ebda459e297fb5ba8.png","0","0","0.9999999999984741","0","65536","0","0","ConvNeXt Satellite"
"qc_26_92","media/images/5b04b7501f9f5549a37f.png","media/images/109223c74d186c604bb2.png","media/images/b7358b4eaf1fc72189ac.png","0","0","0.9999999999984741","0","65536","0","0","ConvNeXt Satellite"
"qc_85_83","media/images/1c1757b98cef9d4c4c19.png","media/images/e46296b9e6d6e8684d47.png","media/images/c005885d9d0c28c8fc3b.png","0","0","0.9999999999984741","0","65536","0","0","ConvNeXt Satellite"
"qc_90_49","media/images/54bc46b47c72f4ef1f11.png","media/images/9ab708a4effdbf875b50.png","media/images/0b8ebda459e297fb5ba8.png","0","0","0.9999999999984741","0","65536","0","0","ConvNeXt Satellite"
"qc_93_64","media/images/3deb96d4041abcbb72d0.png","media/images/ac2bdde66de4b72f27c1.png","media/images/9f20b43cb43af66d2b41.png","0.36331620274864135","0.5329888602580876","0.6275939941396673","13927","27203","23049","1357","ConvNeXt Satellite"
"qc_39_85","media/images/b36e1eb1ccc32fd23ccd.png","media/images/4f7ff730009efb1d9966.png","media/images/03bec6f4cd0acf00b090.png","0","0","0.9999999999984741","0","65536","0","0","ConvNeXt Satellite"
"qc_55_63","media/images/1a210ebb60d75228bcc9.png","media/images/7c893c86982a545f09c3.png","media/images/72ab3afcd4131dd18801.png","0","0","0.9999999999984741","0","65536","0","0","ConvNeXt Satellite"
"qc_96_21","media/images/7a28c35346554f966fc6.png","media/images/9ab708a4effdbf875b50.png","media/images/0b8ebda459e297fb5ba8.png","0","0","0.9999999999984741","0","65536","0","0","ConvNeXt Satellite"
"qc_70_39","media/images/b41ffa693f92b45e9ba3.png","media/images/9ab708a4effdbf875b50.png","media/images/0b8ebda459e297fb5ba8.png","0","0","0.9999999999984741","0","65536","0","0","ConvNeXt Satellite"
"qc_56_131","media/images/14689a572943d7ba5cdb.png","media/images/7509733f83eb5b360c0a.png","media/images/39528cac656da65732eb.png","0","0","0.9999999999984741","0","65536","0","0","ConvNeXt Satellite"
"qc_46_100","media/images/c22b82be503f6b422c57.png","media/images/07a57b0b5c67e549ec98.png","media/images/c7051ee9e48769fffecd.png","0","0","0.9771118164047591","0","64036","1500","0","ConvNeXt Satellite"
"qc_46_39","media/images/e15b349b719d07f35caf.png","media/images/127b40b59e753a9a9c7c.png","media/images/49932367ab30d38fe602.png","0","0","0.9999999999984741","0","65536","0","0","ConvNeXt Satellite"
"qc_50_60","media/images/e2ce136bcc9d516816f1.png","media/images/cd64541cdddd367720a6.png","media/images/733e74fddbc47a24df11.png","0","0","0.9999999999984741","0","65536","0","0","ConvNeXt Satellite"
"qc_57_53","media/images/ad7ea41bd0ec51830fd7.png","media/images/9adb09e15fa2baa4aae8.png","media/images/73fc26a8a753188c4e98.png","0","0","0.9477539062485538","0","62112","0","3424","ConvNeXt Satellite"
"qc_57_140","media/images/544a45a99f5d80e151cd.png","media/images/2919e60f243c0a38b48f.png","media/images/d645983201d6163982a3.png","0","0","0.9999999999984741","0","65536","0","0","ConvNeXt Satellite"
"qc_104_54","media/images/0bb4aa54299510166899.png","media/images/7a72c143d8a43bdbef10.png","media/images/d50c476692167639561a.png","0","0","0.9279632568345215","0","60815","0","4721","ConvNeXt Satellite"
"qc_86_83","media/images/d0d16970438d9f289222.png","media/images/db914e7b8085e75f5578.png","media/images/f811480f5d3d17ad32d4.png","0","0","0.9999999999984741","0","65536","0","0","ConvNeXt Satellite"
"qc_87_23","media/images/a2d835f05cceb12afeab.png","media/images/9ab708a4effdbf875b50.png","media/images/0b8ebda459e297fb5ba8.png","0","0","0.9999999999984741","0","65536","0","0","ConvNeXt Satellite"
"qc_113_51","media/images/fb36f0038c6ffdc6d800.png","media/images/9ab708a4effdbf875b50.png","media/images/0b8ebda459e297fb5ba8.png","0","0","0.9999999999984741","0","65536","0","0","ConvNeXt Satellite"
"qc_96_55","media/images/7aaac2b5762d2ba5e8fc.png","media/images/8d41953509d2e820465b.png","media/images/0b8ebda459e297fb5ba8.png","0","0","0.9999999999984741","0","65536","0","0","ConvNeXt Satellite"
"qc_92_37","media/images/91d1a7e4a0f2b94d573b.png","media/images/9ab708a4effdbf875b50.png","media/images/0b8ebda459e297fb5ba8.png","0","0","0.9999999999984741","0","65536","0","0","ConvNeXt Satellite"
"qc_63_94","media/images/cdc95d7ad686c403f604.png","media/images/f02f9307bacfa7ec90c6.png","media/images/b54a6fc64368e20d72bc.png","0","0","0.9999999999984741","0","65536","0","0","ConvNeXt Satellite"
"qc_71_119","media/images/3ce3124c147c2beae557.png","media/images/1ec24f8627a6737e7196.png","media/images/a4a0953785d2b4cf45c5.png","0","0","0.9999999999984741","0","65536","0","0","ConvNeXt Satellite"
"qc_86_49","media/images/422ddd0c539315758534.png","media/images/9ab708a4effdbf875b50.png","media/images/0b8ebda459e297fb5ba8.png","0","0","0.9999999999984741","0","65536","0","0","ConvNeXt Satellite"
"qc_53_131","media/images/dc5496bfea316ca6b25d.png","media/images/6fd067152362c1f18434.png","media/images/a095523b1a19f7db1830.png","0","0","0.9999999999984741","0","65536","0","0","ConvNeXt Satellite"
"qc_26_63","media/images/2068eb1132b212a3061f.png","media/images/c1e2e71ae5541806b52f.png","media/images/bfe229b4bece44f4c96d.png","0","0","0.9999999999984741","0","65536","0","0","ConvNeXt Satellite"
"qc_33_80","media/images/c1d0bf33b8ca8ae38954.png","media/images/d1eb6940056e6ee49146.png","media/images/27e3bbec37c9711c8389.png","0","0","0.9999999999984741","0","65536","0","0","ConvNeXt Satellite"
"qc_37_55","media/images/54f3236977ef230730ce.png","media/images/3e69f5d8cba2b469bf07.png","media/images/cf838e64a2f7a59c87e1.png","0.4559463592500649","0.6263229731188154","0.7882843017566097","11628","40033","12581","1294","ConvNeXt Satellite"
"qc_57_67","media/images/c0529a0c79fc187c5ccb.png","media/images/fa546c15119bd49efe78.png","media/images/edf54783ea642b3f7491.png","0","0","0.9999999999984741","0","65536","0","0","ConvNeXt Satellite"
"qc_20_141","media/images/214f1edc12b5ffc38b73.png","media/images/fdb39af7e65a4594a545.png","media/images/1169ed3131bd102d1883.png","0","0","0.9999999999984741","0","65536","0","0","ConvNeXt Satellite"
"qc_85_34","media/images/3d635c22859e7fa362f9.png","media/images/9ab708a4effdbf875b50.png","media/images/0b8ebda459e297fb5ba8.png","0","0","0.9999999999984741","0","65536","0","0","ConvNeXt Satellite"
"qc_66_57","media/images/47a1b7e9984cae7552d4.png","media/images/c0d37af2bdd01b7a5ff1.png","media/images/2aac6ce911e1a5672c68.png","0.3583924349712344","0.5276713821260155","0.9792938232406933","758","63421","84","1273","ConvNeXt Satellite"
"qc_38_38","media/images/4072a4ed13027cb6a4af.png","media/images/1cf47cf0c6e2b2b89faf.png","media/images/577aafd98cea32b4f687.png","0","0","0.9999999999984741","0","65536","0","0","ConvNeXt Satellite"
"qc_10_129","media/images/777bfde20671f4ce76bc.png","media/images/ce183eaf8a0d0b740ad6.png","media/images/66ec15b5ec8023c51ece.png","0","0","0.9999999999984741","0","65536","0","0","ConvNeXt Satellite"
"qc_90_59","media/images/14860256133dfe8d01dc.png","media/images/e1ac6cb71aeef2b9b3f8.png","media/images/92ad5e0fa1f2db643829.png","0.12914125597388212","0.228742390814134","0.8387603759752826","1567","53402","1756","8811","ConvNeXt Satellite"
"qc_68_70","media/images/6a2ebea8f650f1b41f9a.png","media/images/fe7314ab925e3186774b.png","media/images/13434b2ed86e8e9aef19.png","0.7844519983937156","0.8792076835048891","0.8442230224596493","37154","18173","7431","2778","ConvNeXt Satellite"
"qc_41_127","media/images/e88fa0c94cade0a48aa4.png","media/images/31b9bf2fb474dc358e3a.png","media/images/454a3cbae08057075e1f.png","0","0","0.9999999999984741","0","65536","0","0","ConvNeXt Satellite"
"qc_99_45","media/images/3e44922cc2f7db45e857.png","media/images/7df3dbe7dbd681236310.png","media/images/6c54840925521402ac6c.png","0","0","0.9999999999984741","0","65536","0","0","ConvNeXt Satellite"
"qc_46_93","media/images/7189b1b13886ff2cc209.png","media/images/645e313212ffba696df2.png","media/images/522aa974cc5b82583b2e.png","0.6483107209191724","0.7866364901279456","0.9798278808578799","2437","61777","955","367","ConvNeXt Satellite"
"qc_39_90","media/images/695ad0f861f1f8d19373.png","media/images/52d7959f8f22a9127a01.png","media/images/7a13fc6bf322f8e12da1.png","0","0","0.9999999999984741","0","65536","0","0","ConvNeXt Satellite"
"qc_47_89","media/images/8b2a09898496ed0acc18.png","media/images/3f27dff5c5657dd40120.png","media/images/967c8cf3696fe4bd39dd.png","0","0","0.9999999999984741","0","65536","0","0","ConvNeXt Satellite"
"qc_20_118","media/images/339409bf2485b45fbf4b.png","media/images/5854fcd7dc2ccc958153.png","media/images/f85c1ca2b50caa4a96cf.png","0","0","0.9999999999984741","0","65536","0","0","ConvNeXt Satellite"
"qc_57_31","media/images/f3cac85d5f22e37e84ef.png","media/images/637e158fe63b3dc1670b.png","media/images/b8a1a010f3814f9d4a68.png","0.7611787486906871","0.8643968772013657","0.8362731933580989","34199","20607","10062","668","ConvNeXt Satellite"
"qc_46_103","media/images/79fc2418058496dcf7ee.png","media/images/3aed0449fb106bb61c7a.png","media/images/d7d5233d1b0d48cbbdf7.png","0.2709219858091981","0.4263392521527582","0.9529418945297959","1146","61306","0","3084","ConvNeXt Satellite"
"qc_71_44","media/images/36aa461c70e176ea555f.png","media/images/9ab708a4effdbf875b50.png","media/images/0b8ebda459e297fb5ba8.png","0","0","0.9999999999984741","0","65536","0","0","ConvNeXt Satellite"
"qc_32_124","media/images/47a88ad6ba56ba3ef27b.png","media/images/6771cf2cf7d193374aff.png","media/images/e630f9ebf6d0d375f1ec.png","0","0","0.9999999999984741","0","65536","0","0","ConvNeXt Satellite"
"qc_111_50","media/images/4853b76b6976162117eb.png","media/images/9ab708a4effdbf875b50.png","media/images/0b8ebda459e297fb5ba8.png","0","0","0.9999999999984741","0","65536","0","0","ConvNeXt Satellite"
"qc_25_62","media/images/4e73329de125aa85abbc.png","media/images/ac0044d917378963c62a.png","media/images/ad43196d9a735892f21c.png","0","0","0.9999999999984741","0","65536","0","0","ConvNeXt Satellite"
"qc_30_111","media/images/6a8df6b0394223af9615.png","media/images/60f1504925fb4fc852f9.png","media/images/f600a40fca1004fa2d37.png","0","0","0.9999999999984741","0","65536","0","0","ConvNeXt Satellite"
"qc_55_109","media/images/4890fdcbeb3f8a205540.png","media/images/a78b36a0db6bc79d3932.png","media/images/27b83ce5d27446106735.png","0","0","0.9999999999984741","0","65536","0","0","ConvNeXt Satellite"
"qc_53_49","media/images/e586743dc996c0cfd255.png","media/images/54a7b4d21de25c44b61a.png","media/images/a795b9e91012dbaf11db.png","0","0","0.9999999999984741","0","65536","0","0","ConvNeXt Satellite"
"qc_69_89","media/images/1396b89abefe351ddc45.png","media/images/efc5c5f51a6570e7edf9.png","media/images/91aa165068df93b3c887.png","0","0","0.9999999999984741","0","65536","0","0","ConvNeXt Satellite"
"qc_32_79","media/images/5f095d75630e4d074a0c.png","media/images/cfb35579d39bfe236dba.png","media/images/175951dfe6e75f781f19.png","0","0","0.9999999999984741","0","65536","0","0","ConvNeXt Satellite"
"qc_95_64","media/images/dfa9ff11a0eff4fcd02a.png","media/images/9e36af59aba27ec31f91.png","media/images/c9ea1e9d67d9c10698e8.png","0.6280305788086783","0.7715217960646475","0.9220428466782805","8626","51801","2580","2529","ConvNeXt Satellite"
"qc_89_55","media/images/9177d320215db00efe3b.png","media/images/589ea8f1210cfe464e15.png","media/images/a760ddba62f734b4756a.png","0.566118401518419","0.7229572960222334","0.7770080566394394","19068","31854","6445","8169","ConvNeXt Satellite"
"qc_81_86","media/images/33eb501c15903d0e0c07.png","media/images/9ab708a4effdbf875b50.png","media/images/0b8ebda459e297fb5ba8.png","0","0","0.9999999999984741","0","65536","0","0","ConvNeXt Satellite"
"qc_90_54","media/images/a31b86aa0dd63ff8aeea.png","media/images/736576b4addfc4057d4d.png","media/images/e741e0cf379ba3b2e3c6.png","0.5735739039535355","0.7290078539458466","0.763427734373835","20854","29178","15329","175","ConvNeXt Satellite"
"qc_50_43","media/images/3ba217b64fc30359f1f2.png","media/images/aebce2d63e65a1ec3f05.png","media/images/08ba68439d31096bb74f.png","0","0","0.9999999999984741","0","65536","0","0","ConvNeXt Satellite"
"qc_37_66","media/images/81d5dec4c75eaec4b5f8.png","media/images/6b65a24d44352c449962.png","media/images/7f8dff45f592e864f3c7.png","0","0","0.9999999999984741","0","65536","0","0","ConvNeXt Satellite"
"qc_97_57","media/images/c9645e9168c05d830dff.png","media/images/4d13bfe2ac080fca2e2e.png","media/images/e33c4ce59edd057f3d4d.png","0","0","0.9550476074204177","0","62590","2946","0","ConvNeXt Satellite"
"qc_43_57","media/images/880b20a2f1bbe9283f1c.png","media/images/ee541f71ca35e9967de7.png","media/images/6de93cd9cc4cfde74b42.png","0","0","0.9999999999984741","0","65536","0","0","ConvNeXt Satellite"
"qc_59_148","media/images/e9fba0996953eacd873b.png","media/images/3b14fc011875d44049b2.png","media/images/30659456c6df36ca9da7.png","0","0","0.9999999999984741","0","65536","0","0","ConvNeXt Satellite"
"qc_34_37","media/images/f25fea90a60532f9a603.png","media/images/550b5a8e453a3d5b1695.png","media/images/33140c1e5086ceebde8d.png","0.8917356052169162","0.9427697564963922","0.9197235107407841","43333","16942","1676","3585","ConvNeXt Satellite"
"qc_102_47","media/images/7467e11cc142950717aa.png","media/images/d460c1490c88928eb310.png","media/images/f54f260dd38f22e1eb12.png","0.6010407632245685","0.7508125180787409","0.7964477539050347","20097","32099","4375","8965","ConvNeXt Satellite"
"qc_67_120","media/images/69146056f3e0d9e37b7b.png","media/images/21f361ca8761e71e043e.png","media/images/18b9b6b903cfd4baa6df.png","0","0","0.854522705076821","0","56002","0","9534","ConvNeXt Satellite"
"qc_61_46","media/images/3973c54a961fe6750823.png","media/images/3754dae4d475f9e6efef.png","media/images/64cb436dac35ee4d821f.png","0","0","0.989913940428177","0","64875","0","661","ConvNeXt Satellite"
"qc_36_125","media/images/b93a3ffae7cb565ea78d.png","media/images/ee5a31a3abf522e2d317.png","media/images/0322547d8dec89190397.png","0","0","0.9999999999984741","0","65536","0","0","ConvNeXt Satellite"
"qc_82_23","media/images/29cdfa9763f3407a7cea.png","media/images/94e10a203504f7fdd36b.png","media/images/5749ebad1baf13d8864f.png","0","0","0.9999999999984741","0","65536","0","0","ConvNeXt Satellite"
"qc_23_104","media/images/48b7451e762190da45a1.png","media/images/f47c84423b192e0edc87.png","media/images/9f2ab5b564b68aaa9968.png","0","0","0.9999999999984741","0","65536","0","0","ConvNeXt Satellite"
"qc_81_146","media/images/4f206972be1085b17584.png","media/images/044ff2ae2d1f8d85b7c5.png","media/images/97fac69135e54c5220e6.png","0","0","0.9999999999984741","0","65536","0","0","ConvNeXt Satellite"
"qc_38_123","media/images/977f8be3a4b157a7181b.png","media/images/da291e318fa8508be798.png","media/images/92c14bcbcb8877a53cf6.png","0","0","0.9999999999984741","0","65536","0","0","ConvNeXt Satellite"
"qc_60_42","media/images/17c75b692e5be2b5a0b0.png","media/images/1d97557898021fb90c68.png","media/images/d725e59bc47d4b731ea4.png","0","0","0.9999999999984741","0","65536","0","0","ConvNeXt Satellite"
"qc_78_101","media/images/2adda426b1c3ff35f4ab.png","media/images/6e080af4b8306a0350cc.png","media/images/0981fd211ec874473c0e.png","0","0","0.9999999999984741","0","65536","0","0","ConvNeXt Satellite"
"qc_88_66","media/images/63039c6d674a40996f0d.png","media/images/e8ddad9a04046d22e0c5.png","media/images/ae683adb42787884b303.png","0.5306177304258366","0.6933379665856626","0.7068939208973588","21715","24612","7037","12172","ConvNeXt Satellite"
"qc_63_107","media/images/ac4d577abbdcfe463444.png","media/images/82eb7fa8ea793282f816.png","media/images/674a7aae09edf159bfe6.png","0.17093191694420734","0.2919587129419152","0.947601318357929","708","61394","1806","1628","ConvNeXt Satellite"
"qc_40_51","media/images/62de8f33ae60d77560a2.png","media/images/8451ad0c7acad119d118.png","media/images/f6046641a1ffb51eea05.png","0","0","0.9996490478500372","0","65513","23","0","ConvNeXt Satellite"
"qc_35_96","media/images/455c53c5c16f338dd68d.png","media/images/6da2c2f54d4292141d38.png","media/images/6ed05cedcc04b4a9bb7e.png","0","0","0.9969482421859788","0","65336","200","0","ConvNeXt Satellite"
"qc_79_60","media/images/5919c43cf49713c80306.png","media/images/baede91f4bd824e10d7b.png","media/images/d9ce6d3c47b0358e1499.png","0","0","0.9544830322251061","0","62553","0","2983","ConvNeXt Satellite"
"qc_71_90","media/images/b8a89fd9e4aba2ce6572.png","media/images/ed775e6ecc8264440d8c.png","media/images/fecdc39e631bf77bebda.png","0","0","0.9999999999984741","0","65536","0","0","ConvNeXt Satellite"
"qc_28_45","media/images/3fd6b7cd74d5e313976e.png","media/images/a70c3795654e66e90664.png","media/images/fc505b3ceceafa9a33bb.png","0","0","0.6792602539052135","0","44516","21020","0","ConvNeXt Satellite"
"qc_89_52","media/images/7745ae4d9213cd2b3b4b.png","media/images/9ab708a4effdbf875b50.png","media/images/0b8ebda459e297fb5ba8.png","0","0","0.9999999999984741","0","65536","0","0","ConvNeXt Satellite"
"qc_91_68","media/images/e0f1ad2aa542cf4573b9.png","media/images/2f05d4f40c9896a1c446.png","media/images/13c71e845c77de77362c.png","0","0","0.9999999999984741","0","65536","0","0","ConvNeXt Satellite"
"qc_11_117","media/images/7848863cfe45bb05756d.png","media/images/c2a12a8093d1ff3cee3a.png","media/images/1c489352ee1d058ce0d7.png","0","0","0.9999999999984741","0","65536","0","0","ConvNeXt Satellite"
"qc_26_49","media/images/e8415b544869d712326b.png","media/images/2308c4123588b297ac70.png","media/images/7ac2cdbac6c1ed220b42.png","0","0","0.9661560058579007","0","63318","2218","0","ConvNeXt Satellite"
"qc_69_151","media/images/c562ee1da61cfd317bda.png","media/images/8c82289eaf237ece9900.png","media/images/6571c33c766e4664591d.png","0","0","0.9999999999984741","0","65536","0","0","ConvNeXt Satellite"
"qc_46_70","media/images/38f71c9145fa7079bd33.png","media/images/3a5fa975c85ad13ea03a.png","media/images/5022482de6f271421c4b.png","0.6467482601236682","0.7854852331772013","0.9775390624985084","2695","61369","60","1412","ConvNeXt Satellite"
"qc_44_66","media/images/01d8905df05d43e71176.png","media/images/6cdc92cf8841170c196f.png","media/images/8c095b01e8cf6d4b6b95.png","0","0","0.9999999999984741","0","65536","0","0","ConvNeXt Satellite"
"qc_62_30","media/images/2a010f65bd1c784cc85e.png","media/images/9fe7c3e4105121187301.png","media/images/84dc225ac02fca0192f9.png","0","0","0.906341552732992","0","59398","5021","1117","ConvNeXt Satellite"
"qc_105_21","media/images/2d59a472285e7077e3f7.png","media/images/9ab708a4effdbf875b50.png","media/images/0b8ebda459e297fb5ba8.png","0","0","0.9999999999984741","0","65536","0","0","ConvNeXt Satellite"
"qc_54_90","media/images/4c911038c2e96b1fe809.png","media/images/677a3e8f7de29c2c7918.png","media/images/02fb12fc8666bafbe637.png","0","0","0.9999999999984741","0","65536","0","0","ConvNeXt Satellite"
"qc_64_70","media/images/6cdceae05a9f065b49f5.png","media/images/9477ab926e45d8e33930.png","media/images/15a64067e1273ec4397f.png","0","0","0.9256591796860876","0","60664","0","4872","ConvNeXt Satellite"
"qc_62_142","media/images/bb29a9e4ee5bd64c8d39.png","media/images/b7649a93056f99215209.png","media/images/4d1783f3a6ef0e18a66c.png","0","0","0.9999999999984741","0","65536","0","0","ConvNeXt Satellite"
"qc_88_17","media/images/20c5dbb3b5011acfc87e.png","media/images/9ab708a4effdbf875b50.png","media/images/0b8ebda459e297fb5ba8.png","0","0","0.9999999999984741","0","65536","0","0","ConvNeXt Satellite"
"qc_105_25","media/images/d4e4fc7b0178fc8e3d06.png","media/images/9ab708a4effdbf875b50.png","media/images/0b8ebda459e297fb5ba8.png","0","0","0.9999999999984741","0","65536","0","0","ConvNeXt Satellite"
"qc_90_67","media/images/66e5b2dd50e01ddedf81.png","media/images/9f23698ec8b7e4a03e94.png","media/images/b5379cb6cba73e46c06a.png","0.6088788838556949","0.7568982979343966","0.772003173826947","23261","27333","11678","3264","ConvNeXt Satellite"
"qc_51_95","media/images/d73c0829e91620d95474.png","media/images/5aefc24e05b73c15ec24.png","media/images/816d8874256ae26ec919.png","0.4878985642346153","0.65582230099937","0.7904663085925439","13083","38721","12521","1211","ConvNeXt Satellite"
"qc_16_99","media/images/62d32489665ae42d7a5a.png","media/images/a52ee1663cd7e272d5a8.png","media/images/cf3bbd0890f21eea18f6.png","0.6482065431569557","0.7865597975104097","0.9182891845689113","9867","50314","1336","4019","ConvNeXt Satellite"
"qc_73_61","media/images/c95051d34d575dba1841.png","media/images/f349212b2d10e0d2651f.png","media/images/1a6b331fcf0998b255eb.png","0","0","0.9999999999984741","0","65536","0","0","ConvNeXt Satellite"
"qc_65_143","media/images/78c9252964908da96112.png","media/images/0ed34dbac60a401563de.png","media/images/81c32d60061a001dbebe.png","0","0","0.9999999999984741","0","65536","0","0","ConvNeXt Satellite"
"qc_43_71","media/images/37199173267edde34852.png","media/images/34a3c05b9d9d65dc55f1.png","media/images/12083353f3d5511595fe.png","0.8057381296511693","0.8924196388379722","0.8913116455064525","29544","28869","5991","1132","ConvNeXt Satellite"
"qc_54_145","media/images/d0735916a742494ea338.png","media/images/c8b27b33d945ff0e90d4.png","media/images/b89d7508e95d935a0900.png","0","0","0.9999999999984741","0","65536","0","0","ConvNeXt Satellite"
"qc_4_113","media/images/60aa78cf54cb48cb3c71.png","media/images/abed30a63b671866890c.png","media/images/9f02415c2cea2ebce8a2.png","0","0","0.9999999999984741","0","65536","0","0","ConvNeXt Satellite"
"qc_54_137","media/images/e792009c460e6bca8017.png","media/images/d0649fa14f709463a749.png","media/images/52044e05f057d8d63713.png","0","0","0.9999999999984741","0","65536","0","0","ConvNeXt Satellite"
"qc_44_50","media/images/d4cd53dbe1ea281245e5.png","media/images/0ca2a12424898e03519d.png","media/images/68ca7d59f78e4919ea39.png","0.752306819935294","0.8586473190819861","0.9266815185532735","14594","46137","684","4121","ConvNeXt Satellite"
"qc_116_44","media/images/2177f162767595110005.png","media/images/9ab708a4effdbf875b50.png","media/images/0b8ebda459e297fb5ba8.png","0","0","0.9999999999984741","0","65536","0","0","ConvNeXt Satellite"
"qc_21_97","media/images/f7ab728d391285db6a51.png","media/images/a0651b370bd013ccc2dc.png","media/images/55a9c1e1ed22fea94d92.png","0.624928764780195","0.7691767653973819","0.678634643553652","35091","9384","19271","1790","ConvNeXt Satellite"
"qc_56_54","media/images/482885ddb8c081288142.png","media/images/3d9815cc4791b5a01cc8.png","media/images/6803350d4c2b48a0853b.png","0","0","0.8039245605456483","0","52686","12850","0","ConvNeXt Satellite"
"qc_89_33","media/images/741daeb128be14cb408f.png","media/images/9ab708a4effdbf875b50.png","media/images/0b8ebda459e297fb5ba8.png","0","0","0.9999999999984741","0","65536","0","0","ConvNeXt Satellite"
"qc_38_56","media/images/d52461e19bd8e0fd744c.png","media/images/2209158f85057508a1b6.png","media/images/63f8421c6d22b5c17147.png","0.6902227374917611","0.8167239505371464","0.7309112548816972","39293","8608","14001","3634","ConvNeXt Satellite"
"qc_47_57","media/images/b4e5e479f6f96103ec48.png","media/images/0840b563b553e81e7078.png","media/images/7d6013232feed281b603.png","0.1512610058195754","0.26277445367348556","0.5660858154288237","5068","32031","27613","824","ConvNeXt Satellite"
"qc_91_26","media/images/5ec537cf35336e37107f.png","media/images/9ab708a4effdbf875b50.png","media/images/0b8ebda459e297fb5ba8.png","0","0","0.9999999999984741","0","65536","0","0","ConvNeXt Satellite"
"qc_25_142","media/images/7cb850d19a5c7f282846.png","media/images/5037846560410831fba9.png","media/images/928d79437267cfa4c023.png","0.38046153845958736","0.5512091383510758","0.8156585693346929","7419","46036","1679","10402","ConvNeXt Satellite"
"qc_27_122","media/images/ccefa052775dfc4a2e00.png","media/images/93b39dfecea5e11fc3ff.png","media/images/2d03b84ec5447b3c9ffb.png","0","0","0.9483489990219904","0","62151","3385","0","ConvNeXt Satellite"
"qc_49_115","media/images/bddb619ab7dc2147fab0.png","media/images/fc2179fd412fa3591651.png","media/images/1d5a10eb0b31d58db183.png","0","0","0.9999999999984741","0","65536","0","0","ConvNeXt Satellite"
"qc_61_38","media/images/594e1e5bcbb7ca107d90.png","media/images/97760f2bf729207e5f73.png","media/images/382f5c80ea75ce300140.png","0","0","0.9549713134751053","0","62585","2951","0","ConvNeXt Satellite"
"qc_10_125","media/images/cd9a2f9a3a3049f37916.png","media/images/2602adce11714e831162.png","media/images/fbacf45400e37779bbf1.png","0","0","0.9999999999984741","0","65536","0","0","ConvNeXt Satellite"
"qc_23_109","media/images/af4b968dceb4d6d8f2b4.png","media/images/a0ab77b99e464faeba9c.png","media/images/3bed4509ed099fd11d7c.png","0","0","0.9838409423813113","0","64477","1059","0","ConvNeXt Satellite"
"qc_39_134","media/images/95c4a910052bb0fbefcd.png","media/images/0af3bef254caee97a909.png","media/images/376a1d8587d23ab92eff.png","0","0","0.9999999999984741","0","65536","0","0","ConvNeXt Satellite"
"qc_50_70","media/images/c25d60da9ddee70859a7.png","media/images/83361ec65660864def04.png","media/images/829168c8b1d18329e1a9.png","0.5599999999983308","0.717948670670786","0.7747497558581928","18788","31986","13490","1272","ConvNeXt Satellite"
"qc_42_89","media/images/e56ce7dfd957734dc0d5.png","media/images/72a3c0b83666d0759970.png","media/images/d7e82e2d7a8e30833f2e.png","0","0","0.9999999999984741","0","65536","0","0","ConvNeXt Satellite"
"qc_111_5","media/images/33cf23ad7ea0497aa6d1.png","media/images/9ab708a4effdbf875b50.png","media/images/0b8ebda459e297fb5ba8.png","0","0","0.9999999999984741","0","65536","0","0","ConvNeXt Satellite"
"qc_3_120","media/images/b0ed116b245d303b8d0c.png","media/images/cee80de2aaafe6cbbf19.png","media/images/cacf7154942cff84e293.png","0","0","0.9999999999984741","0","65536","0","0","ConvNeXt Satellite"
"qc_69_93","media/images/a18a4cec03e15b1763e1.png","media/images/8c95e2532062b88af98d.png","media/images/d95670d2071b20489c27.png","0","0","0.9999999999984741","0","65536","0","0","ConvNeXt Satellite"
"qc_24_85","media/images/eab4f6292344ea6d8639.png","media/images/4eefd73aeba26ef76247.png","media/images/e47698c2d74a5d2aa8f5.png","0.022495422442519085","0.044001018974062486","0.9429779052719987","86","61713","0","3737","ConvNeXt Satellite"
"qc_57_135","media/images/44137304cc07a58a262e.png","media/images/fa07331afffbf94c2f68.png","media/images/07c76df59a251e746cc2.png","0","0","0.9999999999984741","0","65536","0","0","ConvNeXt Satellite"
"qc_46_40","media/images/190d217b95247acd75d5.png","media/images/31fe55174d81fdd7d9f0.png","media/images/390e588f2b28669278c0.png","0","0","0.9999999999984741","0","65536","0","0","ConvNeXt Satellite"
"qc_92_70","media/images/828ba049d1df6d1edd83.png","media/images/9b2ffdc651b552c73b38.png","media/images/42daaffed0d8ebf59c28.png","0.01088531478662087","0.021536194110795662","0.16670227050755812","601","10324","53145","1466","ConvNeXt Satellite"
"qc_29_68","media/images/6fa7c8ed5f074231a9aa.png","media/images/5b8ba5a05ad0a2782c81.png","media/images/d2ffe6a4bde2a344c327.png","0","0","0.9424438476548119","0","61764","3772","0","ConvNeXt Satellite"
"qc_63_91","media/images/45a84d09cb9fe4260a8c.png","media/images/a3df7b7e0df3573f2b93.png","media/images/d1be528765319b8ec161.png","0","0","0.9999999999984741","0","65536","0","0","ConvNeXt Satellite"
"qc_30_119","media/images/b87d0f301c8a00522c7b.png","media/images/980938c89f6b959541d5.png","media/images/acf0b5dac4e0810f8b5d.png","0","0","0.9999999999984741","0","65536","0","0","ConvNeXt Satellite"
"qc_49_68","media/images/cbc16d2e8ea2c4ae32eb.png","media/images/16e53f85fa8e1b23aae6.png","media/images/925680de6a12058e1f9d.png","0","0","0.9593658447250986","0","62873","2663","0","ConvNeXt Satellite"
"qc_87_89","media/images/12259f38c8dcedac67c0.png","media/images/acaa53bcb479ce17c396.png","media/images/94842dc37c43bf60610c.png","0","0","0.9999999999984741","0","65536","0","0","ConvNeXt Satellite"
"qc_25_53","media/images/7773231b0c89dfd71207.png","media/images/b326554872784d076ca2.png","media/images/de5b8635965147a4aba3.png","0","0","0.9999999999984741","0","65536","0","0","ConvNeXt Satellite"
"qc_82_19","media/images/36d59ae0e53db5f2241d.png","media/images/52b5250d336ec91dc89c.png","media/images/81991874cadaf16fb5d5.png","0","0","0.9999999999984741","0","65536","0","0","ConvNeXt Satellite"
"qc_84_18","media/images/eb7e0b4e37115fdc5665.png","media/images/9ab708a4effdbf875b50.png","media/images/0b8ebda459e297fb5ba8.png","0","0","0.9999999999984741","0","65536","0","0","ConvNeXt Satellite"
"qc_40_40","media/images/8caa6e27b59863bf379b.png","media/images/e480b4b4ebbe097a2b20.png","media/images/8e0c9b5e07653752e680.png","0","0","0.9999999999984741","0","65536","0","0","ConvNeXt Satellite"
"qc_89_48","media/images/0b11db1760c72ef6fedf.png","media/images/9ab708a4effdbf875b50.png","media/images/0b8ebda459e297fb5ba8.png","0","0","0.9999999999984741","0","65536","0","0","ConvNeXt Satellite"
"qc_15_127","media/images/d9a2fe6d8392da8a8f50.png","media/images/1da447dad1109ad8fb73.png","media/images/abdef4897c106bde6dac.png","0","0","0.9999999999984741","0","65536","0","0","ConvNeXt Satellite"
"qc_94_32","media/images/286aaeb53f127f4d8e2d.png","media/images/9ab708a4effdbf875b50.png","media/images/0b8ebda459e297fb5ba8.png","0","0","0.9999999999984741","0","65536","0","0","ConvNeXt Satellite"
"qc_73_117","media/images/9a49afa36770663b6008.png","media/images/76fc20bedaa082d90b1f.png","media/images/03e555128f5813971e8a.png","0","0","0.9999999999984741","0","65536","0","0","ConvNeXt Satellite"
"qc_39_110","media/images/a0077c051723dceb218c.png","media/images/f1df407aa41daae2e755.png","media/images/9e847af32da0d349ad2d.png","0","0","0.9999999999984741","0","65536","0","0","ConvNeXt Satellite"
"qc_84_32","media/images/c05e7461b7264ab66353.png","media/images/9ab708a4effdbf875b50.png","media/images/0b8ebda459e297fb5ba8.png","0","0","0.9999999999984741","0","65536","0","0","ConvNeXt Satellite"
"qc_85_80","media/images/378a7bee0194445701c8.png","media/images/ef6e331455c41fdca835.png","media/images/fab7a4dcdec1328d72be.png","0","0","0.9999999999984741","0","65536","0","0","ConvNeXt Satellite"
"qc_26_126","media/images/a520b4d8aae39e329a8f.png","media/images/804e49aec72f2d465b56.png","media/images/151c4b6ee298e32cefdb.png","0","0","0.9736785888657018","0","63811","0","1725","ConvNeXt Satellite"
"qc_50_101","media/images/a4987316b7ca7ef85ffb.png","media/images/f617f1f782ad326f4a36.png","media/images/ed3ae92468b9527578fc.png","0.9237828459123194","0.9603815730084091","0.944366455076684","44191","17699","2876","770","ConvNeXt Satellite"
"qc_90_37","media/images/9b7983104b3da2194ab0.png","media/images/9ab708a4effdbf875b50.png","media/images/0b8ebda459e297fb5ba8.png","0","0","0.9999999999984741","0","65536","0","0","ConvNeXt Satellite"
"qc_55_136","media/images/7722dda6b5f5afc294b4.png","media/images/7781cfaf8a914bfd9b57.png","media/images/762f8f277ada9de77510.png","0","0","0.9999694824203491","0","65534","2","0","ConvNeXt Satellite"
"qc_85_76","media/images/0bbc8f15f8684cdf0c98.png","media/images/a539c679befecbed17ab.png","media/images/f6242198f9d1edb94e6e.png","0","0","0.3314056396479318","0","21719","43817","0","ConvNeXt Satellite"
"qc_55_119","media/images/43fda75a664a008b4012.png","media/images/2fd7e91c6820aca9fe1b.png","media/images/acebaee200fa243955e2.png","0","0","0.9999999999984741","0","65536","0","0","ConvNeXt Satellite"
"qc_43_54","media/images/720d95dd55a132dc040f.png","media/images/23f5d2a40b15017a9d70.png","media/images/11d835cde02a1a1ae1df.png","0","0","0.9975433349594154","0","65375","161","0","ConvNeXt Satellite"
"qc_17_132","media/images/1cdc7bc8c1fa87a3c51e.png","media/images/e5fa7c8b2f378d8b9fb0.png","media/images/210b80500ca873668324.png","0","0","0.9999999999984741","0","65536","0","0","ConvNeXt Satellite"
"qc_69_92","media/images/7e604d54afeae30de615.png","media/images/0342becef16a9d5d2ba9.png","media/images/c122940e903e8d1df11f.png","0","0","0.9999999999984741","0","65536","0","0","ConvNeXt Satellite"
"qc_44_84","media/images/5f09c891cfda1f3aa9d2.png","media/images/0e91e13044de41e0a04c.png","media/images/0961dc4ecebb705ef870.png","0","0","0.9999999999984741","0","65536","0","0","ConvNeXt Satellite"
"qc_67_113","media/images/08eeca2d4e4688dad487.png","media/images/94bb3c6c1cb8cb936499.png","media/images/c74a9d98b1f7e088078c.png","0","0","0.9999999999984741","0","65536","0","0","ConvNeXt Satellite"
"qc_88_36","media/images/8b8f51e515c1ad325f0a.png","media/images/9ab708a4effdbf875b50.png","media/images/0b8ebda459e297fb5ba8.png","0","0","0.9999999999984741","0","65536","0","0","ConvNeXt Satellite"
"qc_51_99","media/images/e0d955f4583c78c40df2.png","media/images/dcc1110d5ee2d9506f75.png","media/images/a2781468b1c9b416df4e.png","0.7629694645874118","0.8655503523930179","0.9217071533189061","16516","43889","3696","1435","ConvNeXt Satellite"
"qc_33_112","media/images/4456e4d1882f731a2592.png","media/images/76dedc87feb657b6a893.png","media/images/ce34931ac144629c477c.png","0","0","0.9999999999984741","0","65536","0","0","ConvNeXt Satellite"
"qc_6_119","media/images/d55e48ed3cb7b26b2077.png","media/images/a96d5c983a0c3e9c844a.png","media/images/26dae0729318b7b26fc7.png","0","0","0.9999999999984741","0","65536","0","0","ConvNeXt Satellite"
"qc_27_109","media/images/6055542e5f9c7f0e791c.png","media/images/0632fdf5fc318c3f7a50.png","media/images/77752f142f7ff29aaedd.png","0","0","0.9999999999984741","0","65536","0","0","ConvNeXt Satellite"
"qc_45_34","media/images/d8a8ed5b06541bccba24.png","media/images/f9eeebe392de8f08ae34.png","media/images/276c44ca9fb538a075e9.png","0","0","0.9999999999984741","0","65536","0","0","ConvNeXt Satellite"
"qc_93_33","media/images/304f2691af71c33a0204.png","media/images/9ab708a4effdbf875b50.png","media/images/0b8ebda459e297fb5ba8.png","0","0","0.9999999999984741","0","65536","0","0","ConvNeXt Satellite"
"qc_93_85","media/images/3408df8f5a57065fe4a2.png","media/images/43a8d3220d6806e68736.png","media/images/23053061788e7f4d989a.png","0.6848785081151156","0.8129707435425535","0.7651062011707075","33457","16685","13255","2139","ConvNeXt Satellite"
"qc_39_127","media/images/66c384ee06087b96d35b.png","media/images/31664cb3ab47192dbfa9.png","media/images/22680d9a3e7b1b04ebaf.png","0","0","0.9999999999984741","0","65536","0","0","ConvNeXt Satellite"
"qc_91_37","media/images/1332150f4275d7a475a0.png","media/images/9ab708a4effdbf875b50.png","media/images/0b8ebda459e297fb5ba8.png","0","0","0.9999999999984741","0","65536","0","0","ConvNeXt Satellite"
"qc_62_80","media/images/e9438ecba0c30275f1b2.png","media/images/3e8066cab7ed29ac7727.png","media/images/9382c74a6fb7ecadc271.png","0","0","0.9999999999984741","0","65536","0","0","ConvNeXt Satellite"
"qc_48_107","media/images/8e24573c2976d33360f8.png","media/images/5064a70779d5a5aa7247.png","media/images/93d12f85cf0aa03516c8.png","0","0","0.9999999999984741","0","65536","0","0","ConvNeXt Satellite"
"qc_12_93","media/images/0a18d55cf0e7fa72bc51.png","media/images/d324b57d13a11618de52.png","media/images/c12b2b2ebabdc676f568.png","0","0","0.9999999999984741","0","65536","0","0","ConvNeXt Satellite"
"qc_47_80","media/images/782611cee069c02a5859.png","media/images/77d64218265c9bcfa357.png","media/images/22b87eb9aded8cf8ba32.png","0","0","0.9926605224594228","0","65055","481","0","ConvNeXt Satellite"
"qc_38_87","media/images/7a58a78284d7b23ad93c.png","media/images/577c5113b08fd8403cb8.png","media/images/243ded08a4b041784f93.png","0","0","0.9999999999984741","0","65536","0","0","ConvNeXt Satellite"
"qc_67_102","media/images/348bd8454b84194980d7.png","media/images/aa45a7226985cdad3e28.png","media/images/f01bf7d9c953361ab091.png","0","0","0.9999999999984741","0","65536","0","0","ConvNeXt Satellite"
"qc_87_31","media/images/43592841c6f99614d14c.png","media/images/9ab708a4effdbf875b50.png","media/images/0b8ebda459e297fb5ba8.png","0","0","0.9999999999984741","0","65536","0","0","ConvNeXt Satellite"
"qc_34_62","media/images/72ccd4d69fefc1389a48.png","media/images/39e8f2be272b4fa5d604.png","media/images/258cec1293f51dcf9473.png","0","0","0.9999999999984741","0","65536","0","0","ConvNeXt Satellite"
"qc_71_60","media/images/5bee88ba788916cc8a8b.png","media/images/58071032c31ab6df4d3c.png","media/images/f6c0ca061231226661d4.png","0","0","0.9999999999984741","0","65536","0","0","ConvNeXt Satellite"
"qc_113_58","media/images/4101b9628dfa34d692f7.png","media/images/9ab708a4effdbf875b50.png","media/images/0b8ebda459e297fb5ba8.png","0","0","0.9999999999984741","0","65536","0","0","ConvNeXt Satellite"
"qc_24_136","media/images/c74a5e965ea03eea8f8e.png","media/images/ea73ac80c9eb324fa9ff.png","media/images/0521527e4b98b9101795.png","0","0","0.9999999999984741","0","65536","0","0","ConvNeXt Satellite"
"qc_23_103","media/images/1751b1c000fce45cc46a.png","media/images/a1af84bd82dce314cca8.png","media/images/75cbff5b32e52b943440.png","0","0","0.9733581542953897","0","63790","1746","0","ConvNeXt Satellite"
"qc_71_121","media/images/6dae6b8de4a802f04d95.png","media/images/5324bc22415b9fb99b0b.png","media/images/4b523e55378590839b26.png","0","0","0.9999999999984741","0","65536","0","0","ConvNeXt Satellite"
"qc_54_31","media/images/c972fe923bc11d2a0b52.png","media/images/da9d28630e8649abb0ee.png","media/images/6ab7eb4258588c9bdb94.png","0.55249359833942","0.711749874297043","0.8320007324206055","13593","40933","951","10059","ConvNeXt Satellite"
"qc_83_92","media/images/c5e62f267948290930c3.png","media/images/3431568af4ac24687c69.png","media/images/4a536621567dc5534903.png","0","0","0.9999999999984741","0","65536","0","0","ConvNeXt Satellite"
"qc_11_101","media/images/ec7b12d3dd6108dcbe21.png","media/images/2c85837025d7f95a2968.png","media/images/497da573e822e42f3f5a.png","0","0","0.9999999999984741","0","65536","0","0","ConvNeXt Satellite"
"qc_43_125","media/images/59a08cdf4c7b6a05cd8b.png","media/images/f71269d44b3f605efdfe.png","media/images/55e5c8c36d7308295566.png","0","0","0.9554138183579172","0","62614","0","2922","ConvNeXt Satellite"
"qc_53_45","media/images/fde77c4dccb93e9740ac.png","media/images/6bfdd417667d68f4a378.png","media/images/2ae606b832e6e2167a7d.png","0","0","0.9999999999984741","0","65536","0","0","ConvNeXt Satellite"
"qc_87_47","media/images/7ce6853e7ceafa1cfcd5.png","media/images/9ab708a4effdbf875b50.png","media/images/0b8ebda459e297fb5ba8.png","0","0","0.9999999999984741","0","65536","0","0","ConvNeXt Satellite"
"qc_64_151","media/images/27db62b7501f9c7f1039.png","media/images/3ef90ad992a2ac38c6a5.png","media/images/09dfcca057a6d4eaaf7f.png","0","0","0.9999999999984741","0","65536","0","0","ConvNeXt Satellite"
"qc_17_129","media/images/f8f9708f85a2e35a8852.png","media/images/fb84c009921cd4623f55.png","media/images/0847efe1328a2228d8dc.png","0.6746245059235207","0.8057023669113712","0.9371948242173199","8534","52886","2023","2093","ConvNeXt Satellite"
"qc_88_76","media/images/d930c2f5cc542d3949b5.png","media/images/058b2844026f7b5c397a.png","media/images/0672e1911dd0379c3ec4.png","0","0","0.5870208740225418","0","38471","27065","0","ConvNeXt Satellite"
"qc_91_41","media/images/02d9372029262d4a84f8.png","media/images/9ab708a4effdbf875b50.png","media/images/0b8ebda459e297fb5ba8.png","0","0","0.9999999999984741","0","65536","0","0","ConvNeXt Satellite"
"qc_16_90","media/images/924ce0e6b2cc6a37009d.png","media/images/41af3554ba053a13a354.png","media/images/9280a59c2498fdf94a61.png","0","0","0.9999999999984741","0","65536","0","0","ConvNeXt Satellite"
"qc_68_57","media/images/9aacb14b9a25c69decdd.png","media/images/2e65b417e5affc52f65d.png","media/images/57d73a7776142f5814c7.png","0.08955921291682903","0.16439529607001527","0.7324218749988824","1725","46275","0","17536","ConvNeXt Satellite"
"qc_37_137","media/images/80542b09daa89ae500fa.png","media/images/f45a7389837611805312.png","media/images/74087b1cbc0535dcd9e8.png","0","0","0.9999999999984741","0","65536","0","0","ConvNeXt Satellite"
"qc_44_39","media/images/d395b7194ff77ccf84aa.png","media/images/31f62346fdc76ba6587c.png","media/images/720b75c1f0815e07a5fd.png","0","0","0.9999999999984741","0","65536","0","0","ConvNeXt Satellite"
"qc_56_121","media/images/89f8fffd68b8ecae1222.png","media/images/c69df1e7e532f6d45100.png","media/images/0d3c4702593d36e5e91a.png","0.3184484693049577","0.48306543371657396","0.6755828857411567","9934","34341","18217","3044","ConvNeXt Satellite"
"qc_44_57","media/images/af83dbc9d164741fecf7.png","media/images/b8eab1e0745192b7bf66.png","media/images/e5b9bfcc01943c9a5291.png","0","0","0.9999847412094116","0","65535","1","0","ConvNeXt Satellite"
"qc_49_91","media/images/f6be3ddac06a6980b5ce.png","media/images/09799b00cf444a2ecb1c.png","media/images/ddf6e4cec2d9d44f18b8.png","0","0","0.9546661376938558","0","62565","2971","0","ConvNeXt Satellite"
"qc_11_123","media/images/eb279d2f2877000e4d34.png","media/images/a44a934d2117e741a2bd.png","media/images/87f7d6be02a84072c65f.png","0","0","0.9999999999984741","0","65536","0","0","ConvNeXt Satellite"
"qc_15_134","media/images/d74982a5646a9fdfcca1.png","media/images/a7a22109ff50605a2adf.png","media/images/7a4130747001828775c1.png","0","0","0.9999999999984741","0","65536","0","0","ConvNeXt Satellite"
"qc_45_89","media/images/dc3a6f4832c3c72268a8.png","media/images/02286fa986cf9744f689.png","media/images/8873921265353d76aa23.png","0","0","0.9884796142563042","0","64781","755","0","ConvNeXt Satellite"
"qc_67_89","media/images/5e99ebf2db499938e908.png","media/images/5393e1fa14a0e7bcfa62.png","media/images/3133747e11a2d94d2a37.png","0.2189585180341119","0.35925504645617573","0.48918151855394104","9385","22674","33099","378","ConvNeXt Satellite"
"qc_32_99","media/images/a44437670f53080bbb69.png","media/images/4d43e0ba99536ac5bf9f.png","media/images/7f7919728e840224778a.png","0","0","0.9999999999984741","0","65536","0","0","ConvNeXt Satellite"
"qc_100_36","media/images/17a3317edf6da7930f93.png","media/images/9ab708a4effdbf875b50.png","media/images/0b8ebda459e297fb5ba8.png","0","0","0.9999999999984741","0","65536","0","0","ConvNeXt Satellite"
"qc_37_116","media/images/e75033f706f7b0dba9c5.png","media/images/af88305abfae0121a40b.png","media/images/1122206b9cccfab633eb.png","0","0","0.9999999999984741","0","65536","0","0","ConvNeXt Satellite"
"qc_91_53","media/images/cc2a92fd39ed7d54b770.png","media/images/a3500261b0cf6f14475a.png","media/images/88262012b0f52184faea.png","0","0","0.9844512939438104","0","64517","0","1019","ConvNeXt Satellite"
"qc_55_29","media/images/a89d914686c714526888.png","media/images/7417c1ee8a5895e043aa.png","media/images/6af461d77e2b19239392.png","0.3631808480990704","0.5328431982607253","0.8952789306626964","3914","54759","0","6863","ConvNeXt Satellite"
"qc_110_45","media/images/03f397a6b00df1a3466b.png","media/images/9ab708a4effdbf875b50.png","media/images/0b8ebda459e297fb5ba8.png","0","0","0.9999999999984741","0","65536","0","0","ConvNeXt Satellite"
"qc_104_11","media/images/9da94aa4ae3d1d327be3.png","media/images/9ab708a4effdbf875b50.png","media/images/0b8ebda459e297fb5ba8.png","0","0","0.9999999999984741","0","65536","0","0","ConvNeXt Satellite"
"qc_23_138","media/images/28138467268f657b6901.png","media/images/6193784e61149929472b.png","media/images/73023fb434e590f7d616.png","0","0","0.9999999999984741","0","65536","0","0","ConvNeXt Satellite"
"qc_84_70","media/images/c39bca540bf56164f7fe.png","media/images/a16904fab6d68c646c10.png","media/images/bee2ece238a031be15d1.png","0.06724591568234949","0.12601764579061256","0.534790039061684","2198","32850","30302","186","ConvNeXt Satellite"
"qc_44_30","media/images/6e311146c83839adcb32.png","media/images/fc921bb29548f7e5bda4.png","media/images/cac916e329abe126efe3.png","0","0","0.9947662353500446","0","65193","343","0","ConvNeXt Satellite"
"qc_90_32","media/images/b3b53e62ddd4ba0d7467.png","media/images/9ab708a4effdbf875b50.png","media/images/0b8ebda459e297fb5ba8.png","0","0","0.9999999999984741","0","65536","0","0","ConvNeXt Satellite"
"qc_58_69","media/images/5399f4794082352de981.png","media/images/f7e817c6f8611594baeb.png","media/images/d1e5b860771a33fa83c2.png","0","0","0.9999999999984741","0","65536","0","0","ConvNeXt Satellite"
"qc_75_112","media/images/026d5d0255079190ed85.png","media/images/f87f0a34e45f18812f72.png","media/images/e5b18c73895777da4dfb.png","0","0","0.9999999999984741","0","65536","0","0","ConvNeXt Satellite"
"qc_67_104","media/images/38847fa1b88cdf3cdb55.png","media/images/23c68d25d37610909aba.png","media/images/3446672773d5b34cf6cb.png","0","0","0.9999999999984741","0","65536","0","0","ConvNeXt Satellite"
"qc_94_18","media/images/00561c3e13511ebae881.png","media/images/9ab708a4effdbf875b50.png","media/images/0b8ebda459e297fb5ba8.png","0","0","0.9999999999984741","0","65536","0","0","ConvNeXt Satellite"
"qc_101_61","media/images/1f62e626e3230ce72196.png","media/images/97a70f51314b6d61b24e.png","media/images/e8181b89f4f383ac6aab.png","0","0","0.9665374755844627","0","63343","0","2193","ConvNeXt Satellite"
"qc_2_121","media/images/1d61d27f9d7f95e063c9.png","media/images/b50501b4fcfa92669cbe.png","media/images/5ed50f707bc687b04b45.png","0","0","0.9910278320297378","0","64948","0","588","ConvNeXt Satellite"
"qc_24_102","media/images/639ddacbf801da956868.png","media/images/b0236d40fd1ecad3ed96.png","media/images/4edabc212fe58207a5de.png","0","0","0.9999999999984741","0","65536","0","0","ConvNeXt Satellite"
"qc_27_49","media/images/1cfe7f8cbfdcb9fd0cf0.png","media/images/1d751a338991e8c9f535.png","media/images/60fa2d2a457d834f3a50.png","0","0","0.5314178466788766","0","34827","30709","0","ConvNeXt Satellite"
"qc_69_57","media/images/c39c67c1925f27170428.png","media/images/eccf74acf56a8f1fe706.png","media/images/5be88cbf2f6cf0877088.png","0.05876369327027571","0.11100434987171974","0.8164520263659417","751","52756","0","12029","ConvNeXt Satellite"
"qc_61_37","media/images/3f563ec1e23440ad0375.png","media/images/5c63fe54c471452f0c2f.png","media/images/ba2945a1322af0a778ac.png","0","0","0.9999999999984741","0","65536","0","0","ConvNeXt Satellite"
"qc_10_130","media/images/1265d44d8c99b7689ee1.png","media/images/e7f8d636b026cb0dbae7.png","media/images/611eef965248ba13e15b.png","0","0","0.9999999999984741","0","65536","0","0","ConvNeXt Satellite"
"qc_94_79","media/images/c93d486cfacafc8f08ac.png","media/images/39c241c5f5cd2537fe6e.png","media/images/bae48f7b673ac3899e89.png","0.4624185771075577","0.6324024449675467","0.6121368408193785","21865","18252","19274","6145","ConvNeXt Satellite"
"qc_82_70","media/images/7d4ecdc244e6cc37b120.png","media/images/95a523b3a7969b7a881d.png","media/images/785a2335bf5810c4d807.png","0","0","0.9959869384750427","0","65273","263","0","ConvNeXt Satellite"
"qc_26_138","media/images/b08c51bafd845d414a85.png","media/images/33025f4f2a04abf5d7ec.png","media/images/73863f7b6a7ac19be3d7.png","0","0","0.9979705810531647","0","65403","0","133","ConvNeXt Satellite"
"qc_62_101","media/images/2a6a9e9482a6ceda825b.png","media/images/fa8cd4ce8d2a905174aa.png","media/images/3ce2a7ca71863fb9ad40.png","0","0","0.9999999999984741","0","65536","0","0","ConvNeXt Satellite"
"qc_101_48","media/images/533a6c2780edca466c06.png","media/images/4d46f520af633978faa5.png","media/images/41bfc91206f221939291.png","0.5281613976694506","0.691237670753947","0.6538391113271274","25394","17456","21750","936","ConvNeXt Satellite"
"qc_34_81","media/images/4a31b7f88abadfe47138.png","media/images/7e18534f37529ee91c47.png","media/images/9b45c9c992e27bdd335a.png","0","0","0.9999999999984741","0","65536","0","0","ConvNeXt Satellite"
"qc_98_60","media/images/6c12420c6ef1b4d42f5e.png","media/images/fd4b95718b02de996f4f.png","media/images/1f5c5e773756a6c4ea87.png","0","0","0.9999999999984741","0","65536","0","0","ConvNeXt Satellite"
"qc_61_70","media/images/2ad7d6c3e5f0e23342bd.png","media/images/b85c90adc5f66a879fbb.png","media/images/99e64ec5ce349299c372.png","0.9206222490702498","0.9586707656909869","0.9438629150376223","42669","19188","1342","2337","ConvNeXt Satellite"
"qc_30_139","media/images/3fa32234ce1ae0747a1d.png","media/images/e2f1887203552d36bf43.png","media/images/1d2e895929e45861a232.png","0","0","0.9988555908187884","0","65461","75","0","ConvNeXt Satellite"
"qc_31_45","media/images/fe353a456991d28319e2.png","media/images/6c07f64fb09783c01344.png","media/images/7fa6c0410d318fd1fa20.png","0","0","0.9999999999984741","0","65536","0","0","ConvNeXt Satellite"
"qc_43_82","media/images/893a80349db1e80fdc0d.png","media/images/7e9b774f1a4bb3c8e0d7.png","media/images/76eefa79f070b69e28f4.png","0","0","0.9999999999984741","0","65536","0","0","ConvNeXt Satellite"
"qc_52_64","media/images/aa23753970f386ea78d4.png","media/images/be1df0744481675a195c.png","media/images/5fbb6038019e9e8a98eb.png","0","0","0.8479461669908936","0","55571","0","9965","ConvNeXt Satellite"
"qc_20_88","media/images/0e21d28cd6c1d534b16e.png","media/images/8b81a70ffe74f5852d00.png","media/images/43a6394bfcfee2ef557c.png","0","0","0.9999999999984741","0","65536","0","0","ConvNeXt Satellite"
"qc_63_67","media/images/0e6060d1d8d441c90a2c.png","media/images/6df77073014f00e9f6d3.png","media/images/4a5e2e48a18dc72a5466.png","0.0796495420119614","0.1475470169389283","0.9647369384750905","200","63025","0","2311","ConvNeXt Satellite"
"qc_48_133","media/images/88f7acf6a23ae2cf45e7.png","media/images/5c96eaeef93536a5c5e4.png","media/images/fc0a6569586dad528f7f.png","0","0","0.9999999999984741","0","65536","0","0","ConvNeXt Satellite"
"qc_72_141","media/images/0cc6ff2efff15c518a68.png","media/images/a7398f95406b961e42f9.png","media/images/bceb012a0f04be4aa150.png","0","0","0.9999999999984741","0","65536","0","0","ConvNeXt Satellite"
"qc_47_34","media/images/105b8fb129946cfbedb7.png","media/images/7223cb6d7a3d69409b80.png","media/images/66fdef7e065fe4a70587.png","0","0","0.9999999999984741","0","65536","0","0","ConvNeXt Satellite"
"qc_85_45","media/images/b97d91407c57a4508fae.png","media/images/9ab708a4effdbf875b50.png","media/images/0b8ebda459e297fb5ba8.png","0","0","0.9999999999984741","0","65536","0","0","ConvNeXt Satellite"
"qc_75_154","media/images/5d3de93973e2605a3eee.png","media/images/2f8b6d58aa31a1680b6e.png","media/images/bb189e495f771ac644c0.png","0","0","0.9999999999984741","0","65536","0","0","ConvNeXt Satellite"
"qc_13_124","media/images/5852b6073a52ca4df4f8.png","media/images/f9b19b9ccd2576f32556.png","media/images/663d9d2a1a7660cbd4f3.png","0","0","0.9999999999984741","0","65536","0","0","ConvNeXt Satellite"
"qc_38_132","media/images/cce4311c876533f98398.png","media/images/fc003ac75c4e74502510.png","media/images/a773484e0417cd73be61.png","0","0","0.9999999999984741","0","65536","0","0","ConvNeXt Satellite"
"qc_66_150","media/images/319c5296cc4a5ddf4a54.png","media/images/ab5431e130241c3ec3f3.png","media/images/970f433088b2d06908dc.png","0","0","0.9999999999984741","0","65536","0","0","ConvNeXt Satellite"
"qc_52_60","media/images/1628f3d7b0e489637a5a.png","media/images/6e31606f5b5b4d9f72c4.png","media/images/2aa3f6fb90f01b7e5b20.png","0.5835275012335539","0.7369969403509794","0.8199920654284363","16529","37210","6623","5174","ConvNeXt Satellite"
"qc_14_134","media/images/9103f52ec988b6e99b0c.png","media/images/1e61d95037759c4d98ce.png","media/images/a52ea4a001de9d108520.png","0","0","0.9999999999984741","0","65536","0","0","ConvNeXt Satellite"
"qc_33_124","media/images/d7a2e6c658d796b15503.png","media/images/302ffd3e22ea85bf7ba1.png","media/images/cd3487ad51341fc6455b.png","0","0","0.9999999999984741","0","65536","0","0","ConvNeXt Satellite"
"qc_103_49","media/images/3076ebc35db338199412.png","media/images/c9c582c25564fb56ef44.png","media/images/e2f1faa0087b708a4aef.png","0.6478906434112915","0.7863271815881191","0.7492370605457317","30239","18863","11941","4493","ConvNeXt Satellite"
"qc_51_98","media/images/b23f183107e90456257e.png","media/images/948f484cb1780147964a.png","media/images/29fb9c90c3ddc6a3d147.png","0","0","0.9999999999984741","0","65536","0","0","ConvNeXt Satellite"
"qc_67_31","media/images/34e6be45d8fd9023a1b3.png","media/images/7cbd2c96d1b59f330da7.png","media/images/79727f289cb2d57fc166.png","0","0","0.9999999999984741","0","65536","0","0","ConvNeXt Satellite"
"qc_49_62","media/images/719a9af1069872826c4e.png","media/images/cb05d4784566423b55fa.png","media/images/7c0d82cf72840b72ef89.png","0","0","0.9999999999984741","0","65536","0","0","ConvNeXt Satellite"
"qc_47_140","media/images/84a371f7297cfc01e3e4.png","media/images/4fb865233f3ef9d21b8b.png","media/images/daafd20bdd2aee72dfa2.png","0","0","0.9999999999984741","0","65536","0","0","ConvNeXt Satellite"
"qc_57_132","media/images/4756893c130ee6faa7dc.png","media/images/10d96fc304ab4688ea59.png","media/images/534682c9c7e686f7a25a.png","0","0","0.9999999999984741","0","65536","0","0","ConvNeXt Satellite"
"qc_56_76","media/images/13a589c6d8935980ec1b.png","media/images/74330841b3ad56edeb4e.png","media/images/74e8667773ec9bb33acb.png","0.6719078865832375","0.8037618002345108","0.9595642089829108","5427","57459","7","2643","ConvNeXt Satellite"
"qc_67_61","media/images/bfd7cf9f7b372fe4ecdf.png","media/images/c5c84d72d686e1da9317.png","media/images/9d47885f50a48528cfa6.png","0","0","0.9999999999984741","0","65536","0","0","ConvNeXt Satellite"
"qc_54_131","media/images/86b68718fa8d18e6408b.png","media/images/8c36014c81ab9b17977a.png","media/images/8eafff8d44be51d66d00.png","0","0","0.9999999999984741","0","65536","0","0","ConvNeXt Satellite"
"qc_72_66","media/images/46b2e7ee900c9ec93d12.png","media/images/ac6d18b06b5bb74e9e40.png","media/images/f1655a5805b80d9091df.png","0","0","0.9999999999984741","0","65536","0","0","ConvNeXt Satellite"
"qc_81_29","media/images/2f08edb092a4a7707b98.png","media/images/9ab708a4effdbf875b50.png","media/images/0b8ebda459e297fb5ba8.png","0","0","0.9999999999984741","0","65536","0","0","ConvNeXt Satellite"
"qc_108_55","media/images/ea977af927c95d730993.png","media/images/9ab708a4effdbf875b50.png","media/images/0b8ebda459e297fb5ba8.png","0","0","0.9999999999984741","0","65536","0","0","ConvNeXt Satellite"
"qc_94_51","media/images/bd0c92fc4fc683a2ae03.png","media/images/12645f21ce386bc82f5b.png","media/images/a4b06be2e1a8da10604e.png","0.43493193455454643","0.6062056173927648","0.8619232177721223","6965","49522","6416","2633","ConvNeXt Satellite"
"qc_43_48","media/images/4e55a06e2aeaa8bd13e7.png","media/images/ca6c5741ee0df4336976.png","media/images/b2424342c18542e9e1d8.png","0","0","0.9960632324203551","0","65278","258","0","ConvNeXt Satellite"
"qc_22_133","media/images/8717b3242106065bb793.png","media/images/b6fc396edcc6977b2089.png","media/images/40a65ca6f5c3cee07999.png","0","0","0.8841552734361509","0","57944","0","7592","ConvNeXt Satellite"
"qc_30_113","media/images/54f035c88da5dc16f69a.png","media/images/c7f4bfe3d02f6544be84.png","media/images/b62f3cfce575b8761f47.png","0","0","0.9756774902328862","0","63942","0","1594","ConvNeXt Satellite"
"qc_63_142","media/images/53124b97e9e2d94d2c71.png","media/images/1aca4b12acb7bcde6866.png","media/images/d0f0095396333a2c922d.png","0","0","0.9999999999984741","0","65536","0","0","ConvNeXt Satellite"
"qc_33_78","media/images/29f3d4d40d38d7da1c0c.png","media/images/a9447bd12903e7a73506.png","media/images/5364fb8f68e817801caf.png","0","0","0.9999999999984741","0","65536","0","0","ConvNeXt Satellite"
"qc_39_116","media/images/421cceb2fd90c52cb252.png","media/images/f499031f93c20e831ab0.png","media/images/10184b727786f191fc98.png","0","0","0.9999999999984741","0","65536","0","0","ConvNeXt Satellite"
"qc_105_58","media/images/bfcaaf0dd0441b877b90.png","media/images/9ab708a4effdbf875b50.png","media/images/0b8ebda459e297fb5ba8.png","0","0","0.9999999999984741","0","65536","0","0","ConvNeXt Satellite"
"qc_104_25","media/images/f146cdf87297a79a9d94.png","media/images/9ab708a4effdbf875b50.png","media/images/0b8ebda459e297fb5ba8.png","0","0","0.9999999999984741","0","65536","0","0","ConvNeXt Satellite"
"qc_115_12","media/images/833071ea60c789dba86a.png","media/images/9ab708a4effdbf875b50.png","media/images/0b8ebda459e297fb5ba8.png","0","0","0.9999999999984741","0","65536","0","0","ConvNeXt Satellite"
"qc_76_35","media/images/956528ae437a7de9c287.png","media/images/9ab708a4effdbf875b50.png","media/images/0b8ebda459e297fb5ba8.png","0","0","0.9999999999984741","0","65536","0","0","ConvNeXt Satellite"
"qc_15_93","media/images/5917ef9668b44abbc945.png","media/images/8cf7b03b68964098c9e7.png","media/images/fa6ca82be4672bed0ae3.png","0","0","0.9997558593734744","0","65520","16","0","ConvNeXt Satellite"
"qc_59_154","media/images/646fd2f31387bb477350.png","media/images/dfccd717cf0324de0d21.png","media/images/45aecd84e8e2fca2f69f.png","0","0","0.9999999999984741","0","65536","0","0","ConvNeXt Satellite"
"qc_64_65","media/images/fe5ea77b1685ac3c64ec.png","media/images/0bd657db9ed1aa4051f9.png","media/images/9d61bb7c4d94614c015b.png","0.253364737541946","0.4042952692268663","0.9661407470688382","753","62564","16","2203","ConvNeXt Satellite"
"qc_37_108","media/images/46d4521d6c4334395bb0.png","media/images/4326fa7e6ae2d6d27e56.png","media/images/5fdc7a71882a3fd36249.png","0","0","0.9999999999984741","0","65536","0","0","ConvNeXt Satellite"
"qc_91_88","media/images/6a1c03f3579223c2e0f1.png","media/images/141e9a1e048916a6a2c0.png","media/images/eae1cea8d68017275399.png","0","0","0.9999999999984741","0","65536","0","0","ConvNeXt Satellite"
"qc_36_96","media/images/1e09a2a0c5fc775ecf76.png","media/images/28d96d8b26ed962b41c8.png","media/images/01929d0e9203ba7014d9.png","0","0","0.9999999999984741","0","65536","0","0","ConvNeXt Satellite"
"qc_54_134","media/images/98732ac573f06ae056ee.png","media/images/a4cd0150b841e4202983.png","media/images/4cf5de7fd00adaa3c72f.png","0","0","0.9999999999984741","0","65536","0","0","ConvNeXt Satellite"
"qc_68_134","media/images/6fe05983bb6338d2cb45.png","media/images/d3be6bd4659649c97d2d.png","media/images/9b728221c06f3839e4ae.png","0","0","0.9999999999984741","0","65536","0","0","ConvNeXt Satellite"
"qc_58_159","media/images/7985d4577eea2f601cdb.png","media/images/ac9b51f518d7cdec3675.png","media/images/e5245fca390514ba9b41.png","0","0","0.9999999999984741","0","65536","0","0","ConvNeXt Satellite"
"qc_6_129","media/images/3d4f87cb2ca29bebd111.png","media/images/63e16f92ed8d9efcb1e3.png","media/images/1c79fdff250dd60c3146.png","0","0","0.9999999999984741","0","65536","0","0","ConvNeXt Satellite"
"qc_68_154","media/images/689a297bbb28539330a4.png","media/images/827277d7b4ee2834ae5c.png","media/images/74782f2bc6718bcd0353.png","0","0","0.9999999999984741","0","65536","0","0","ConvNeXt Satellite"
"qc_48_141","media/images/c64155ba5407907cfc3a.png","media/images/d255683fc20caad900fe.png","media/images/d53d908e6a50b5f3c0cc.png","0","0","0.9999999999984741","0","65536","0","0","ConvNeXt Satellite"
"qc_58_142","media/images/ba5b30fd4a5d73ca98c5.png","media/images/5cbcbc7af37b0873d409.png","media/images/6bc0f6c5093592527c53.png","0","0","0.9999999999984741","0","65536","0","0","ConvNeXt Satellite"
"qc_64_143","media/images/56a48ee08ad610fe753f.png","media/images/db0f024946b72289719b.png","media/images/b4f54546fb82c907a819.png","0","0","0.9999999999984741","0","65536","0","0","ConvNeXt Satellite"
"qc_68_133","media/images/9c7cf99e2dacf2a0924c.png","media/images/a368ff0f8a25ce06458d.png","media/images/8d80c251ca41f77f082a.png","0","0","0.9999999999984741","0","65536","0","0","ConvNeXt Satellite"
"qc_70_107","media/images/e88db8f1bfbb2df8c53a.png","media/images/587d5ed7cce58b34d85c.png","media/images/511500c4750276365da2.png","0","0","0.9999999999984741","0","65536","0","0","ConvNeXt Satellite"
"qc_20_102","media/images/32a32391929e9cc40c44.png","media/images/7e5ae9564db000be0e7e.png","media/images/768b891240bc399cf1bf.png","0","0","0.9965972900375418","0","65313","223","0","ConvNeXt Satellite"
"qc_18_131","media/images/a99b8f77313ffa0288db.png","media/images/8ba7b0d382d0b58c218f.png","media/images/7e3d9c2f767604de3a0a.png","0","0","0.7821197509753691","0","51257","8859","5420","ConvNeXt Satellite"
"qc_19_132","media/images/054a8e63836156e204bd.png","media/images/29e45f7d92f8554d7a6a.png","media/images/7fab5e6af4cf0ccc4905.png","0","0","0.8861541748033354","0","58075","7461","0","ConvNeXt Satellite"
"qc_23_89","media/images/9b7465586daf3ea4311f.png","media/images/a1ab07732431d710602e.png","media/images/e1eb4bd681ea0987aae1.png","0","0","0.9993133544906626","0","65491","0","45","ConvNeXt Satellite"
"qc_18_108","media/images/81f130bdbcbb3298c1b4.png","media/images/69df15b74c0b1fa0f2c1.png","media/images/19a5eb66ecea4eea712f.png","0.8322457424664612","0.9084433137421153","0.9839172363266236","5229","59253","73","981","ConvNeXt Satellite"
"qc_84_55","media/images/6cd7c047028c64790658.png","media/images/b36be0b85f2eca34305e.png","media/images/2e977a9271c8842633b7.png","0","0","0.8442840576158992","0","55331","8877","1328","ConvNeXt Satellite"
"qc_117_45","media/images/2695c4224eb3fd283ecc.png","media/images/9ab708a4effdbf875b50.png","media/images/0b8ebda459e297fb5ba8.png","0","0","0.9999999999984741","0","65536","0","0","ConvNeXt Satellite"
"qc_94_36","media/images/5d7e8e47f4736229d40f.png","media/images/9ab708a4effdbf875b50.png","media/images/0b8ebda459e297fb5ba8.png","0","0","0.9999999999984741","0","65536","0","0","ConvNeXt Satellite"
"qc_54_74","media/images/59a6c413eb6fc93dbae0.png","media/images/dc23791f569706fe2c83.png","media/images/15139f6c7539eabda791.png","0","0","0.8636016845689948","0","56597","8939","0","ConvNeXt Satellite"
"qc_95_72","media/images/73b674a87f8f2af710da.png","media/images/aa0a25d11b496d9f61d9.png","media/images/aca25f0bf413c9d7d726.png","0","0","0.9999999999984741","0","65536","0","0","ConvNeXt Satellite"
"qc_33_96","media/images/1089518ef8043771f126.png","media/images/dbd6f194e25fee680d96.png","media/images/f8b352bf01518de9ffb0.png","0","0","0.8377227783190342","0","54901","10635","0","ConvNeXt Satellite"
"qc_1_127","media/images/d44c16edd3a719111990.png","media/images/339c1306d011a1c52dbe.png","media/images/c4a6e9e60efdbabe8524.png","0","0","0.9999999999984741","0","65536","0","0","ConvNeXt Satellite"
"qc_29_48","media/images/fa6349a6e6afcb761340.png","media/images/84de2ee963df1091c75f.png","media/images/08e013cc53d9209c0007.png","0","0","0.998107910154727","0","65412","124","0","ConvNeXt Satellite"
"qc_81_91","media/images/61174f9ccfd0c378189f.png","media/images/9ab708a4effdbf875b50.png","media/images/0b8ebda459e297fb5ba8.png","0","0","0.9999999999984741","0","65536","0","0","ConvNeXt Satellite"
"qc_86_41","media/images/e24c18a29d90dfdf3cf9.png","media/images/9ab708a4effdbf875b50.png","media/images/0b8ebda459e297fb5ba8.png","0","0","0.9999999999984741","0","65536","0","0","ConvNeXt Satellite"
"qc_106_33","media/images/eaaf63edbd6ce86aec0a.png","media/images/9ab708a4effdbf875b50.png","media/images/0b8ebda459e297fb5ba8.png","0","0","0.9999999999984741","0","65536","0","0","ConvNeXt Satellite"
"qc_59_68","media/images/9b8475dc30a9b25300d1.png","media/images/13e9c24ba366c1d3f982.png","media/images/f748ff726ea0873a5b44.png","0","0","0.9999999999984741","0","65536","0","0","ConvNeXt Satellite"
"qc_16_115","media/images/b2867b09f06157b9fbe1.png","media/images/9494bf00a8f2645dd9e9.png","media/images/65f8ef9cad24a645cab8.png","0","0","0.9999999999984741","0","65536","0","0","ConvNeXt Satellite"
"qc_79_112","media/images/099a23b26a0482a27d04.png","media/images/8ebbd4fd08a525879b90.png","media/images/cf84ec7b8ac44fa8693a.png","0","0","0.9999999999984741","0","65536","0","0","ConvNeXt Satellite"
"qc_50_84","media/images/f4a4f4873a963d0ac4b9.png","media/images/b854fdd5f3cbecc93a64.png","media/images/9510444f256a3123b844.png","0","0","0.8557891845690067","0","56085","9451","0","ConvNeXt Satellite"
"qc_37_101","media/images/736760fccb7b528bbe80.png","media/images/81cd6c7cef57adb4b39b.png","media/images/fd18bbfcdb68766cb0dd.png","0","0","0.9999999999984741","0","65536","0","0","ConvNeXt Satellite"
"qc_31_100","media/images/9d612cee4709ee4b320d.png","media/images/39e006d01d0c59f6ef63.png","media/images/051516ce584aae182bc8.png","0","0","0.944976806639183","0","61930","3606","0","ConvNeXt Satellite"
"qc_3_123","media/images/986db7eb618620231d4d.png","media/images/8f724a249b63636324be.png","media/images/67eb23c2bf1ad9e827aa.png","0","0","0.9999999999984741","0","65536","0","0","ConvNeXt Satellite"
"qc_56_113","media/images/7107bd23b6af7e78ce57.png","media/images/d2ea4752471fb33d421e.png","media/images/a30ffd919c555006061a.png","0","0","0.9999999999984741","0","65536","0","0","ConvNeXt Satellite"
"qc_45_58","media/images/89133f2697d9d11db4d2.png","media/images/d8ca78980d6304988802.png","media/images/3b20dfef20f3dcfd7d70.png","0","0","0.9570770263657271","0","62723","2813","0","ConvNeXt Satellite"
"qc_35_78","media/images/e905e00a8dbff30f5e2c.png","media/images/cd197c29451169ff67e0.png","media/images/b333560804e0a9fa4076.png","0","0","0.9999999999984741","0","65536","0","0","ConvNeXt Satellite"
"qc_100_44","media/images/552f9e20265b28e31b14.png","media/images/9ab708a4effdbf875b50.png","media/images/0b8ebda459e297fb5ba8.png","0","0","0.9999999999984741","0","65536","0","0","ConvNeXt Satellite"
"qc_47_101","media/images/4074b7e0eac0ebd33a11.png","media/images/789b826edd5fd1ce97b3.png","media/images/7fd4d7a7889b71884c7f.png","0","0","0.9999999999984741","0","65536","0","0","ConvNeXt Satellite"
"qc_51_109","media/images/53f9dd51b2925f417a86.png","media/images/9c2f157f4bea8db6a456.png","media/images/fb388095a7a8b65d6f6e.png","0","0","0.9999999999984741","0","65536","0","0","ConvNeXt Satellite"
"qc_88_16","media/images/6de7f86d1953e1efc1cb.png","media/images/9ab708a4effdbf875b50.png","media/images/0b8ebda459e297fb5ba8.png","0","0","0.9999999999984741","0","65536","0","0","ConvNeXt Satellite"
"qc_108_43","media/images/fcfe06bffba73fe408ac.png","media/images/ce213fd0ed64e2fae154.png","media/images/ccb1be3e7a8e8b361e13.png","0","0","0.9999999999984741","0","65536","0","0","ConvNeXt Satellite"
"qc_62_144","media/images/e39a4f3a1cf915e462e5.png","media/images/4d99811ed1adf7772adf.png","media/images/b5d25f8f9e43169f71ab.png","0","0","0.9999999999984741","0","65536","0","0","ConvNeXt Satellite"
"qc_17_99","media/images/1fc54bea50920d76cfed.png","media/images/49ad5eedd03302cff7f7.png","media/images/623643652ed268584930.png","0.02501624431432738","0.04881140569695621","0.771041870116011","385","50146","0","15005","ConvNeXt Satellite"
"qc_19_128","media/images/f15a296d9840e3669eb3.png","media/images/a91329f08c7971f3dc44.png","media/images/e8eaf6f8b5b792a8598f.png","0","0","0.930953979490767","0","61011","0","4525","ConvNeXt Satellite"
"qc_105_11","media/images/c9a4da9ce8c8486657e0.png","media/images/9ab708a4effdbf875b50.png","media/images/0b8ebda459e297fb5ba8.png","0","0","0.9999999999984741","0","65536","0","0","ConvNeXt Satellite"
"qc_57_56","media/images/0d045fe0dc8bb1301822.png","media/images/6c3e6ffb88880cfa47a6.png","media/images/af3e7e889c36668ef6b2.png","0.3490845200649663","0.5175131518905988","0.7851867675769268","7550","43908","12506","1572","ConvNeXt Satellite"
"qc_113_7","media/images/6cffc15079560c2b18df.png","media/images/9ab708a4effdbf875b50.png","media/images/0b8ebda459e297fb5ba8.png","0","0","0.9999999999984741","0","65536","0","0","ConvNeXt Satellite"
"qc_106_43","media/images/f733074be33f8b802043.png","media/images/7be43d6decbcba8f89f3.png","media/images/67a9f5fb7a0d8e1721e4.png","0","0","0.9567718505844776","0","62703","2833","0","ConvNeXt Satellite"
"qc_62_145","media/images/1f825f6e5603c30ada14.png","media/images/12173160c659f6d55247.png","media/images/3b48c18f8bcfb8f4bf2d.png","0","0","0.9999999999984741","0","65536","0","0","ConvNeXt Satellite"
"qc_40_135","media/images/5a75ac439d9ebd6d4c6f.png","media/images/1b1fbf1e3d8354e718ac.png","media/images/8d56c10299bd72430b9f.png","0","0","0.9999999999984741","0","65536","0","0","ConvNeXt Satellite"
"qc_108_36","media/images/53091165c8b64fb0f62f.png","media/images/9ab708a4effdbf875b50.png","media/images/0b8ebda459e297fb5ba8.png","0","0","0.9999999999984741","0","65536","0","0","ConvNeXt Satellite"
"qc_52_120","media/images/b433e897f089d72f65e4.png","media/images/00907efa53945ab92acd.png","media/images/09581934434ee72d79ff.png","0","0","0.9999999999984741","0","65536","0","0","ConvNeXt Satellite"
"qc_70_148","media/images/a3cf96f80942d17661a7.png","media/images/9794704e7cdf386f6043.png","media/images/bc03c1832bb4280211a2.png","0","0","0.9999999999984741","0","65536","0","0","ConvNeXt Satellite"
"qc_82_85","media/images/bd0cb87c5ec3471f333c.png","media/images/6e48e8772154d77d5d77.png","media/images/362787baf6805703075b.png","0","0","0.9999999999984741","0","65536","0","0","ConvNeXt Satellite"
"qc_62_128","media/images/af2b75a51fc6a417c678.png","media/images/90a966473814e607a427.png","media/images/21efdafef47754e79bc8.png","0.027537745702900598","0.053599472193077966","0.8437347412096501","290","55005","299","9942","ConvNeXt Satellite"
"qc_13_127","media/images/1c4cd28e7c5df72d971f.png","media/images/458c72073f0861f51778.png","media/images/25a0ea0b507bcad1fab9.png","0","0","0.9999999999984741","0","65536","0","0","ConvNeXt Satellite"
"qc_18_93","media/images/67451a0522698469c8c7.png","media/images/ff0e2a7582e8898a0fdd.png","media/images/54ce944f42c4377befcc.png","0.9301768302721444","0.96382545625718","0.9742126464828884","22514","41332","250","1440","ConvNeXt Satellite"
"qc_12_95","media/images/44ea301e0b81cc9d48f3.png","media/images/e46ecc436c6d8da30a93.png","media/images/e8acff54dcbefb1a5866.png","0","0","0.9999999999984741","0","65536","0","0","ConvNeXt Satellite"
"qc_63_61","media/images/9059639324aa0f4952f5.png","media/images/275acc5b40da33c779da.png","media/images/260039e0dd9ddfeb9c0a.png","0.008271658684881514","0.016407597680437515","0.9652404785141522","19","63239","0","2278","ConvNeXt Satellite"
"qc_108_26","media/images/3b38134208bd52b59324.png","media/images/9ab708a4effdbf875b50.png","media/images/0b8ebda459e297fb5ba8.png","0","0","0.9999999999984741","0","65536","0","0","ConvNeXt Satellite"
"qc_108_63","media/images/9dfb6b9ae830e6d6a7d4.png","media/images/9ab708a4effdbf875b50.png","media/images/0b8ebda459e297fb5ba8.png","0","0","0.9999999999984741","0","65536","0","0","ConvNeXt Satellite"
"qc_95_49","media/images/02a7f912eb476782c5a0.png","media/images/21bc5044cb014e1e429d.png","media/images/fb6ea95717ceddc1ecd6.png","0.5822183608439553","0.7359519216729551","0.779876708983185","20104","31006","9581","4845","ConvNeXt Satellite"
"qc_111_47","media/images/f8d30eeaeabb1a4be80a.png","media/images/9ab708a4effdbf875b50.png","media/images/0b8ebda459e297fb5ba8.png","0","0","0.9999999999984741","0","65536","0","0","ConvNeXt Satellite"
"qc_37_122","media/images/cb6c3e5b366ba56490ee.png","media/images/03923052ff621a784630.png","media/images/464e002bb05332921117.png","0","0","0.9999999999984741","0","65536","0","0","ConvNeXt Satellite"
"qc_36_76","media/images/b50e5c956507f906725d.png","media/images/69653798dcb1ba346a11.png","media/images/4390b9e9edd4fbd27215.png","0","0","0.9999999999984741","0","65536","0","0","ConvNeXt Satellite"
"qc_72_93","media/images/ed242460796702803f6a.png","media/images/7f90bd15b69b836c5168.png","media/images/b9af8b1af2161b2c6115.png","0","0","0.9165954589829763","0","60070","5466","0","ConvNeXt Satellite"
"qc_67_46","media/images/5c97d44df1df80491861.png","media/images/a91235f7c9b8cbad792a.png","media/images/0cd49ba7c3a853b76885.png","0","0","0.9999999999984741","0","65536","0","0","ConvNeXt Satellite"
"qc_65_33","media/images/0c27c2bbb40f51f76a87.png","media/images/4165d3644926b69b6b7b.png","media/images/7a1dd33780a45d908758.png","0","0","0.9999999999984741","0","65536","0","0","ConvNeXt Satellite"
"qc_23_132","media/images/b670a4bac0f5c8b3af02.png","media/images/6818e91e1608f23f1153.png","media/images/e4afaaeb41d6e9bc8543.png","0","0","0.9999999999984741","0","65536","0","0","ConvNeXt Satellite"
"qc_111_17","media/images/d54b27ec526321f93601.png","media/images/9ab708a4effdbf875b50.png","media/images/0b8ebda459e297fb5ba8.png","0","0","0.9999999999984741","0","65536","0","0","ConvNeXt Satellite"
"qc_92_17","media/images/fdddcc6adafec5d5fe78.png","media/images/9ab708a4effdbf875b50.png","media/images/0b8ebda459e297fb5ba8.png","0","0","0.9999999999984741","0","65536","0","0","ConvNeXt Satellite"
"qc_12_117","media/images/f9e024d60dcf08cc1d89.png","media/images/be2fbebe078eab7908fb.png","media/images/636d1b3d651ed62c4ca4.png","0","0","0.9999999999984741","0","65536","0","0","ConvNeXt Satellite"
"qc_83_80","media/images/c0d225d994160446f739.png","media/images/ee12c89959d64ce01266.png","media/images/39d12180698b333e3f71.png","0","0","0.9999999999984741","0","65536","0","0","ConvNeXt Satellite"
"qc_90_68","media/images/18d8be682a3ec17def29.png","media/images/bf7934d200b0647547b9.png","media/images/fdc3d810b79b1d11bfff.png","0.4923527659127403","0.6598342435669381","0.8440093994127746","9915","45398","3185","7038","ConvNeXt Satellite"
"qc_55_121","media/images/6888528df81f09862b77.png","media/images/b469277becce27542470.png","media/images/67490abf780081698cc5.png","0","0","0.9764556884750726","0","63993","0","1543","ConvNeXt Satellite"
"qc_66_107","media/images/41a6f4859923955857f2.png","media/images/62ae54d7ef05091e9311.png","media/images/4d619e28968b98686ae0.png","0","0","0.9999999999984741","0","65536","0","0","ConvNeXt Satellite"
"qc_73_102","media/images/4ddcbbc3ce0af2091b5f.png","media/images/1716a3494a70cf4182d5.png","media/images/423b6e89e529c92da7fa.png","0","0","0.9996948242172246","0","65516","20","0","ConvNeXt Satellite"
"qc_54_33","media/images/041e24f12247ff5ca135.png","media/images/429e354bfc95fdcf0225.png","media/images/930ba73290b7643b1201.png","0","0","0.9999999999984741","0","65536","0","0","ConvNeXt Satellite"
"qc_84_93","media/images/b0dfebf822d35dd24ea0.png","media/images/614e6b02d5c3e3bf08f2.png","media/images/3ce212d3550583e81cc5.png","0","0","0.9999999999984741","0","65536","0","0","ConvNeXt Satellite"
"qc_49_70","media/images/5df453eebb80d4df777d.png","media/images/0bcdba6c3e5b291480e7.png","media/images/4a8d53abfe237760aecd.png","0.865950608923664","0.9281602185388064","0.9758148193344485","10239","53712","53","1532","ConvNeXt Satellite"
"qc_23_85","media/images/5a23cb46c4e9947befb0.png","media/images/a1b213a822753371fdd5.png","media/images/e7d72714bfaa5fdcc0fb.png","0","0","0.9999999999984741","0","65536","0","0","ConvNeXt Satellite"
"qc_64_150","media/images/e083476316d4dbf3dc66.png","media/images/2ddf565b628d3f43fdd1.png","media/images/e957199bc6904a9a4af3.png","0","0","0.9999999999984741","0","65536","0","0","ConvNeXt Satellite"
"qc_103_9","media/images/6ba501a60d5c0d87e533.png","media/images/9ab708a4effdbf875b50.png","media/images/0b8ebda459e297fb5ba8.png","0","0","0.9999999999984741","0","65536","0","0","ConvNeXt Satellite"
"qc_55_94","media/images/52d9d538fcf2b6733b84.png","media/images/a27d56658a6e8c2e7a1c.png","media/images/7832e35df30d094b681a.png","0","0","0.9999999999984741","0","65536","0","0","ConvNeXt Satellite"
"qc_51_77","media/images/9d58992d066354b7cd3f.png","media/images/1e19a14520d468ac193d.png","media/images/3f912a010882e456fb3a.png","0.6567661346256916","0.7928289694514581","0.8867950439439594","14196","43921","5388","2031","ConvNeXt Satellite"
"qc_43_137","media/images/704e01abb9087f58fa8c.png","media/images/ebbd5ec35f59b7c1b1cc.png","media/images/f55358df77440ab4f755.png","0","0","0.9999999999984741","0","65536","0","0","ConvNeXt Satellite"
"qc_43_134","media/images/c29ebd9ed93fa4352f26.png","media/images/32a0eaedbddc624d9152.png","media/images/cc6ffd259b98bcfd40ee.png","0","0","0.9999999999984741","0","65536","0","0","ConvNeXt Satellite"
"qc_21_110","media/images/54fc973f94236e3fee39.png","media/images/c2ce259cd6c493d8fc38.png","media/images/4aa3a8bbc95bd7c70ce9.png","0","0","0.9999999999984741","0","65536","0","0","ConvNeXt Satellite"
"qc_92_12","media/images/3baaa3c9141cdc534355.png","media/images/e6aef12de7ac327dd995.png","media/images/9933516c21a6e060626c.png","0","0","0.9999999999984741","0","65536","0","0","ConvNeXt Satellite"
"qc_50_41","media/images/e42fc4c7240733de2b13.png","media/images/0c902fcfa434138f88fb.png","media/images/1cb7f8860beba506e0c1.png","0","0","0.9999999999984741","0","65536","0","0","ConvNeXt Satellite"
"qc_38_131","media/images/c48e8e62e732a22e1cd5.png","media/images/6a6f7f154107b733690a.png","media/images/f2545042be193fda7815.png","0","0","0.9999999999984741","0","65536","0","0","ConvNeXt Satellite"
"qc_110_32","media/images/add230b756dcb29852aa.png","media/images/9ab708a4effdbf875b50.png","media/images/0b8ebda459e297fb5ba8.png","0","0","0.9999999999984741","0","65536","0","0","ConvNeXt Satellite"
"qc_109_63","media/images/5966d270f15ce8eed8c9.png","media/images/9ab708a4effdbf875b50.png","media/images/0b8ebda459e297fb5ba8.png","0","0","0.9999999999984741","0","65536","0","0","ConvNeXt Satellite"
"qc_99_35","media/images/6f289427deb3d6127606.png","media/images/9ab708a4effdbf875b50.png","media/images/0b8ebda459e297fb5ba8.png","0","0","0.9999999999984741","0","65536","0","0","ConvNeXt Satellite"
"qc_18_111","media/images/37eb7a85121ccb962fec.png","media/images/2e6ff8f57b4945dad5c2.png","media/images/ac2957a4e773a587c85d.png","0.9058552726200378","0.9506023233514557","0.9500732421860503","31483","30781","3074","198","ConvNeXt Satellite"
"qc_87_90","media/images/9c2fd14f3d224776eab8.png","media/images/49cc39af0e61bc456f03.png","media/images/afea042b03294d2871f3.png","0","0","0.9999999999984741","0","65536","0","0","ConvNeXt Satellite"
"qc_29_131","media/images/89149f8be0453025528f.png","media/images/b07751ef4cba0157d79f.png","media/images/577a65b281c9d1e55826.png","0","0","0.9999999999984741","0","65536","0","0","ConvNeXt Satellite"
"qc_94_59","media/images/62bd1891d0624b384e49.png","media/images/5dde4461ed3b10fe24da.png","media/images/29b645437eb09039ece4.png","0","0","0.9972076416000408","0","65353","0","183","ConvNeXt Satellite"
"qc_103_75","media/images/66d5084f8c62568feafd.png","media/images/ebd1190dbeddf5867d71.png","media/images/7c488f9f58f0757bfb58.png","0","0","0.9999999999984741","0","65536","0","0","ConvNeXt Satellite"
"qc_87_28","media/images/78a6f62c536dae2a8a15.png","media/images/9ab708a4effdbf875b50.png","media/images/0b8ebda459e297fb5ba8.png","0","0","0.9999999999984741","0","65536","0","0","ConvNeXt Satellite"
"qc_47_102","media/images/fcc1b966620bbe88876b.png","media/images/549f051a9ed59709ca09.png","media/images/bdec0a167eab8651d271.png","0","0","0.9999999999984741","0","65536","0","0","ConvNeXt Satellite"
"qc_36_51","media/images/054ec673d37432d82b9c.png","media/images/09cd4e248adec87fce4a.png","media/images/b4b2398ae69145f1190f.png","0.5764662212293113","0.7313397228528804","0.8781280517564726","10871","46678","7987","0","ConvNeXt Satellite"
"qc_61_74","media/images/77802c18acf182a1d783.png","media/images/10258d1f7f6e5b5aa231.png","media/images/72352c179f4c93e7cd33.png","0","0","0.9999999999984741","0","65536","0","0","ConvNeXt Satellite"
"qc_108_21","media/images/4964c499336dd40db079.png","media/images/7d31099d090e6ec6c6c7.png","media/images/0b8ebda459e297fb5ba8.png","0","0","0.9999999999984741","0","65536","0","0","ConvNeXt Satellite"
"qc_80_88","media/images/3f779971b0ea57d47509.png","media/images/c9db9826fdf35ed38ebf.png","media/images/bad365a33138e7215e94.png","0","0","0.9999999999984741","0","65536","0","0","ConvNeXt Satellite"
"qc_74_52","media/images/0589afe36a475965f1c4.png","media/images/9ab708a4effdbf875b50.png","media/images/0b8ebda459e297fb5ba8.png","0","0","0.9999999999984741","0","65536","0","0","ConvNeXt Satellite"
"qc_81_104","media/images/f928560ba5e34d2d49f2.png","media/images/fc36a4087423fc26b24c.png","media/images/3544714d2bc780b76293.png","0.6958018658348297","0.8206168863178492","0.8746185302721029","18795","38524","3419","4798","ConvNeXt Satellite"
"qc_66_62","media/images/b7d34bc94d838a6a6798.png","media/images/f7a2c56075d5aaf1d515.png","media/images/f359f9c203dfae3ef81a.png","0","0","0.9999999999984741","0","65536","0","0","ConvNeXt Satellite"
"qc_92_20","media/images/b6493fa4a2855ca6350d.png","media/images/9ab708a4effdbf875b50.png","media/images/0b8ebda459e297fb5ba8.png","0","0","0.9999999999984741","0","65536","0","0","ConvNeXt Satellite"
"qc_52_137","media/images/b79da4d73348f7e233e7.png","media/images/7e11f85cb64fb175f904.png","media/images/e09c6a56748f8646aaef.png","0","0","0.9998626708969118","0","65527","9","0","ConvNeXt Satellite"
"qc_76_87","media/images/affdac3ec724f2fb4b4b.png","media/images/015623337d800d54f951.png","media/images/26ba3f2ff65481825b51.png","0.45174569293755334","0.6223482021510836","0.8902587890611415","5926","52418","6892","300","ConvNeXt Satellite"
"qc_45_108","media/images/6eccba545c71e847bc38.png","media/images/61f2351c3debe5b04af8.png","media/images/b7d8532f49ea0bf4a744.png","0","0","0.9999999999984741","0","65536","0","0","ConvNeXt Satellite"
"qc_49_92","media/images/ecb61cae0a3f1c9d638f.png","media/images/4a0b0d3b0214c3d4e592.png","media/images/3a49124d6bdf0b4eb1b8.png","0","0","0.9294586181626443","0","60913","4623","0","ConvNeXt Satellite"
"qc_21_92","media/images/ef460bf3c9ac4fa54934.png","media/images/b7c4d5683f3d84bbda95.png","media/images/9421635f2c0728a25b46.png","0","0","0.8857727050767734","0","58050","6306","1180","ConvNeXt Satellite"
"qc_18_119","media/images/ef2ac4c04ea9fefcff51.png","media/images/c0791c18be671a224af3.png","media/images/9ed35c664995df148c2b.png","0","0","0.9952545166000438","0","65225","0","311","ConvNeXt Satellite"
"qc_46_125","media/images/65d6462759d6abd6a008.png","media/images/2f725db099818938d99b.png","media/images/0aa3accb90c0450181b8.png","0","0","0.9999999999984741","0","65536","0","0","ConvNeXt Satellite"
"qc_78_91","media/images/e235063e93fe2b8ced6e.png","media/images/24204ff1b3d02b41da44.png","media/images/b01c4f1a820b64054cc4.png","0","0","0.9999999999984741","0","65536","0","0","ConvNeXt Satellite"
"qc_44_65","media/images/e4af64083265600eecd2.png","media/images/4bba900836bdef2b72fc.png","media/images/9c017583b5afce3d4d97.png","0","0","0.9999999999984741","0","65536","0","0","ConvNeXt Satellite"
"qc_39_125","media/images/a1e668e0eb9fab4f5c63.png","media/images/dfa5662661db96fd076c.png","media/images/aab9e86056d124348a75.png","0.5267892060802977","0.6900614291023922","0.9815368652328773","1347","62979","72","1138","ConvNeXt Satellite"
"qc_67_78","media/images/c725c28cf74e5f52467d.png","media/images/b3117efdd7869983b4b3.png","media/images/d18f80cd1d543805bba4.png","0.5136028281566493","0.6786493546117378","0.8068542480456439","13366","39512","3261","9397","ConvNeXt Satellite"
"qc_84_17","media/images/e1f332d3a7eee9f4f3b4.png","media/images/389efaf8a5be1a85028d.png","media/images/0376714349fe9d7d9eff.png","0","0","0.9999999999984741","0","65536","0","0","ConvNeXt Satellite"
"qc_56_96","media/images/2d2a59b4d498c502aed2.png","media/images/5761e16e2f6d45454e56.png","media/images/10c6704000accf7d7e95.png","0","0","0.9999999999984741","0","65536","0","0","ConvNeXt Satellite"
"qc_23_133","media/images/12edad326cd38384d98c.png","media/images/e38a075ea640af0db89c.png","media/images/da7c9b3cb49cf6a8c62a.png","0","0","0.9999999999984741","0","65536","0","0","ConvNeXt Satellite"
"qc_47_63","media/images/88fa41967205711708ca.png","media/images/fd879c9e5876b0397d50.png","media/images/5d67e5659941fa427c3c.png","0","0","0.9999999999984741","0","65536","0","0","ConvNeXt Satellite"
"qc_61_62","media/images/947772af015278fd8c22.png","media/images/515a0d8dcac68d62df24.png","media/images/74242499c7d1a553803e.png","0.3439043931075984","0.5117988582198765","0.8500518798815154","5151","50558","9658","169","ConvNeXt Satellite"
"qc_80_29","media/images/1e37ecec3d0730fff909.png","media/images/9ab708a4effdbf875b50.png","media/images/0b8ebda459e297fb5ba8.png","0","0","0.9999999999984741","0","65536","0","0","ConvNeXt Satellite"
"qc_52_121","media/images/5dc948a0f1ac916a5a4f.png","media/images/4bf36579c06810ebdb6f.png","media/images/f4832b32a9a94bf02825.png","0","0","0.992477416990673","0","65043","493","0","ConvNeXt Satellite"
"qc_38_44","media/images/8ec2e250f6250a937571.png","media/images/bd02a07a261c43812100.png","media/images/4bb16c832d2b751c5f53.png","0","0","0.9999999999984741","0","65536","0","0","ConvNeXt Satellite"
"qc_31_121","media/images/4de8ded000cfe6cf0626.png","media/images/39da5eb4a35f93dc39e6.png","media/images/c4ac57c2597337644cda.png","0","0","0.9999999999984741","0","65536","0","0","ConvNeXt Satellite"
"qc_47_94","media/images/48ec195d4e95304f8240.png","media/images/5d542e746618b283e1bf.png","media/images/de050afc459558cb0a89.png","0.3559860272989525","0.5250585092632468","0.9690551757797713","1121","62387","0","2028","ConvNeXt Satellite"
"qc_96_74","media/images/b4bfb778ad968a318fa3.png","media/images/33f422493e1c16c2f360.png","media/images/4534a9804f078b321c30.png","0","0","0.9999999999984741","0","65536","0","0","ConvNeXt Satellite"
"qc_28_68","media/images/0b27e042fd18ad48a1ed.png","media/images/835b4a53cfeba38432b2.png","media/images/77f02132d81e4dee0bfc.png","0","0","0.9832916259750621","0","64441","0","1095","ConvNeXt Satellite"
"qc_109_42","media/images/3079b3daec4ee64f0006.png","media/images/7bd1b95c4db083e17209.png","media/images/ec934d03bbfef5fff76f.png","0.16502799077911975","0.2833030215811495","0.4583435058586756","7016","23022","34518","980","ConvNeXt Satellite"
"qc_72_46","media/images/67cd9e6f915515c40da9.png","media/images/9ab708a4effdbf875b50.png","media/images/0b8ebda459e297fb5ba8.png","0","0","0.9999999999984741","0","65536","0","0","ConvNeXt Satellite"
"qc_97_19","media/images/236152b9bbdac11b621d.png","media/images/9ab708a4effdbf875b50.png","media/images/0b8ebda459e297fb5ba8.png","0","0","0.9999999999984741","0","65536","0","0","ConvNeXt Satellite"
"qc_41_35","media/images/cb60154e706525505cb1.png","media/images/86e81dc6f60e6ceca1e7.png","media/images/181df6567d59bde8930d.png","0","0","0.9798431396469424","0","64215","0","1321","ConvNeXt Satellite"
"qc_36_73","media/images/51731143823a738c2115.png","media/images/329684f8b7c21594f49d.png","media/images/8caed7a267c062f5f1e0.png","0","0","0.9999999999984741","0","65536","0","0","ConvNeXt Satellite"
"qc_69_77","media/images/2ea62d2ff76fac87e1bc.png","media/images/f0b4c5a0350fef8bf8e1.png","media/images/f14f9fafa2b608ac4589.png","0","0","0.9819946289047515","0","64356","1180","0","ConvNeXt Satellite"
"qc_82_30","media/images/ad44f9ff2b1e0b43fce1.png","media/images/9ab708a4effdbf875b50.png","media/images/0b8ebda459e297fb5ba8.png","0","0","0.9999999999984741","0","65536","0","0","ConvNeXt Satellite"
"qc_80_89","media/images/7d298208e09fee77c774.png","media/images/6e0b888fdbe468bd92dc.png","media/images/18e9fa49850d6fb81bea.png","0","0","0.9999999999984741","0","65536","0","0","ConvNeXt Satellite"
"qc_79_52","media/images/b0b9fb265a1b62f6a738.png","media/images/9ab708a4effdbf875b50.png","media/images/0b8ebda459e297fb5ba8.png","0","0","0.9999999999984741","0","65536","0","0","ConvNeXt Satellite"
"qc_11_100","media/images/ff60990a5b0ab6835ab4.png","media/images/87b1a8ce0c6998f72bc7.png","media/images/5f8c60199e64a84a55f0.png","0","0","0.9999999999984741","0","65536","0","0","ConvNeXt Satellite"
"qc_87_16","media/images/5af8e6fce6bcde342be0.png","media/images/9ab708a4effdbf875b50.png","media/images/0b8ebda459e297fb5ba8.png","0","0","0.9999999999984741","0","65536","0","0","ConvNeXt Satellite"
"qc_84_30","media/images/ea5c6790a3e6f4319bab.png","media/images/9ab708a4effdbf875b50.png","media/images/0b8ebda459e297fb5ba8.png","0","0","0.9999999999984741","0","65536","0","0","ConvNeXt Satellite"
"qc_43_139","media/images/f4a4589035080e432fdb.png","media/images/86ab4bb2f7955561895a.png","media/images/eca0b053fd3acc28ff0b.png","0","0","0.9999999999984741","0","65536","0","0","ConvNeXt Satellite"
"qc_33_41","media/images/fec9029fe30b401556ac.png","media/images/dd04db32b03e1cfcf9ac.png","media/images/6627d2119a0b68306af3.png","0","0","0.9999999999984741","0","65536","0","0","ConvNeXt Satellite"
"qc_104_55","media/images/76d2d14793d63b105d09.png","media/images/6cee1b9a2b95695c2c01.png","media/images/8025a47d0bee4b5cb261.png","0.3192210354724007","0.48395378945071754","0.7578277587879061","7442","42223","15085","786","ConvNeXt Satellite"
"qc_27_62","media/images/2130e90c65a7d14f756d.png","media/images/c1b95bef4c41a3bd6a87.png","media/images/976241e3d917736a7933.png","0","0","0.9999999999984741","0","65536","0","0","ConvNeXt Satellite"
"qc_62_158","media/images/66dd4c38918ef141151f.png","media/images/d49adce2d720ad34e6ea.png","media/images/48ebcf4790bcfb3f4600.png","0","0","0.9999999999984741","0","65536","0","0","ConvNeXt Satellite"
"qc_83_79","media/images/ec93b67fec9c449334f5.png","media/images/5086505ebb6cb3847df3.png","media/images/da87b354cfe3b3ea2c97.png","0","0","0.5006713867179861","0","32812","32724","0","ConvNeXt Satellite"
"qc_19_91","media/images/212b9a04ad24770761f5.png","media/images/01aafa1e9da23bc94203.png","media/images/a539d1e79b0508125d00.png","0.09511061011561067","0.17370044733531298","0.9020080566392487","675","58439","0","6422","ConvNeXt Satellite"
"qc_90_31","media/images/1ee426bbd2e3b11948a5.png","media/images/9ab708a4effdbf875b50.png","media/images/0b8ebda459e297fb5ba8.png","0","0","0.9999999999984741","0","65536","0","0","ConvNeXt Satellite"
"qc_63_33","media/images/391387551593c4a3dadd.png","media/images/843af16017302f5cf08a.png","media/images/7b9b43c3a18e902e7ca3.png","0","0","0.9999999999984741","0","65536","0","0","ConvNeXt Satellite"
"qc_62_110","media/images/657d4777ba7ab0d9ea50.png","media/images/59330652a5652d33c544.png","media/images/24c7c578e634fabbdd35.png","0.5967633799546948","0.7474662153234622","0.7338562011707552","25813","22281","6561","10881","ConvNeXt Satellite"
"qc_82_59","media/images/f73fa7aeb07f6c5434db.png","media/images/4ca987db078b65b22ccf.png","media/images/3f28d427f069baf86995.png","0","0","0.9550628662094802","0","62591","0","2945","ConvNeXt Satellite"
"qc_50_97","media/images/fcf49203fe59503a18c9.png","media/images/21789ae5a3ee1605ba94.png","media/images/ec404b3b6833f2d66a66.png","0.00541438059482086","0.010770444825061084","0.7897796630847324","75","51684","0","13777","ConvNeXt Satellite"
"qc_81_95","media/images/6b0a1206ec24c9a71456.png","media/images/0e742725b5d147e40563.png","media/images/20ef736af7bafa9321b3.png","0","0","0.9999999999984741","0","65536","0","0","ConvNeXt Satellite"
"qc_53_95","media/images/777988fb3413eb3f8ed7.png","media/images/731030d4dc4dfcc14b63.png","media/images/c03f5b90a77e69deeea4.png","0","0","0.8462829589830837","0","55462","10074","0","ConvNeXt Satellite"
"qc_46_65","media/images/6a63b222eb457873e0f3.png","media/images/eedbe68eb1787b2c187f.png","media/images/7e01a6ecb0041e31c607.png","0","0","0.7714843749988228","0","50560","14976","0","ConvNeXt Satellite"
"qc_80_112","media/images/a89938153ef4ca1c8b22.png","media/images/acdd62e49a27a947f4af.png","media/images/13567f76e903c6d3a3ff.png","0","0","0.9999999999984741","0","65536","0","0","ConvNeXt Satellite"
"qc_31_70","media/images/f9bd58480712debfe579.png","media/images/441d16ee2ff9aa3066e0.png","media/images/d00d5b8e4b98b5e38879.png","0.513811246296335","0.6788312785241026","0.9097595214829868","6250","53372","5731","183","ConvNeXt Satellite"
"qc_102_60","media/images/76f23aad5fc7ce7145eb.png","media/images/24fde17c4efd6ec18e73.png","media/images/1ffac63640d80ddbf761.png","0","0","0.7482452392566707","0","49037","16499","0","ConvNeXt Satellite"
"qc_68_155","media/images/2822c1e1701bc6b65c5c.png","media/images/e5edf71a611180f30629.png","media/images/47d56205c3ecf1127972.png","0","0","0.9999999999984741","0","65536","0","0","ConvNeXt Satellite"
"qc_17_121","media/images/892d284934d93a6cfbe8.png","media/images/5580348cb9eee0a5d295.png","media/images/7e09e896be077605eb2a.png","0","0","0.9999999999984741","0","65536","0","0","ConvNeXt Satellite"
"qc_75_95","media/images/7d4c9bc19d912e589c22.png","media/images/107f268f902ea516cdc9.png","media/images/79081647790982aa56bb.png","0","0","0.9999999999984741","0","65536","0","0","ConvNeXt Satellite"
"qc_94_75","media/images/b9eefc3b007a5145a89f.png","media/images/f931fe6ea781a805025e.png","media/images/3ffcb0b320ef3bf75364.png","0.6469470565482193","0.7856318305929557","0.8327178955065418","20089","34484","6674","4289","ConvNeXt Satellite"
"qc_103_60","media/images/4bc26a4b799bc5109ace.png","media/images/989688074d22ff2b5369.png","media/images/55d3db9414c3ba0fb6b1.png","0","0","0.9944763183578575","0","65174","362","0","ConvNeXt Satellite"
"qc_76_71","media/images/98203215e497979c7a13.png","media/images/9ca393402cb16227ebe1.png","media/images/df5c6650fe7c4f4acdce.png","0","0","0.35700988769476777","0","23397","42139","0","ConvNeXt Satellite"
"qc_51_92","media/images/ac30d34dcb33a0972b10.png","media/images/6cbc5898fb04e5674628.png","media/images/ed6dbdff79410acead8d.png","0","0","0.9877471923813053","0","64733","803","0","ConvNeXt Satellite"
"qc_105_42","media/images/eb3129b5dff5ef62deff.png","media/images/c53ea5a712c17c3357d5.png","media/images/4b8981e5a54c79796015.png","0","0","0.9999999999984741","0","65536","0","0","ConvNeXt Satellite"
"qc_76_70","media/images/5ef34b09319ac9645008.png","media/images/fad7f5fe2ddde02d7b1d.png","media/images/3c540825f7fc237a132a.png","0","0","0.9891967773422405","0","64828","708","0","ConvNeXt Satellite"
"qc_61_127","media/images/117ed907d05e94089491.png","media/images/74c4248c4cecc79aa382.png","media/images/08612d419e18ddae4528.png","0","0","0.9999999999984741","0","65536","0","0","ConvNeXt Satellite"
"qc_34_53","media/images/726a1e42e57cca239f24.png","media/images/98e1bb8a829413c350af.png","media/images/b0ef4ee7ae98096347b9.png","0","0","0.9999999999984741","0","65536","0","0","ConvNeXt Satellite"
"qc_104_22","media/images/8501c5e841923fb5ba61.png","media/images/9ab708a4effdbf875b50.png","media/images/0b8ebda459e297fb5ba8.png","0","0","0.9999999999984741","0","65536","0","0","ConvNeXt Satellite"
"qc_48_126","media/images/6af9910af39838e006b9.png","media/images/2641129a805f793cd848.png","media/images/dea9bf4244376d0938b1.png","0","0","0.9999999999984741","0","65536","0","0","ConvNeXt Satellite"
"qc_93_81","media/images/f6f55abb7ec8c21f3df0.png","media/images/b7cda298fe54ad5c6b53.png","media/images/3dd780b6ad49ce282790.png","0.6465260328392712","0.7853213119993505","0.7230987548817092","33192","14197","13731","4416","ConvNeXt Satellite"
"qc_65_62","media/images/6766079b398791482193.png","media/images/9a3a1be20c8507f50d27.png","media/images/80e1bd40ac091980b50c.png","0","0","0.9999999999984741","0","65536","0","0","ConvNeXt Satellite"
"qc_62_71","media/images/29e69c4c5f0fe462b39e.png","media/images/5654843980bb1e9e1700.png","media/images/1842b00ecd9d806b588c.png","0.8935262311825412","0.9437695334974497","0.9444122314438714","30572","31321","3243","400","ConvNeXt Satellite"
"qc_15_117","media/images/c61f1ad21876f671c5ee.png","media/images/e05a3138bad8a2b2ae60.png","media/images/80a5035e0d3f7bf2b6c7.png","0","0","0.9999999999984741","0","65536","0","0","ConvNeXt Satellite"
"qc_43_106","media/images/7f5b490dbf7b9e6395fd.png","media/images/68e3eafb811cc7be6b7b.png","media/images/fde4383aeb55c505cbaf.png","0.8445321524755051","0.9157141611987037","0.9753570556625742","8773","55148","1111","504","ConvNeXt Satellite"
"qc_26_137","media/images/d720bbe5720c416f3862.png","media/images/04ef711ac65c376fc4ce.png","media/images/131003a180cbf1332312.png","0.8616775682872096","0.9257000639060246","0.9780578613266326","8958","55140","1395","43","ConvNeXt Satellite"
"qc_71_129","media/images/21e5e8a77e87bc3e5bd1.png","media/images/78ca6d126d0e927d3dbb.png","media/images/522c7ebd9279da71d26b.png","0","0","0.05944824218740929","0","3896","61640","0","ConvNeXt Satellite"
"qc_71_33","media/images/34221d7834d9fe7c39c0.png","media/images/3126e1bcf6548ba9f8a0.png","media/images/74ff0e8ee01b5c4848f4.png","0","0","0.9999999999984741","0","65536","0","0","ConvNeXt Satellite"
"qc_102_12","media/images/69d726ad414a75f253e2.png","media/images/9ab708a4effdbf875b50.png","media/images/0b8ebda459e297fb5ba8.png","0","0","0.9999999999984741","0","65536","0","0","ConvNeXt Satellite"
"qc_63_149","media/images/85c6cc70463efd1daf28.png","media/images/0ec5f369d719f33bf3de.png","media/images/bac25bcef043453e3b67.png","0","0","0.9999999999984741","0","65536","0","0","ConvNeXt Satellite"
"qc_82_55","media/images/d7394a8338b19cecfc0b.png","media/images/a87bb032774dd39e99e0.png","media/images/0596d0a04d8f1bd35629.png","0","0","0.9999999999984741","0","65536","0","0","ConvNeXt Satellite"
"qc_50_88","media/images/0d8ab09ce50374d268d3.png","media/images/995d352033bfafdfc7c4.png","media/images/14e0ae8ecf5e2b79a9a9.png","0","0","0.9985351562484763","0","65440","96","0","ConvNeXt Satellite"
"qc_16_123","media/images/365d68f4b5b2d9f7ca18.png","media/images/29660f0c6a42ea77faa8.png","media/images/ef791da383fce9d906aa.png","0","0","0.999450683592225","0","65500","36","0","ConvNeXt Satellite"
"qc_46_104","media/images/cddd77c3b88a9fa9b67c.png","media/images/e99b5db4dae0cb8f6ad7.png","media/images/55358f1449d32c022f7b.png","0.8178649671339481","0.8998082218073234","0.9441833496079343","16426","45452","2669","989","ConvNeXt Satellite"
"qc_43_60","media/images/610314e9a0e64f4291e6.png","media/images/b8a534c50f37b607b8c9.png","media/images/d518b916edeb050488cb.png","0","0","0.9999999999984741","0","65536","0","0","ConvNeXt Satellite"
"qc_59_36","media/images/4a6dc8fb4bcfce55d042.png","media/images/a74192300c4647bb78b7.png","media/images/5ac0be88281c060e495c.png","0","0","0.9999999999984741","0","65536","0","0","ConvNeXt Satellite"
"qc_74_153","media/images/ab36c736915ee4f3e9fb.png","media/images/52a560e42205e5b4fdf9.png","media/images/9d3556046837c7841dac.png","0","0","0.9999999999984741","0","65536","0","0","ConvNeXt Satellite"
"qc_31_67","media/images/2a3d45649c36a532f9a4.png","media/images/b603554078503c41cfe2.png","media/images/3a5c42e5733b88f9bdf6.png","0","0","0.9999999999984741","0","65536","0","0","ConvNeXt Satellite"
"qc_45_48","media/images/6221465d6e37a9f8f0b9.png","media/images/d899653bc0642bf6c1e3.png","media/images/73b6183356950d9ddefb.png","0.36834427424968386","0.5383794888133276","0.8678588867174257","5050","51826","8059","601","ConvNeXt Satellite"
"qc_63_74","media/images/29c3467ed0a3a74cd4c1.png","media/images/21fd1818431df7585705.png","media/images/8ee41551a60a5db36db8.png","0","0","0.9999999999984741","0","65536","0","0","ConvNeXt Satellite"
"qc_76_92","media/images/db2f23c23306b8dde9b2.png","media/images/d25096604b588961f05e.png","media/images/40bf52af6f88089e4fa3.png","0","0","0.9999999999984741","0","65536","0","0","ConvNeXt Satellite"
"qc_35_91","media/images/1a9dc0a70cebb25afdc2.png","media/images/a905ab532461586952b8.png","media/images/f379c1c2fb80780f7b10.png","0.509064539518316","0.6746755890336453","0.8760375976549133","8424","48988","1369","6755","ConvNeXt Satellite"
"qc_64_118","media/images/1e6e9369b2521ba14494.png","media/images/16097564f8fef07a7832.png","media/images/02f02ed682ec11f292d6.png","0.40299579357337645","0.5744789352790117","0.9112091064439221","3928","55789","0","5819","ConvNeXt Satellite"
"qc_30_77","media/images/12e61e1ba6ba63810c84.png","media/images/0db694b8661778e82fc4.png","media/images/ed96c44decb569f5fadb.png","0","0","0.9999999999984741","0","65536","0","0","ConvNeXt Satellite"
"qc_86_29","media/images/eaaf8b38dbda96a5deaa.png","media/images/9ab708a4effdbf875b50.png","media/images/0b8ebda459e297fb5ba8.png","0","0","0.9999999999984741","0","65536","0","0","ConvNeXt Satellite"
"qc_67_151","media/images/38ec8892622f5d03008a.png","media/images/754724c7665beffc6198.png","media/images/58178840efef7a75ca2c.png","0","0","0.9999999999984741","0","65536","0","0","ConvNeXt Satellite"
"qc_76_118","media/images/66c7b62e767015bf8994.png","media/images/f1ea2fd3252a1d990d30.png","media/images/3edde9e1c1880ffb89c3.png","0","0","0.9999999999984741","0","65536","0","0","ConvNeXt Satellite"
"qc_74_55","media/images/000e1c4d974516a92bb2.png","media/images/4219bc1eea84c5e0861a.png","media/images/0b8ebda459e297fb5ba8.png","0","0","0.9999999999984741","0","65536","0","0","ConvNeXt Satellite"
"qc_5_127","media/images/1ce5b0eb46f11a1d2c25.png","media/images/aa215b985fe8ab3bcb9f.png","media/images/0b34e81adb50f5a6ea16.png","0","0","0.9999999999984741","0","65536","0","0","ConvNeXt Satellite"
"qc_62_70","media/images/dd256893b63e78dfb0e0.png","media/images/ea79081473baa7962816.png","media/images/c629028f97fcb22e82a1.png","0.7544451054216772","0.8600383784789364","0.9433135986313731","11414","50407","2841","874","ConvNeXt Satellite"
"qc_28_103","media/images/8ce1fc42048aeb4f5017.png","media/images/0bf5797eeeb171138040.png","media/images/058dea7d8cc8a9c0a2c2.png","0","0","0.9999999999984741","0","65536","0","0","ConvNeXt Satellite"
"qc_104_39","media/images/16a12998a81c61b4a432.png","media/images/9ab708a4effdbf875b50.png","media/images/0b8ebda459e297fb5ba8.png","0","0","0.9999999999984741","0","65536","0","0","ConvNeXt Satellite"
"qc_86_46","media/images/999f4b5e252ebfdf1659.png","media/images/9ab708a4effdbf875b50.png","media/images/0b8ebda459e297fb5ba8.png","0","0","0.9999999999984741","0","65536","0","0","ConvNeXt Satellite"
"qc_39_118","media/images/b2c53710c2b5b6c03d2c.png","media/images/992a7522907b34d3d227.png","media/images/58ee0e5fcf9695999d92.png","0","0","0.9999999999984741","0","65536","0","0","ConvNeXt Satellite"
"qc_71_113","media/images/3cedede32d545a3887eb.png","media/images/a5c1f43fcfe7b1f6877a.png","media/images/5a0192d2997b291720de.png","0.8683574879017305","0.9295409971662476","0.9916839599594243","3595","61396","247","298","ConvNeXt Satellite"
"qc_51_134","media/images/f12f83c0a3d8a656192e.png","media/images/a93df37b7b9308895ba2.png","media/images/f4bd3c502f66020f57d5.png","0","0","0.9999999999984741","0","65536","0","0","ConvNeXt Satellite"
"qc_28_96","media/images/967f12094659917b5865.png","media/images/a0bf97a117200dc8997e.png","media/images/fca3695c792bfecaaee5.png","0","0","0.9999999999984741","0","65536","0","0","ConvNeXt Satellite"
"qc_39_56","media/images/a9f37fe85977c87a1874.png","media/images/9dd1b3a1894bbabba0c0.png","media/images/e609ccd5b0ee97af1aba.png","0.5019680481578433","0.6684137055797993","0.7374267578113748","17344","30984","16813","395","ConvNeXt Satellite"
"qc_27_111","media/images/bc07b42010cc45d5905c.png","media/images/222e24d56d0bff250834.png","media/images/0582a8dc6babfa5b45d5.png","0","0","0.9979248046859773","0","65400","0","136","ConvNeXt Satellite"
"qc_30_76","media/images/28875b0679edbd0d2c13.png","media/images/55ebc9e12e2e4ef58cc5.png","media/images/667b13cb348f5ed9bb7e.png","0","0","0.9999999999984741","0","65536","0","0","ConvNeXt Satellite"
"qc_18_118","media/images/1c8fbce30e6f11fdfa6e.png","media/images/b53370423027c704801c.png","media/images/67c4fb376f9e66e7a067.png","0.43182618907302606","0.6031823719115128","0.9261779785142118","3677","57021","102","4736","ConvNeXt Satellite"
"qc_61_157","media/images/0476f41f01e499af286f.png","media/images/40e87039dcdc0ab47b42.png","media/images/1859b43a7b3effcfd780.png","0","0","0.9999999999984741","0","65536","0","0","ConvNeXt Satellite"
"qc_60_51","media/images/d1c6f27688ceffc0195b.png","media/images/fbbf412045cc639eeb86.png","media/images/9d03a6003929b8e9e3c0.png","0","0","0.9999999999984741","0","65536","0","0","ConvNeXt Satellite"
"qc_40_39","media/images/c74cccf673a2789e1754.png","media/images/74d19aa89bbd3357b79c.png","media/images/184f19551e92478cddb2.png","0","0","0.9999999999984741","0","65536","0","0","ConvNeXt Satellite"
"qc_93_52","media/images/627a8ce6d66ad09c6dc5.png","media/images/519e96e0ad5585ed9def.png","media/images/f52744e47533fcb438db.png","0","0","0.9999999999984741","0","65536","0","0","ConvNeXt Satellite"
"qc_52_66","media/images/b1cf928e49897b3d919f.png","media/images/2de637523ee5f2508fd5.png","media/images/fb2930b21b4467f6d216.png","0","0","0.9967346191391041","0","65322","214","0","ConvNeXt Satellite"
"qc_93_91","media/images/b1e213ff7a276798cf81.png","media/images/c249897e2fe47555f518.png","media/images/0d79f10423ac288e3c79.png","0","0","0.9999999999984741","0","65536","0","0","ConvNeXt Satellite"
"qc_10_98","media/images/c35ca5a5c096e72961db.png","media/images/e3d2a88ae4c81cd8ff05.png","media/images/28bc11d56f8479dcf534.png","0","0","0.9999999999984741","0","65536","0","0","ConvNeXt Satellite"
"qc_71_103","media/images/3ca2dd92ddd7ed9ea4cf.png","media/images/1d678193a1ab55579d29.png","media/images/28ad17968c038eb524cd.png","0","0","0.9999999999984741","0","65536","0","0","ConvNeXt Satellite"
"qc_80_44","media/images/980c445a98a41f3ddfaf.png","media/images/9ab708a4effdbf875b50.png","media/images/0b8ebda459e297fb5ba8.png","0","0","0.9999999999984741","0","65536","0","0","ConvNeXt Satellite"
"qc_56_65","media/images/955d79fe88d74c03d850.png","media/images/0e9fa5eb2b52ae46909c.png","media/images/ae6589bbf2d56126990a.png","0","0","0.9999999999984741","0","65536","0","0","ConvNeXt Satellite"
"qc_39_94","media/images/d69f33c38a1a85f44c2f.png","media/images/9b8c3841d0ac46135297.png","media/images/4e7746de46d4a0f97031.png","0","0","0.986618041990682","0","64659","0","877","ConvNeXt Satellite"
"qc_80_69","media/images/825af56baa5463a62cc3.png","media/images/bbb6334ae76bede1b5af.png","media/images/8e169ac76c20c8289aec.png","0","0","0.5671386718741346","0","37168","28368","0","ConvNeXt Satellite"
"qc_28_115","media/images/3fd196f9084014b24f80.png","media/images/5f9252f3dfb17da0cf29.png","media/images/9f892e84437c29f0293f.png","0","0","0.9999999999984741","0","65536","0","0","ConvNeXt Satellite"
"qc_61_124","media/images/3717eb6a27f004e56f23.png","media/images/79f46a9fe11e01c122ac.png","media/images/908e1f35164ab01c5346.png","0","0","0.9999999999984741","0","65536","0","0","ConvNeXt Satellite"
"qc_86_75","media/images/bb429e71a8dd13a895e6.png","media/images/9e0de86d8758515bb7a9.png","media/images/f0d6ee72d75df95b8894.png","0","0","0.37294006347599346","0","24441","41095","0","ConvNeXt Satellite"
"qc_23_111","media/images/e48ac37b16569aa79bcb.png","media/images/6812ef8c7d80ce706f07.png","media/images/0a128d23f553c45ad770.png","0","0","0.9999999999984741","0","65536","0","0","ConvNeXt Satellite"
"qc_77_76","media/images/b3d6ee1191654204387a.png","media/images/c67f85a852ee3f475ac5.png","media/images/3ae999312f60d2c1e1e0.png","0","0","0.9999999999984741","0","65536","0","0","ConvNeXt Satellite"
"qc_79_51","media/images/3e9cc15ca8e8ed47989f.png","media/images/9ab708a4effdbf875b50.png","media/images/0b8ebda459e297fb5ba8.png","0","0","0.9999999999984741","0","65536","0","0","ConvNeXt Satellite"
"qc_60_63","media/images/ca24df3a813627a582c2.png","media/images/5078f4cc7888a5850ac8.png","media/images/6a14691939d126aaa7a3.png","0","0","0.9999999999984741","0","65536","0","0","ConvNeXt Satellite"
"qc_10_116","media/images/1ec2678ab99bd05e83cc.png","media/images/5793abb4acfc879c7b0a.png","media/images/254e765cd911075684de.png","0","0","0.9999999999984741","0","65536","0","0","ConvNeXt Satellite"
"qc_42_123","media/images/95f1784852e68000b8ff.png","media/images/6d3e7f7272234a7abbc5.png","media/images/b1b5bc0bea91f19c126e.png","0","0","0.9999999999984741","0","65536","0","0","ConvNeXt Satellite"
"qc_45_133","media/images/fd37ddf5dcfdb29fc305.png","media/images/31e6c16a1314f2b1f1c6.png","media/images/303e766b4d16e187eb21.png","0","0","0.9999999999984741","0","65536","0","0","ConvNeXt Satellite"
"qc_29_81","media/images/27ad848d4b0fa51761b8.png","media/images/1626f32d0984b9133a89.png","media/images/da9e7f0f7c3345e22033.png","0","0","0.9777984619125705","0","64081","0","1455","ConvNeXt Satellite"
"qc_70_38","media/images/62e679fdec85ae453d6c.png","media/images/9ab708a4effdbf875b50.png","media/images/0b8ebda459e297fb5ba8.png","0","0","0.9999999999984741","0","65536","0","0","ConvNeXt Satellite"
"qc_75_51","media/images/e4d876e0ab774f4a182f.png","media/images/9ab708a4effdbf875b50.png","media/images/0b8ebda459e297fb5ba8.png","0","0","0.9999999999984741","0","65536","0","0","ConvNeXt Satellite"
"qc_41_73","media/images/1c78d79809d303835e75.png","media/images/857e774ee87b9a73d053.png","media/images/4dba0499d6bea742f00f.png","0","0","0.9999999999984741","0","65536","0","0","ConvNeXt Satellite"
"qc_85_66","media/images/4aa4379a6be03199ce46.png","media/images/173db1c388de3928fe86.png","media/images/4e189211b9358b396fca.png","0","0","0.26998901367146305","0","17694","47842","0","ConvNeXt Satellite"
"qc_39_49","media/images/49c534afec8a44f4f08c.png","media/images/1ca02cb9f9446586c86a.png","media/images/f72067a49ab0c8a28f78.png","0.35587729067170315","0.5249402142395168","0.9029235839829972","3515","55659","4303","2059","ConvNeXt Satellite"
"qc_93_89","media/images/e062b94b046933b91935.png","media/images/6c59b49a151c32044929.png","media/images/3da049998d411f7149dd.png","0","0","0.9999999999984741","0","65536","0","0","ConvNeXt Satellite"
"qc_34_135","media/images/f0520a0e3f3b14cd4e3b.png","media/images/1c95922bbf2db970fe82.png","media/images/3354e56d16b55f71cc90.png","0","0","0.9999999999984741","0","65536","0","0","ConvNeXt Satellite"
"qc_67_32","media/images/c729dd928561c959b897.png","media/images/0bf00beddb3c4980fc01.png","media/images/9bebedb10f7b984bb707.png","0","0","0.9999999999984741","0","65536","0","0","ConvNeXt Satellite"
"qc_48_125","media/images/e4dc03bbdbf1af1b598f.png","media/images/3425046510644d7d608e.png","media/images/fb81e0d2dc4e7ba64fe8.png","0","0","0.9999999999984741","0","65536","0","0","ConvNeXt Satellite"
"qc_51_140","media/images/45e57d0831f62885b4d3.png","media/images/73ca4141f03da90e08b8.png","media/images/b6c45281966f80409ee9.png","0","0","0.9999999999984741","0","65536","0","0","ConvNeXt Satellite"
"qc_92_74","media/images/962a66e422d7f4f68224.png","media/images/0b5c142143716a3b5eea.png","media/images/8fe125f4fc246fc4282f.png","0","0","0.6215515136709265","0","40734","18663","6139","ConvNeXt Satellite"
"qc_110_9","media/images/266b28dff16a722002c0.png","media/images/9ab708a4effdbf875b50.png","media/images/0b8ebda459e297fb5ba8.png","0","0","0.9999999999984741","0","65536","0","0","ConvNeXt Satellite"
"qc_46_117","media/images/2c8bd304b9bf7dc99bb3.png","media/images/e63296efaf82b0593fbe.png","media/images/005873a4f23e35edfcbb.png","0.8248341824453888","0.9040099587065566","0.8887786865220814","34323","23924","5717","1572","ConvNeXt Satellite"
"qc_73_47","media/images/423b5f83f8f9dd5a18b4.png","media/images/9ab708a4effdbf875b50.png","media/images/0b8ebda459e297fb5ba8.png","0","0","0.9999999999984741","0","65536","0","0","ConvNeXt Satellite"
"qc_47_64","media/images/2c65e94f5224dd7803d7.png","media/images/47d1c517d852096ff2e8.png","media/images/b74b0ecbbb7356ecf365.png","0","0","0.9999999999984741","0","65536","0","0","ConvNeXt Satellite"
"qc_100_76","media/images/3e03adaa06b6dab8e1ff.png","media/images/9149e77f63a5231f38cf.png","media/images/6afc983f59b432d2a95a.png","0","0","0.9999999999984741","0","65536","0","0","ConvNeXt Satellite"
"qc_67_150","media/images/2dbd3129a7a3b23e87cd.png","media/images/89635448b81fb7dcaa88.png","media/images/331448de01d6b6e50529.png","0","0","0.9884185791000543","0","64777","759","0","ConvNeXt Satellite"
"qc_52_74","media/images/7532dc451da0955ab271.png","media/images/36bf2454f5481c4bf773.png","media/images/69570356388b1ec19ca1.png","0.6182240406930924","0.7640771443038639","0.736602783202001","27953","20321","16112","1150","ConvNeXt Satellite"
"qc_65_97","media/images/e0f2e24ddbcf7571fae6.png","media/images/43e134e2095d82201c6b.png","media/images/da61047cd502469e42e4.png","0","0","0.9999999999984741","0","65536","0","0","ConvNeXt Satellite"
"qc_18_99","media/images/ddc520ce4e1eebfcae6e.png","media/images/6727091219777fe55735.png","media/images/625575badcfbb4e4f8b3.png","0.2973329563632331","0.4583756729279309","0.8862304687486477","3155","54925","0","7456","ConvNeXt Satellite"
"qc_69_111","media/images/ad7e0618c3de78f579da.png","media/images/f80381abc0a6aba20a1b.png","media/images/3075f7ecc70940b09e4a.png","0.740254986882388","0.8507430801767828","0.8700561523424224","24270","32750","7442","1074","ConvNeXt Satellite"
"qc_25_119","media/images/d296d50eec41c7e9bc46.png","media/images/7ee5ac6052b9a9b8109d.png","media/images/a2d03653388ea13f364d.png","0","0","0.9999999999984741","0","65536","0","0","ConvNeXt Satellite"
"qc_39_143","media/images/646d5dac2479ad4725b1.png","media/images/91637581f87e42ba1522.png","media/images/1dc58073717b30b09c25.png","0","0","0.9999999999984741","0","65536","0","0","ConvNeXt Satellite"
"qc_41_86","media/images/f52a8f8bfdd89acf3078.png","media/images/b83b2b01d9b00c588d06.png","media/images/b6646d05f9b766373219.png","0","0","0.9999999999984741","0","65536","0","0","ConvNeXt Satellite"
"qc_87_87","media/images/079e476691cf4e7fd28c.png","media/images/d6b08ecbf01335fab30b.png","media/images/265e49adf3f214344082.png","0","0","0.9999999999984741","0","65536","0","0","ConvNeXt Satellite"
"qc_34_105","media/images/0e392ec1ec75002a7ffb.png","media/images/09e98dc00432830c7370.png","media/images/76c1e6e213674a11e7ca.png","0","0","0.9999999999984741","0","65536","0","0","ConvNeXt Satellite"
"qc_37_37","media/images/7e492ed965d2780fe5bb.png","media/images/448e1185e730d1be52c0.png","media/images/85ed010c4a84628e3f9c.png","0","0","0.9999999999984741","0","65536","0","0","ConvNeXt Satellite"
"qc_71_128","media/images/2c046000633c7a5a5680.png","media/images/c8fa135a3b07c8e63e31.png","media/images/330cc9c7f95de90ee796.png","0","0","0.87490844726429","0","57338","8198","0","ConvNeXt Satellite"
"qc_70_33","media/images/3754bde4bdc82eb7edae.png","media/images/41118f73bff744e47476.png","media/images/b259648ede93fc036c28.png","0","0","0.9999999999984741","0","65536","0","0","ConvNeXt Satellite"
"qc_46_101","media/images/31a275cbb6f885b0fe1f.png","media/images/df94398cec507a3cd72b.png","media/images/a984f5b2ea4e9c54f34d.png","0","0","0.9999999999984741","0","65536","0","0","ConvNeXt Satellite"
"qc_66_61","media/images/1dd5be1a1203839a153f.png","media/images/1a78610c1df87e217463.png","media/images/1429b07a05e6f35a0b77.png","0","0","0.9999999999984741","0","65536","0","0","ConvNeXt Satellite"
"qc_80_55","media/images/948b9a63525e905574cb.png","media/images/654c4290731a2366e216.png","media/images/2fa961bc1f3af4f29ed7.png","0","0","0.9999999999984741","0","65536","0","0","ConvNeXt Satellite"
"qc_93_44","media/images/a52bc069949bb4466250.png","media/images/9ab708a4effdbf875b50.png","media/images/0b8ebda459e297fb5ba8.png","0","0","0.9999999999984741","0","65536","0","0","ConvNeXt Satellite"
"qc_94_25","media/images/51d6d3514ee65e61dbda.png","media/images/9ab708a4effdbf875b50.png","media/images/0b8ebda459e297fb5ba8.png","0","0","0.9999999999984741","0","65536","0","0","ConvNeXt Satellite"
"qc_84_24","media/images/7b807f7b41421479fbb7.png","media/images/9ab708a4effdbf875b50.png","media/images/0b8ebda459e297fb5ba8.png","0","0","0.9999999999984741","0","65536","0","0","ConvNeXt Satellite"
"qc_53_121","media/images/dc2fce2695d3405f2f1e.png","media/images/ef5d6567937623438a20.png","media/images/e8c62dec7dd6e87a93a6.png","0","0","0.9999999999984741","0","65536","0","0","ConvNeXt Satellite"
"qc_32_60","media/images/d7dbd70f820c09f05f87.png","media/images/46b459a75b06689cf9d2.png","media/images/a36373022ef415a6be24.png","0","0","0.9999999999984741","0","65536","0","0","ConvNeXt Satellite"
"qc_49_46","media/images/7ee7a0e81a5c994cb1ff.png","media/images/46ae9349103b3758b668.png","media/images/a0851744e37147930d73.png","0","0","0.9999999999984741","0","65536","0","0","ConvNeXt Satellite"
"qc_113_5","media/images/ec4d6145e9bd1546a2ff.png","media/images/9ab708a4effdbf875b50.png","media/images/0b8ebda459e297fb5ba8.png","0","0","0.9999999999984741","0","65536","0","0","ConvNeXt Satellite"
"qc_46_32","media/images/dceea633395a0c98eae0.png","media/images/11d6794efbffcd77d653.png","media/images/f0f8cb9a72dd48068d3d.png","0","0","0.9999999999984741","0","65536","0","0","ConvNeXt Satellite"
"qc_56_85","media/images/7321f6d604cc451f8b63.png","media/images/3fce85c3a8dc1ce638e4.png","media/images/2d5752623d34bf81cd82.png","0","0","0.9999999999984741","0","65536","0","0","ConvNeXt Satellite"
"qc_20_95","media/images/8b756a8be16c8cef6af5.png","media/images/b65061f01a8c53401b02.png","media/images/f580a0787b0fa962b31c.png","0.8319952011774087","0.908294033683478","0.9444427490219964","18031","43864","2783","858","ConvNeXt Satellite"
"qc_30_48","media/images/0290bc802bc8d50b0db8.png","media/images/f2ff3e511174b96793d8.png","media/images/45dd48cf351cc9997c67.png","0","0","0.9999999999984741","0","65536","0","0","ConvNeXt Satellite"
"qc_29_118","media/images/d1743148e4d336d491b6.png","media/images/b958cccfc03e0f2fc35b.png","media/images/b57338dc4a7453be8832.png","0","0","0.9999999999984741","0","65536","0","0","ConvNeXt Satellite"
"qc_57_96","media/images/8b91a1fc2c8a1dd380aa.png","media/images/061264fe41004d169fe7.png","media/images/7ccbcc9dc010a6bdf05d.png","0","0","0.9999999999984741","0","65536","0","0","ConvNeXt Satellite"
"qc_55_57","media/images/190f76c4cac9b3d6536b.png","media/images/67495133efc02936d5a9.png","media/images/99f8d1927765f7d03d31.png","0.7669495391901324","0.868105713643219","0.8051452636706464","42025","10741","10566","2204","ConvNeXt Satellite"
"qc_37_140","media/images/d5178c59560caf311344.png","media/images/a4a0647d99792fed2525.png","media/images/0c11a2ceaeb5e47c560f.png","0","0","0.9999999999984741","0","65536","0","0","ConvNeXt Satellite"
"qc_91_74","media/images/57ad11d1d0125b0f5844.png","media/images/43e9cfcca3309a486b9b.png","media/images/92e72861096138b66674.png","0","0","0.16093444824194192","0","10547","54989","0","ConvNeXt Satellite"
"qc_90_47","media/images/62bf966acd67ad21497f.png","media/images/9ab708a4effdbf875b50.png","media/images/0b8ebda459e297fb5ba8.png","0","0","0.9999999999984741","0","65536","0","0","ConvNeXt Satellite"
"qc_39_99","media/images/60558e0947b78364a5dd.png","media/images/f6f78eb83dc0d294d544.png","media/images/858f8e43eeca2a3909b5.png","0","0","0.9999999999984741","0","65536","0","0","ConvNeXt Satellite"
"qc_75_118","media/images/3955fe9e4e258da4ee00.png","media/images/883e961ece4cec53a454.png","media/images/c9bb8b9c3ea33e80eda0.png","0","0","0.9999999999984741","0","65536","0","0","ConvNeXt Satellite"
"qc_75_151","media/images/43831ef65411640ba906.png","media/images/37d606465f53e1c09d7d.png","media/images/b9c65b12f660a64bfb4a.png","0","0","0.9999999999984741","0","65536","0","0","ConvNeXt Satellite"
"qc_70_99","media/images/d66908cf1ba7413b7b7f.png","media/images/64e1d203d86bfde4076e.png","media/images/f2165c9f94c134c2f441.png","0","0","0.9999999999984741","0","65536","0","0","ConvNeXt Satellite"
"qc_61_53","media/images/95bc6251fa1e744fb91d.png","media/images/e2d652b8d0d03e6b738e.png","media/images/0b556852b0110fba7b80.png","0.40015524936153396","0.5715869301753356","0.9528350830063586","2062","60383","49","3042","ConvNeXt Satellite"
"qc_75_81","media/images/728f191796aa83781ee6.png","media/images/7c438c475ab28ea4e2d9.png","media/images/d7bcea3da1a77224913f.png","0.3340577085556675","0.5008144376289481","0.9158325195298526","2767","57253","548","4968","ConvNeXt Satellite"
"qc_79_48","media/images/0884d6c007fb8b27748a.png","media/images/9ab708a4effdbf875b50.png","media/images/0b8ebda459e297fb5ba8.png","0","0","0.9999999999984741","0","65536","0","0","ConvNeXt Satellite"
"qc_36_81","media/images/58c5658741af2a6eb53c.png","media/images/32a98092264e4a0c6d73.png","media/images/8d6fcb2d28b37d6c44de.png","0","0","0.9999999999984741","0","65536","0","0","ConvNeXt Satellite"
"qc_61_105","media/images/9ab326226fe13c6bac39.png","media/images/77c00d7b51d8fe952c6c.png","media/images/935259a02d9a1be95992.png","0","0","0.9999999999984741","0","65536","0","0","ConvNeXt Satellite"
"qc_95_61","media/images/2af65a53ea2a1c8fe3ee.png","media/images/7065c3bf6db7261ce9cd.png","media/images/6bbc72e48051616aa1b0.png","0","0","0.9999999999984741","0","65536","0","0","ConvNeXt Satellite"
"qc_71_109","media/images/5632ab7322d8da6a96de.png","media/images/6fd60b93157d3c319df1.png","media/images/82ed9503b9b7746f76cb.png","0","0","0.9915618896469245","0","64983","553","0","ConvNeXt Satellite"
"qc_73_77","media/images/fb3e50b9e924198cd68a.png","media/images/2b94e7f6d6fe91151001.png","media/images/6085c0ebd1f749b1035f.png","0","0","0.9999999999984741","0","65536","0","0","ConvNeXt Satellite"
"qc_42_39","media/images/d56d1ea790a3212a19b6.png","media/images/e7c73fa31f4c6b1bc40b.png","media/images/7488417ddbb4117fe920.png","0","0","0.9999999999984741","0","65536","0","0","ConvNeXt Satellite"
"qc_40_54","media/images/f9a0b9a267531f76af2d.png","media/images/1e6cb90d57b05ec721a1.png","media/images/23b958195f7857131d36.png","0.3210637177444915","0.486068442468045","0.8032684326159618","6097","46546","12273","620","ConvNeXt Satellite"
"qc_80_36","media/images/bf6c23572bf012d7ab56.png","media/images/9ab708a4effdbf875b50.png","media/images/0b8ebda459e297fb5ba8.png","0","0","0.9999999999984741","0","65536","0","0","ConvNeXt Satellite"
"qc_103_16","media/images/0af099bb0516d2f0e990.png","media/images/9ab708a4effdbf875b50.png","media/images/0b8ebda459e297fb5ba8.png","0","0","0.9999999999984741","0","65536","0","0","ConvNeXt Satellite"
"qc_104_56","media/images/502c86fe94918c6e700d.png","media/images/d24fb0465599f5bd0c45.png","media/images/36d37b6b919e5791e5fa.png","0","0","0.9058837890611178","0","59368","0","6168","ConvNeXt Satellite"
"qc_24_116","media/images/5f55d8f126010d9c4867.png","media/images/da38ad3bbdb435a04253.png","media/images/007d848572f9ea90b253.png","0","0","0.9999999999984741","0","65536","0","0","ConvNeXt Satellite"
"qc_102_15","media/images/1f7778dfb732c4bbeff8.png","media/images/9ab708a4effdbf875b50.png","media/images/0b8ebda459e297fb5ba8.png","0","0","0.9999999999984741","0","65536","0","0","ConvNeXt Satellite"
"qc_58_126","media/images/2ecbcd450ba47c83ff7e.png","media/images/e7093a2609a351597445.png","media/images/0b6a19099df7b5f2f2aa.png","0","0","0.9837646484359989","0","64472","1064","0","ConvNeXt Satellite"
"qc_65_49","media/images/77f72f84594b9219aaca.png","media/images/001e1b72d4827e5e9720.png","media/images/7a795f2b45bcb0ef4dfd.png","0","0","0.9999999999984741","0","65536","0","0","ConvNeXt Satellite"
"qc_44_87","media/images/a122d915fc0e64c1a576.png","media/images/ead5f741db7e29653032.png","media/images/177eae5357351929983b.png","0","0","0.9999999999984741","0","65536","0","0","ConvNeXt Satellite"
"qc_34_74","media/images/6bb44b20cb983f49e0b3.png","media/images/ff082af42b18773e963e.png","media/images/4704a9db6391d2afc276.png","0","0","0.9039916992173707","0","59244","6292","0","ConvNeXt Satellite"
"qc_83_17","media/images/44494e0d4f101b1985f3.png","media/images/63cf1a40828bbb98581d.png","media/images/09bf3df12cd5b73da0c7.png","0","0","0.9999999999984741","0","65536","0","0","ConvNeXt Satellite"
"qc_54_45","media/images/e6539a6a863d83e2aab6.png","media/images/b3ee6937ea20bfeb630f.png","media/images/d2af8155ebf0c04e4674.png","0","0","0.9553527832016673","0","62610","2926","0","ConvNeXt Satellite"
"qc_40_100","media/images/157e79da0af907a8fdf1.png","media/images/fe0c50edd1261e1a956a.png","media/images/06356b1040b51e081125.png","0","0","0.9999999999984741","0","65536","0","0","ConvNeXt Satellite"
"qc_36_113","media/images/d9cbf556244b04a23072.png","media/images/2a457908c73e27a5a5f3.png","media/images/797bc398f5e8ddf190fc.png","0","0","0.9999999999984741","0","65536","0","0","ConvNeXt Satellite"
"qc_55_86","media/images/45b36dbf1367afc95d34.png","media/images/e141f510ac88629cad9d.png","media/images/22e712cecf08dbddf3a4.png","0","0","0.9999999999984741","0","65536","0","0","ConvNeXt Satellite"
"qc_63_148","media/images/ecbcd5acd96843bdb4d5.png","media/images/b0f7bf1ac56057839d46.png","media/images/bc10069092af995998da.png","0","0","0.9999999999984741","0","65536","0","0","ConvNeXt Satellite"
"qc_55_129","media/images/4d4e947b8b0588a1edcd.png","media/images/6841ba6e19e8b6c0434f.png","media/images/1927043e4dc877fd98d9.png","0","0","0.9999999999984741","0","65536","0","0","ConvNeXt Satellite"
"qc_33_113","media/images/3890f9389b3e776e9525.png","media/images/10c7f939404abcb84793.png","media/images/4dfa7fc623016e182807.png","0","0","0.9999999999984741","0","65536","0","0","ConvNeXt Satellite"
"qc_110_7","media/images/e28e5fe79717fe142ac9.png","media/images/9ab708a4effdbf875b50.png","media/images/0b8ebda459e297fb5ba8.png","0","0","0.9999999999984741","0","65536","0","0","ConvNeXt Satellite"
"qc_118_42","media/images/952b90ff5b421d3c77c5.png","media/images/9ab708a4effdbf875b50.png","media/images/0b8ebda459e297fb5ba8.png","0","0","0.9999999999984741","0","65536","0","0","ConvNeXt Satellite"
"qc_51_38","media/images/ef7c942ab0910126076d.png","media/images/dac65d14e11ada229ac8.png","media/images/3524e416e931853ff44a.png","0.46099436761950374","0.6310692855849189","0.5604705810538323","24636","12095","28576","229","ConvNeXt Satellite"
"qc_105_47","media/images/ebc93473812899e33749.png","media/images/aae9e56e42b6715ed121.png","media/images/a943f59d87b0edce01ac.png","0","0","0.9999999999984741","0","65536","0","0","ConvNeXt Satellite"
"qc_67_128","media/images/3f3c5fd5982a6398c3ce.png","media/images/30334cd6330f4abd9a09.png","media/images/87ecd972264dbcfb168f.png","0","0","0.9999999999984741","0","65536","0","0","ConvNeXt Satellite"
"qc_45_131","media/images/66f0ef4d7c070f36aaa0.png","media/images/a2f4e83d2f60a711add9.png","media/images/4477954c5c0ef2019166.png","0","0","0.9995574951156623","0","65507","29","0","ConvNeXt Satellite"
"qc_89_29","media/images/21b09c408afff8af6baf.png","media/images/9ab708a4effdbf875b50.png","media/images/0b8ebda459e297fb5ba8.png","0","0","0.9999999999984741","0","65536","0","0","ConvNeXt Satellite"
"qc_40_144","media/images/e88da3ea2059ca2147ca.png","media/images/7b0924a4b25bc37c63b5.png","media/images/c3af9daaaa6a7456dd7e.png","0","0","0.9999999999984741","0","65536","0","0","ConvNeXt Satellite"
"qc_66_70","media/images/888870884efebb493591.png","media/images/58458b340f8deff85774.png","media/images/0d49f414ccbb72e4004e.png","0.2909687445986709","0.45077578089734394","0.9373474121079447","1685","59745","8","4098","ConvNeXt Satellite"
"qc_52_33","media/images/fa931da3c50a0aa5fdbb.png","media/images/a472ab5261dbe0b348a6.png","media/images/d370aacc4541ca1aef6c.png","0","0","0.9999999999984741","0","65536","0","0","ConvNeXt Satellite"
"qc_81_109","media/images/650ab054da66961e52dd.png","media/images/00e5bf12d4ea84e238d4.png","media/images/c6b666d20829dbd732ed.png","0","0","0.9999999999984741","0","65536","0","0","ConvNeXt Satellite"
"qc_39_64","media/images/9645415bdfca45828f2b.png","media/images/5b5c50792a8ceee8f1bb.png","media/images/f08ca63de1b0dbd4f08f.png","0","0","0.9933319091781718","0","65099","437","0","ConvNeXt Satellite"
"qc_35_44","media/images/e32f6cab25bf5d43d13c.png","media/images/3c7d0ad165d57900ce23.png","media/images/001d4a4db1e5b8293f4b.png","0","0","0.9999999999984741","0","65536","0","0","ConvNeXt Satellite"
"qc_8_130","media/images/7470d2c0adc964b4e8a5.png","media/images/b204f5381b93b8b8fb36.png","media/images/0fe10c5b3ca35bddef69.png","0","0","0.9999999999984741","0","65536","0","0","ConvNeXt Satellite"
"qc_55_142","media/images/d5260388951253885186.png","media/images/c7834d10347fec23f930.png","media/images/8fd3513cac3ea5b73327.png","0","0","0.9417266845688755","0","61717","3819","0","ConvNeXt Satellite"
"qc_93_68","media/images/f49d983d8866ef20356a.png","media/images/482d56e0d0d1be535348.png","media/images/59f7429bbb6efae0291d.png","0.2685678470656758","0.42341893804475045","0.9287719726548328","1714","59154","64","4604","ConvNeXt Satellite"
"qc_51_141","media/images/a74d4a3e288c7e510d17.png","media/images/3b0bd7bec9bb79800375.png","media/images/d3a66d358828b7498ccb.png","0","0","0.9998321533187868","0","65525","0","11","ConvNeXt Satellite"
"qc_74_65","media/images/e87126661747fe05bce4.png","media/images/df3c45bd4ce737bd62d4.png","media/images/914f84c5632afd266672.png","0","0","0.9999999999984741","0","65536","0","0","ConvNeXt Satellite"
"qc_89_49","media/images/695621ffdb83bfb3ad83.png","media/images/9ab708a4effdbf875b50.png","media/images/0b8ebda459e297fb5ba8.png","0","0","0.9999999999984741","0","65536","0","0","ConvNeXt Satellite"
"qc_67_59","media/images/45f1109d1ad9fb594890.png","media/images/f742024bee6e8a4f595c.png","media/images/4e2bc4e3dff97061c877.png","0.7683909074568785","0.8690282905113945","0.9605102539047844","8586","54362","2220","368","ConvNeXt Satellite"
"qc_47_142","media/images/4c2ba6940ba95d57b25b.png","media/images/5e197f6d852d6aa7809b.png","media/images/b2cf842159b293bc62b0.png","0","0","0.9999999999984741","0","65536","0","0","ConvNeXt Satellite"
"qc_61_111","media/images/f885706f1144b91b023b.png","media/images/bbddfc9811487dbb67d0.png","media/images/ce114b121ce9c74aef73.png","0.8487344663009738","0.9181788251899472","0.8534545898424477","53887","2045","2123","7481","ConvNeXt Satellite"
"qc_53_120","media/images/daa80fe3a8676029ba76.png","media/images/9339c2995b79354ec6ec.png","media/images/7e1e88edcb0b35eb1a4b.png","0","0","0.9999999999984741","0","65536","0","0","ConvNeXt Satellite"
"qc_59_47","media/images/843d72b286e77849bdfd.png","media/images/47bd1f3dcd3b39ec2822.png","media/images/d043f8ef139a33cfb5c5.png","0","0","0.9999999999984741","0","65536","0","0","ConvNeXt Satellite"
"qc_95_77","media/images/a027624f4e201716a4b2.png","media/images/201df66cd0c96ae5c3ab.png","media/images/ef3fff65618965d62e01.png","0","0","0.5734863281241249","0","37584","0","27952","ConvNeXt Satellite"
"qc_71_122","media/images/3b423b252f818d685978.png","media/images/78259b1e482386669016.png","media/images/6d52ecccb2d715a8028d.png","0","0","0.9744873046860131","0","63864","1672","0","ConvNeXt Satellite"
"qc_93_63","media/images/70e23f99e08981382569.png","media/images/77089785cf28cb0a37be.png","media/images/f6d86fde816ad0c2a37e.png","0.4043789219839301","0.575882885230024","0.6683349609364801","14757","29043","21373","363","ConvNeXt Satellite"
"qc_8_133","media/images/76cf4b3eea8d4b338042.png","media/images/0e82824c72fb2f40ec6c.png","media/images/684f86da25eae879dffd.png","0","0","0.9999999999984741","0","65536","0","0","ConvNeXt Satellite"
"qc_82_52","media/images/1c7ac3823391cafb8cec.png","media/images/9ab708a4effdbf875b50.png","media/images/0b8ebda459e297fb5ba8.png","0","0","0.9999999999984741","0","65536","0","0","ConvNeXt Satellite"
"qc_112_35","media/images/71c0b1760d708a91b0b4.png","media/images/9ab708a4effdbf875b50.png","media/images/0b8ebda459e297fb5ba8.png","0","0","0.9999999999984741","0","65536","0","0","ConvNeXt Satellite"
"qc_81_66","media/images/e25d5fecab7a248a4587.png","media/images/342801b5176ef294d769.png","media/images/f5f40accf7ccb657da62.png","0","0","0.9999999999984741","0","65536","0","0","ConvNeXt Satellite"
"qc_88_46","media/images/20a284b7e2666ba0a545.png","media/images/9ab708a4effdbf875b50.png","media/images/0b8ebda459e297fb5ba8.png","0","0","0.9999999999984741","0","65536","0","0","ConvNeXt Satellite"
"qc_90_92","media/images/371610a3d38cb8603955.png","media/images/7b055549cd99c0674af6.png","media/images/636125ca6b9e6094dcf7.png","0","0","0.9999999999984741","0","65536","0","0","ConvNeXt Satellite"
"qc_85_69","media/images/8d73a2775f72866e5b64.png","media/images/5e8970d988878ecd75f0.png","media/images/2ffbd3527262d160b952.png","0","0","0.589752197264725","0","38650","26886","0","ConvNeXt Satellite"
"qc_97_36","media/images/335c5a51abdc4cd57951.png","media/images/9ab708a4effdbf875b50.png","media/images/0b8ebda459e297fb5ba8.png","0","0","0.9999999999984741","0","65536","0","0","ConvNeXt Satellite"
"qc_49_79","media/images/ba35a87bdc93b5e45d07.png","media/images/eaebf25c942f2db8d290.png","media/images/f744dda4dd521a6f7e56.png","0","0","0.9493560791001139","0","62217","3319","0","ConvNeXt Satellite"
"qc_88_62","media/images/74bfa14dc00d6cc3a978.png","media/images/948bc3b0f78ecc81bafe.png","media/images/0fa866f143171fba0ba9.png","0.3324157706083658","0.49896698353343455","0.6447448730458912","11593","30661","16795","6487","ConvNeXt Satellite"
"qc_31_74","media/images/56a4a916890b4a1be378.png","media/images/8c9c2512db0ee7525bde.png","media/images/6f4dc1e52e094a40f384.png","0","0","0.9999999999984741","0","65536","0","0","ConvNeXt Satellite"
"qc_52_143","media/images/feda3e2f61875c9b93cc.png","media/images/672e8e83bcb0dbce3a76.png","media/images/c14162e3131e7a6a8a59.png","0","0","0.9999999999984741","0","65536","0","0","ConvNeXt Satellite"
"qc_54_43","media/images/0a0ea7964d284f515e8e.png","media/images/53d16295fd507f6c45f3.png","media/images/ff64825b330e8dfa8bca.png","0","0","0.9757537841781986","0","63947","1589","0","ConvNeXt Satellite"
"qc_33_58","media/images/baa66be6009c77d78a09.png","media/images/cfff643d20e1870a13a4.png","media/images/f6274561f28e18d62047.png","0","0","0.9999999999984741","0","65536","0","0","ConvNeXt Satellite"
"qc_13_100","media/images/51d519b85f0e0841070b.png","media/images/65c2873fb3393c738337.png","media/images/8e6f01b2feedba4be70a.png","0.1374899495640853","0.24174268533758408","0.8199462890612489","1881","51855","0","11800","ConvNeXt Satellite"
"qc_16_121","media/images/fa7fbc3d7fab32edc5d9.png","media/images/5826281f0a88650b93f7.png","media/images/35654cce9000d57e3d09.png","0","0","0.9999999999984741","0","65536","0","0","ConvNeXt Satellite"
"qc_36_102","media/images/12992d63e3f9db3a1dd5.png","media/images/4bae352a4c2e9e07bdee.png","media/images/08020e63b11745d34578.png","0","0","0.9999999999984741","0","65536","0","0","ConvNeXt Satellite"
"qc_103_23","media/images/b7bd82f094c03280505b.png","media/images/9ab708a4effdbf875b50.png","media/images/0b8ebda459e297fb5ba8.png","0","0","0.9999999999984741","0","65536","0","0","ConvNeXt Satellite"
"qc_48_120","media/images/2da44096fb7a5e4d0778.png","media/images/e185ac568bf4b469a2ad.png","media/images/523fa89e972c0903172b.png","0","0","0.9999999999984741","0","65536","0","0","ConvNeXt Satellite"
"qc_49_47","media/images/4513d167dc3d65a939f4.png","media/images/8b09eaece3e67827798e.png","media/images/e402d11121aee9e9ba90.png","0","0","0.9999999999984741","0","65536","0","0","ConvNeXt Satellite"
"qc_90_24","media/images/20f49266f2a68a6efc70.png","media/images/9ab708a4effdbf875b50.png","media/images/0b8ebda459e297fb5ba8.png","0","0","0.9999999999984741","0","65536","0","0","ConvNeXt Satellite"
"qc_39_35","media/images/84d3e4979626a26e8e83.png","media/images/df88a28a509c124a1a74.png","media/images/1b30b11894a5f11f3bca.png","0","0","0.9999999999984741","0","65536","0","0","ConvNeXt Satellite"
"qc_53_113","media/images/2a77b7be2fcdfffe4abd.png","media/images/2e1647dddf854dc3646d.png","media/images/a5d311da44661dd8c4de.png","0","0","0.9999999999984741","0","65536","0","0","ConvNeXt Satellite"
"qc_10_100","media/images/7a6e85e08a246a4d1289.png","media/images/e16619df2b154e8dab19.png","media/images/4c50fc87ca4b3eebd789.png","0.738027981047759","0.8492704907944277","0.8202819824206233","33181","20577","10643","1135","ConvNeXt Satellite"
"qc_92_57","media/images/068bb8399981d482c557.png","media/images/055c69376577e8ea0a00.png","media/images/37ae6009b2c5b43f79b7.png","0.5906785338291043","0.7426748800270442","0.8042144775378354","18516","34189","3416","9415","ConvNeXt Satellite"
"qc_79_31","media/images/e9c8edad09fb46125764.png","media/images/9ab708a4effdbf875b50.png","media/images/0b8ebda459e297fb5ba8.png","0","0","0.9999999999984741","0","65536","0","0","ConvNeXt Satellite"
"qc_62_36","media/images/4561e8244b0491e308f6.png","media/images/f3537abf118320a1b198.png","media/images/dc43765be7c6b840d1a2.png","0","0","0.9999999999984741","0","65536","0","0","ConvNeXt Satellite"
"qc_99_26","media/images/8a3d2cc3fe21d434a702.png","media/images/9ab708a4effdbf875b50.png","media/images/0b8ebda459e297fb5ba8.png","0","0","0.9999999999984741","0","65536","0","0","ConvNeXt Satellite"
"qc_14_90","media/images/707c591b257eb2b3690b.png","media/images/5503ce88548aeeaf8d8e.png","media/images/7d18b50eca4ec1c7cd2b.png","0","0","0.9999999999984741","0","65536","0","0","ConvNeXt Satellite"
"qc_9_117","media/images/9008f5166fabb81241a4.png","media/images/923a67981bfab8b1641a.png","media/images/e1be939ac1ba9a1e18ca.png","0","0","0.9999999999984741","0","65536","0","0","ConvNeXt Satellite"
"qc_20_93","media/images/8d74cfe5037a06d92b4b.png","media/images/18c2d6f4a483b9414de4.png","media/images/371e47dbe981f14d291d.png","0","0","0.9999999999984741","0","65536","0","0","ConvNeXt Satellite"
"qc_43_78","media/images/8600e6982ef3c59cf142.png","media/images/57fdeb5ecdbee4959b0b.png","media/images/07db26b2635941698ff7.png","0","0","0.9746551513657002","0","63875","0","1661","ConvNeXt Satellite"
"qc_72_90","media/images/6990e175d7d870b65c0a.png","media/images/0d7d5133541ea0d7039a.png","media/images/9c309b3dd45af6490357.png","0","0","0.9538116455063571","0","62509","3027","0","ConvNeXt Satellite"
"qc_47_47","media/images/0836bee33064b21dd665.png","media/images/1b2ba7b1b69c01261114.png","media/images/026f2636f1f11c3ae076.png","0","0","0.9998321533187868","0","65525","11","0","ConvNeXt Satellite"
"qc_80_83","media/images/52311c5588dc770b533b.png","media/images/2cc13fca4a7b6cb8c734.png","media/images/1948a0ce9591521c76de.png","0","0","0.9999999999984741","0","65536","0","0","ConvNeXt Satellite"
"qc_48_114","media/images/d02abc8163625cb259a7.png","media/images/b6e92b9deff818839406.png","media/images/658a707afcfa125cfd2b.png","0","0","0.9999999999984741","0","65536","0","0","ConvNeXt Satellite"
"qc_50_94","media/images/4c97a2c848c9757798ac.png","media/images/374990adc95686c88b74.png","media/images/c96f1cc90b7a64589a97.png","0","0","0.9832458496078746","0","64438","0","1098","ConvNeXt Satellite"
"qc_101_45","media/images/99336f5319c93ca113cc.png","media/images/9ab708a4effdbf875b50.png","media/images/0b8ebda459e297fb5ba8.png","0","0","0.9999999999984741","0","65536","0","0","ConvNeXt Satellite"
"qc_40_143","media/images/48962064df1b120b9bff.png","media/images/cf598fa0cf063e4670ae.png","media/images/26175a77fe550c7c2abf.png","0","0","0.9999999999984741","0","65536","0","0","ConvNeXt Satellite"
"qc_73_155","media/images/f9a5255817e08f9269de.png","media/images/a66601657b7edbac3c0b.png","media/images/d83342fa7b290f7fe22d.png","0","0","0.9999999999984741","0","65536","0","0","ConvNeXt Satellite"
"qc_21_96","media/images/eecdc5905f64cf4a40c3.png","media/images/db9ef7edb7a8db789b18.png","media/images/a58fa660cf13ebadc05e.png","0.42684229262966056","0.5983033478720643","0.6806335449208364","15587","29019","18419","2511","ConvNeXt Satellite"
"qc_96_39","media/images/7222c88fb96f8c2bdd76.png","media/images/9ab708a4effdbf875b50.png","media/images/0b8ebda459e297fb5ba8.png","0","0","0.9999999999984741","0","65536","0","0","ConvNeXt Satellite"
"qc_4_109","media/images/d7a1c1d1dee479309614.png","media/images/6bedfddb9f4d04ef91b7.png","media/images/994a3f3de8b896205866.png","0","0","0.9999999999984741","0","65536","0","0","ConvNeXt Satellite"
"qc_64_102","media/images/79ab92602b9b696149f2.png","media/images/6283dce1bb8fb45b7978.png","media/images/150eaf80378555943575.png","0","0","0.9999999999984741","0","65536","0","0","ConvNeXt Satellite"
"qc_31_55","media/images/295209195699272f50ff.png","media/images/edebba54f8cfc38c4ce9.png","media/images/cc3084b014ae66ef00c1.png","0","0","0.9005279541001884","0","59017","0","6519","ConvNeXt Satellite"
"qc_33_50","media/images/6d5bcf7f781b3688fc36.png","media/images/6b021e8938099e94ca29.png","media/images/f7b4f85d26f0ce6290ed.png","0","0","0.3366394042963613","0","22062","43474","0","ConvNeXt Satellite"
"qc_71_100","media/images/25c167956e4250c46f5a.png","media/images/8f03d5684933dc213f20.png","media/images/0920f81bd3ce5082f8ad.png","0.6775696901641705","0.8077991077158722","0.9429931640610612","7851","53949","3513","223","ConvNeXt Satellite"
"qc_32_55","media/images/dd4e20b473486d4f6f44.png","media/images/1f33f9475fec8b40acaf.png","media/images/72097ff5cf3756f420e1.png","0.3578044596897178","0.5270338158346298","0.7714843749988228","8344","42216","14693","283","ConvNeXt Satellite"
"qc_12_135","media/images/483b93bc3cbd2551a6fb.png","media/images/9df8ae6201f1e4daa087.png","media/images/49bff5920d6abb09b9a4.png","0","0","0.9999999999984741","0","65536","0","0","ConvNeXt Satellite"
"qc_76_41","media/images/15445a1e522d5aa8753f.png","media/images/9ab708a4effdbf875b50.png","media/images/0b8ebda459e297fb5ba8.png","0","0","0.9999999999984741","0","65536","0","0","ConvNeXt Satellite"
"qc_107_62","media/images/3c4599e9cfbfe302330e.png","media/images/9ab708a4effdbf875b50.png","media/images/0b8ebda459e297fb5ba8.png","0","0","0.9999999999984741","0","65536","0","0","ConvNeXt Satellite"
"qc_78_78","media/images/c40805f5f4c9ce6764ea.png","media/images/62f73714f848538727ce.png","media/images/c5444d4d656be3eb39aa.png","0","0","0.9999999999984741","0","65536","0","0","ConvNeXt Satellite"
"qc_29_116","media/images/92b5847ea2a738089c05.png","media/images/8860886b5ee881af6428.png","media/images/794b108dd17c4e44f631.png","0","0","0.9999999999984741","0","65536","0","0","ConvNeXt Satellite"
"qc_71_125","media/images/8162e57d51ff793ff15b.png","media/images/ff28b5f5a26cf212fc0a.png","media/images/ad197e0a4377467151e4.png","0","0","0.9999999999984741","0","65536","0","0","ConvNeXt Satellite"
"qc_78_94","media/images/66523da2728dd3837d90.png","media/images/a61af7b1f786fe8eb010.png","media/images/a21cf9fe548e1bf98d04.png","0","0","0.9999999999984741","0","65536","0","0","ConvNeXt Satellite"
"qc_70_40","media/images/646e396d5efb3ba1310b.png","media/images/9ab708a4effdbf875b50.png","media/images/0b8ebda459e297fb5ba8.png","0","0","0.9999999999984741","0","65536","0","0","ConvNeXt Satellite"
"qc_34_69","media/images/7aa0a106b0a35dcf4ed6.png","media/images/eb8f99f5aa753b8b9b7f.png","media/images/aef3b3d00e2c8444a167.png","0.7045507275174686","0.8266702469497861","0.8639831542955566","21257","35365","7312","1602","ConvNeXt Satellite"
"qc_39_40","media/images/ffea8308a28906fe1d87.png","media/images/649732f9d43e11e57b1e.png","media/images/b964afcaf153eb100a20.png","0","0","0.9999999999984741","0","65536","0","0","ConvNeXt Satellite"
"qc_81_92","media/images/3c4f83d16811f28df833.png","media/images/f2b02d786e9129d54b11.png","media/images/98fc3cdcad8f4086ef10.png","0","0","0.9999999999984741","0","65536","0","0","ConvNeXt Satellite"
"qc_88_44","media/images/16da14edd941876014ae.png","media/images/9ab708a4effdbf875b50.png","media/images/0b8ebda459e297fb5ba8.png","0","0","0.9999999999984741","0","65536","0","0","ConvNeXt Satellite"
"qc_39_97","media/images/1a49b6aef97d85d350a6.png","media/images/aa4ddf948f985ea753a6.png","media/images/1c9464b578324c0e6724.png","0","0","0.9999999999984741","0","65536","0","0","ConvNeXt Satellite"
"qc_50_71","media/images/387e0a24d9dd7d6c590e.png","media/images/0ef9c32c70feaf60aec4.png","media/images/a15009e253a2698fd113.png","0.879238502003023","0.9357390817729455","0.9292449951157695","33761","27138","4198","439","ConvNeXt Satellite"
"qc_25_145","media/images/60a66af60f3da59c4e86.png","media/images/24d49bb0a68fdb7ef037.png","media/images/18c54fcf3f70082d9927.png","0","0","0.9999999999984741","0","65536","0","0","ConvNeXt Satellite"
"qc_84_92","media/images/d001040cefcea0bf0249.png","media/images/4decabc35da39f662511.png","media/images/6e349190ec7a45730405.png","0","0","0.9999999999984741","0","65536","0","0","ConvNeXt Satellite"
"qc_1_130","media/images/67812d4e79228768820e.png","media/images/fd16c34da738272c1a54.png","media/images/3fb3a513ac6e912444f1.png","0","0","0.9999999999984741","0","65536","0","0","ConvNeXt Satellite"
"qc_29_94","media/images/91c4cfa3b26d1a16182a.png","media/images/11748adbe0bfa25f31fa.png","media/images/8b8e86432523b32374be.png","0","0","0.9999999999984741","0","65536","0","0","ConvNeXt Satellite"
"qc_69_119","media/images/66b34058e04c2c91b7b1.png","media/images/d57d47929deb6f8ed9e5.png","media/images/e3ad8f0e943a6baee501.png","0","0","0.9999999999984741","0","65536","0","0","ConvNeXt Satellite"
"qc_34_139","media/images/505cf3ad39c7f28adbf5.png","media/images/70f9d65c96277e69c591.png","media/images/5a6a0ce46aab4c77f4b5.png","0","0","0.9999999999984741","0","65536","0","0","ConvNeXt Satellite"
"qc_89_20","media/images/57f21aa9a5c2ab0ce6f9.png","media/images/9ab708a4effdbf875b50.png","media/images/0b8ebda459e297fb5ba8.png","0","0","0.9999999999984741","0","65536","0","0","ConvNeXt Satellite"
"qc_30_43","media/images/3a6bbb9bb31a055234a5.png","media/images/a118a36fb2416d1a9c33.png","media/images/09e4bb4b46d444a42fd9.png","0","0","0.9987640380844135","0","65455","81","0","ConvNeXt Satellite"
"qc_33_136","media/images/27002f98765cadd3a0f2.png","media/images/b55f4029d801ab82bed5.png","media/images/223aa5ae6f31b13ae89f.png","0","0","0.9999999999984741","0","65536","0","0","ConvNeXt Satellite"
"qc_85_74","media/images/7219e7ecbe7de9e834bd.png","media/images/77b26e0789a4d408637e.png","media/images/46d60e57ca225225ad29.png","0","0","0.3203887939448236","0","20997","44539","0","ConvNeXt Satellite"
"qc_35_40","media/images/8db51857c9eba5e7c89d.png","media/images/d28ea6f2a4dc81f87705.png","media/images/4cdb1683b2ae035b8f80.png","0","0","0.9999999999984741","0","65536","0","0","ConvNeXt Satellite"
"qc_15_104","media/images/4738746adf73cac60b82.png","media/images/b4cd915b734017475cab.png","media/images/212583fc1432e3085ddc.png","0","0","0.9824676513656884","0","64387","0","1149","ConvNeXt Satellite"
"qc_55_45","media/images/c4ca32b4dbbed7a23d70.png","media/images/f24898ee1b38f8ee11e7.png","media/images/84dafdf46a83a956faef.png","0","0","0.9999999999984741","0","65536","0","0","ConvNeXt Satellite"
"qc_29_60","media/images/fc2a3c6984cd45be5190.png","media/images/7c204f2ad7fec1eab95c.png","media/images/7576c6620a1bf4f2bc8e.png","0","0","0.9910888671859877","0","64952","584","0","ConvNeXt Satellite"
"qc_33_52","media/images/dca753bff71506d3993e.png","media/images/506a36817a2f6e0eed35.png","media/images/90017b849b219b348eea.png","0","0","0.6277923583974796","0","41143","24393","0","ConvNeXt Satellite"
"qc_56_130","media/images/3c5b136ea056368b4064.png","media/images/ede55e90c38cfed83e6d.png","media/images/dced0d80bbdbd9c4866a.png","0","0","0.9999999999984741","0","65536","0","0","ConvNeXt Satellite"
"qc_59_127","media/images/6896e8bfc17e891dd0b3.png","media/images/75bbcb1d1795b0281de2.png","media/images/5c4e7ec988acbe962eee.png","0","0","0.9999999999984741","0","65536","0","0","ConvNeXt Satellite"
"qc_53_58","media/images/0cddb7c53b0ba54df0f8.png","media/images/8c054394752236146059.png","media/images/a2a112525f4479784846.png","0.08665923448467737","0.15949659886498316","0.8124847412096977","1166","52081","80","12209","ConvNeXt Satellite"
"qc_97_82","media/images/302b4cf1afb8e6914e2b.png","media/images/dba4a8b979bd39fd0220.png","media/images/a03c48694973149a6103.png","0","0","0.9999999999984741","0","65536","0","0","ConvNeXt Satellite"
"qc_83_46","media/images/2ea34b64320016b59571.png","media/images/9ab708a4effdbf875b50.png","media/images/0b8ebda459e297fb5ba8.png","0","0","0.9999999999984741","0","65536","0","0","ConvNeXt Satellite"
"qc_59_84","media/images/9e02f51ab758305bb0ef.png","media/images/d0bd235b18b2d7d491ff.png","media/images/28254141b423b2ca0586.png","0","0","0.9999999999984741","0","65536","0","0","ConvNeXt Satellite"
"qc_82_75","media/images/c1d96858ebeb611b2043.png","media/images/a5d2d8fc9e1b97b4411f.png","media/images/38dabe71e984760a602a.png","0.45192569803944105","0.6225189933050558","0.7852478027331768","11605","39857","5624","8450","ConvNeXt Satellite"
"qc_25_143","media/images/032fc8e70e182371e07f.png","media/images/7e10a029209663d9aee2.png","media/images/cd115c950e1675e51de3.png","0","0","0.9135894775376685","0","59873","0","5663","ConvNeXt Satellite"
"qc_26_84","media/images/5c0fdda739687939d02c.png","media/images/eedbd3d5563b31afcd1c.png","media/images/5d4b1387fa663c8a24e7.png","0.0009071666162410897","0.0018126886405381599","0.949584960936051","3","62229","0","3304","ConvNeXt Satellite"
"qc_106_56","media/images/0848ca3bc1c35b8706b8.png","media/images/9ab708a4effdbf875b50.png","media/images/0b8ebda459e297fb5ba8.png","0","0","0.9999999999984741","0","65536","0","0","ConvNeXt Satellite"
"qc_6_125","media/images/07c9cdc93aa777d358d3.png","media/images/c18335f0d64f0a6db86e.png","media/images/545e6356d351d2122b0a.png","0","0","0.9999999999984741","0","65536","0","0","ConvNeXt Satellite"
"qc_60_45","media/images/01f116c978ba9f92db6f.png","media/images/0d9b6641284c7226efa1.png","media/images/54c5f273d79214568df7.png","0","0","0.9613342285141581","0","63002","0","2534","ConvNeXt Satellite"
"qc_77_74","media/images/6cb670ea3f2e067b3060.png","media/images/5f38c52126c40b3e8395.png","media/images/7beb6dc30cd090c3d712.png","0.19640333349482722","0.3283229106689082","0.7483978271472955","4030","45017","14906","1583","ConvNeXt Satellite"
"qc_32_42","media/images/d93649080772ce03bd91.png","media/images/fee902e59e0af4200f91.png","media/images/29c55896b9214a83719f.png","0","0","0.9999999999984741","0","65536","0","0","ConvNeXt Satellite"
"qc_35_85","media/images/0c51cd4b0c198ca6156d.png","media/images/d6f31cdb733385d5ffcd.png","media/images/b847823dbf75a365cc8c.png","0","0","0.9999999999984741","0","65536","0","0","ConvNeXt Satellite"
"qc_78_48","media/images/911d0220e7b3ca29f8f1.png","media/images/9ab708a4effdbf875b50.png","media/images/0b8ebda459e297fb5ba8.png","0","0","0.9999999999984741","0","65536","0","0","ConvNeXt Satellite"
"qc_26_113","media/images/55ad8c9866f51aee2f92.png","media/images/d2cf88645a3300e928b1.png","media/images/833ee333cbb1f7389100.png","0","0","0.9999999999984741","0","65536","0","0","ConvNeXt Satellite"
"qc_9_106","media/images/eeaa5fef2e9f51f6f4db.png","media/images/3fac8077b201cec361de.png","media/images/6524cddb394f3371592d.png","0","0","0.9999999999984741","0","65536","0","0","ConvNeXt Satellite"
"qc_105_16","media/images/b18b0d4eadec8cb13d43.png","media/images/9ab708a4effdbf875b50.png","media/images/0b8ebda459e297fb5ba8.png","0","0","0.9999999999984741","0","65536","0","0","ConvNeXt Satellite"
"qc_97_14","media/images/dee21699f3f537d7ade1.png","media/images/9ab708a4effdbf875b50.png","media/images/0b8ebda459e297fb5ba8.png","0","0","0.9999999999984741","0","65536","0","0","ConvNeXt Satellite"
"qc_41_51","media/images/187009f32e96c6fb5a80.png","media/images/ea56bdb2ec01b1151a5c.png","media/images/9e6ab9b699fd83e4596e.png","0","0","0.9999999999984741","0","65536","0","0","ConvNeXt Satellite"
"qc_35_138","media/images/628d18a7db16b1c5ab6f.png","media/images/533b030ecd8529ff5035.png","media/images/ea6f854b184693655f5a.png","0","0","0.9999999999984741","0","65536","0","0","ConvNeXt Satellite"
"qc_51_85","media/images/6ba5ef4c150dc1748a95.png","media/images/56cc4e84b6a6c6c1030c.png","media/images/e1973939718efefd21d5.png","0","0","0.9999999999984741","0","65536","0","0","ConvNeXt Satellite"
"qc_59_108","media/images/71a5de4fd4c6fcddb933.png","media/images/5e92dc08e6390c89134a.png","media/images/5a488e0a0904d7bd1f19.png","0.431361119200942","0.6027285259835652","0.9404602050766899","2960","58674","52","3850","ConvNeXt Satellite"
"qc_108_18","media/images/0730808898b43a6f3286.png","media/images/9ab708a4effdbf875b50.png","media/images/0b8ebda459e297fb5ba8.png","0","0","0.9999999999984741","0","65536","0","0","ConvNeXt Satellite"
"qc_95_54","media/images/80e9e9394186367a9032.png","media/images/b8955d6c793e743fdeb6.png","media/images/d74690efd81899dd1889.png","0","0","0.9999999999984741","0","65536","0","0","ConvNeXt Satellite"
"qc_73_156","media/images/ba72ebabc9b0ac6394ad.png","media/images/9e6e074de7b8e9f358c1.png","media/images/f04293167fdb333389ba.png","0","0","0.9999999999984741","0","65536","0","0","ConvNeXt Satellite"
"qc_18_123","media/images/42936bf9caf9e6ecc235.png","media/images/96c54f7d5c9a0b03bfa1.png","media/images/cbe8e27d2dd4154f5ffc.png","0","0","0.9999999999984741","0","65536","0","0","ConvNeXt Satellite"
"qc_41_140","media/images/5ec3007ba5dd6ad84960.png","media/images/89081cc467f989d72c78.png","media/images/efe3b30019b497999929.png","0","0","0.9999999999984741","0","65536","0","0","ConvNeXt Satellite"
"qc_10_94","media/images/d286586fae9ccdc7c7d7.png","media/images/182a95859465f2520a1f.png","media/images/1d6091443deb2c402f24.png","0","0","0.9020996093736235","0","59120","6416","0","ConvNeXt Satellite"
"qc_75_58","media/images/fbd92c64b6c77f2dc1fc.png","media/images/dfdb3cbf20bb4a249fb7.png","media/images/be9547100ec78d4bd92a.png","0","0","0.9999999999984741","0","65536","0","0","ConvNeXt Satellite"
"qc_60_32","media/images/4edcb459136dc4400ae0.png","media/images/60a97deb5d66cefa34f5.png","media/images/1c9cc47691e70e3ab629.png","0","0","0.9857940673813083","0","64605","931","0","ConvNeXt Satellite"
"qc_9_130","media/images/942b71cfc502283c5f69.png","media/images/a38848df14c91317b24c.png","media/images/6e8e3fc2ad4d96ca96c9.png","0","0","0.9999999999984741","0","65536","0","0","ConvNeXt Satellite"
"qc_30_126","media/images/2df1127f1e2b37666cee.png","media/images/32b83c7da29a7cd711b2.png","media/images/9e36b63a20ce11b7d206.png","0","0","0.9999999999984741","0","65536","0","0","ConvNeXt Satellite"
"qc_45_32","media/images/8c0dd0a274882e440c69.png","media/images/b9c0578ace512661bf7c.png","media/images/84d9cb043ab2bc0b6145.png","0","0","0.9999999999984741","0","65536","0","0","ConvNeXt Satellite"
"qc_36_71","media/images/b293098a7ba585cc2437.png","media/images/024f06fbfb57093c7414.png","media/images/3072891297671df8e4bb.png","0.8287881894586098","0.9063795891989863","0.8980712890611297","32336","26520","5752","928","ConvNeXt Satellite"
"qc_66_102","media/images/8f6f24ef292f463c2e38.png","media/images/0239a9d4097943d28eeb.png","media/images/09f263b3b852159fb520.png","0","0","0.9999999999984741","0","65536","0","0","ConvNeXt Satellite"
"qc_65_55","media/images/456c82a6a83acb2190da.png","media/images/a5143fda5f99eef7f4bf.png","media/images/b35596b792f6f9e9ea2a.png","0","0","0.9999999999984741","0","65536","0","0","ConvNeXt Satellite"
"qc_72_145","media/images/cd9df5e78cc53f8da36e.png","media/images/df68784a0402a6ab3716.png","media/images/012a9ab7b698cf32d347.png","0","0","0.9999999999984741","0","65536","0","0","ConvNeXt Satellite"
"qc_65_87","media/images/860eb7d2b07e3a2b96a9.png","media/images/45077ba4fa0303608a54.png","media/images/8b71b52fc18aff2e0967.png","0.47602924858316203","0.6450132516780904","0.7189941406239029","16731","30389","5115","13301","ConvNeXt Satellite"
"qc_26_89","media/images/e53fafb0604904ab262d.png","media/images/4cc7fafa4ec8a1d0de9c.png","media/images/f3cb46cda338dedbb8b6.png","0","0","0.9999999999984741","0","65536","0","0","ConvNeXt Satellite"
"qc_88_64","media/images/732a5b26021eb0917874.png","media/images/34f32462ca82957bfb47.png","media/images/29d67019cd8e6cfb995b.png","0.12212412360394151","0.21766594689341684","0.48414611816332376","4703","27026","29409","4398","ConvNeXt Satellite"
"qc_80_145","media/images/a826bd5e400daba4cf46.png","media/images/af44e1686d6856f9f77a.png","media/images/54869a7edf1831e7be88.png","0.004279600570537097","0.008522680019268642","0.9147949218736041","24","59928","3452","2132","ConvNeXt Satellite"
"qc_66_82","media/images/06a55512577e28ea50fb.png","media/images/8848922ad1ac4eb29e07.png","media/images/808e1b14c43418ff029c.png","0","0","0.9999999999984741","0","65536","0","0","ConvNeXt Satellite"
"qc_35_120","media/images/f2141ede37491b2a66d7.png","media/images/cf1b88a1a454df732f58.png","media/images/6874c3dc04e577cbd814.png","0","0","0.9999999999984741","0","65536","0","0","ConvNeXt Satellite"
"qc_92_25","media/images/a8bcd6e9d9dc7385ceca.png","media/images/9ab708a4effdbf875b50.png","media/images/0b8ebda459e297fb5ba8.png","0","0","0.9999999999984741","0","65536","0","0","ConvNeXt Satellite"
"qc_40_104","media/images/5186a304dad62387a94f.png","media/images/b0896b0a6db3b4b5d50c.png","media/images/a935d1c551d124d08324.png","0","0","0.9999999999984741","0","65536","0","0","ConvNeXt Satellite"
"qc_43_104","media/images/84e12c669783c58cb6f0.png","media/images/04a4231fafd19872f0ab.png","media/images/20947f21708693ea837f.png","0","0","0.9999999999984741","0","65536","0","0","ConvNeXt Satellite"
"qc_89_38","media/images/8542bb3a612c6ad13f5e.png","media/images/9ab708a4effdbf875b50.png","media/images/0b8ebda459e297fb5ba8.png","0","0","0.9999999999984741","0","65536","0","0","ConvNeXt Satellite"
"qc_22_136","media/images/2657ccb87e95707110ae.png","media/images/988212fcd8e3ae694427.png","media/images/208600efb627cbd1670e.png","0","0","0.9999999999984741","0","65536","0","0","ConvNeXt Satellite"
"qc_65_67","media/images/9f0b63b7773284f34918.png","media/images/173dfb90d513b40ae34a.png","media/images/bcb46d9a1931d207c896.png","0","0","0.9999999999984741","0","65536","0","0","ConvNeXt Satellite"
"qc_59_142","media/images/ffc232deb65d16c5115a.png","media/images/61af255f6ab0fd237b9c.png","media/images/27b7bf4988ffc27a4812.png","0","0","0.9999999999984741","0","65536","0","0","ConvNeXt Satellite"
"qc_28_88","media/images/0b1979e7dd24e9137d18.png","media/images/8ffbdacea879848e82de.png","media/images/7e7163866b716a7e31d0.png","0","0","0.9999999999984741","0","65536","0","0","ConvNeXt Satellite"
"qc_108_25","media/images/fa3ac6326be6feef0d86.png","media/images/9ab708a4effdbf875b50.png","media/images/0b8ebda459e297fb5ba8.png","0","0","0.9999999999984741","0","65536","0","0","ConvNeXt Satellite"
"qc_69_96","media/images/6d5ff93ddbcb539a875f.png","media/images/9cf81adf36084df32de1.png","media/images/4f886e737607d28f7242.png","0","0","0.8841705322252134","0","57945","7591","0","ConvNeXt Satellite"
"qc_75_80","media/images/589d6fa9e60e982a4822.png","media/images/446554a3144b43c99f16.png","media/images/7bc1181c038c1852373a.png","0.737131820369511","0.8486768463920129","0.9584655761704125","7633","55181","302","2420","ConvNeXt Satellite"
"qc_38_88","media/images/856cb54012cc68ddd1e3.png","media/images/1eef6e40bacd3b301894.png","media/images/a6f75f3ac228007ddab7.png","0","0","0.973846435545389","0","63822","0","1714","ConvNeXt Satellite"
"qc_81_59","media/images/7cae9f272f7c478acf0c.png","media/images/2ef8cab0499263460b43.png","media/images/3c8215b1ee7b1a3db3ae.png","0.4459152016499905","0.6167929763448625","0.9182434082017239","4312","55866","109","5249","ConvNeXt Satellite"
"qc_41_66","media/images/7a426f1bd1934bfd1942.png","media/images/433799eed4da30c370bd.png","media/images/aa525e44bdb8b151de55.png","0","0","0.9999999999984741","0","65536","0","0","ConvNeXt Satellite"
"qc_11_110","media/images/4944410bca29c723ef0c.png","media/images/a7552ce4d07694f3e38e.png","media/images/bba51166442fd3c56f77.png","0","0","0.9999999999984741","0","65536","0","0","ConvNeXt Satellite"
"qc_43_127","media/images/63e5b4baaa010b5038e0.png","media/images/ab52aa23c6c6bdad5397.png","media/images/dd20bae36f0c7c4c3427.png","0","0","0.9999999999984741","0","65536","0","0","ConvNeXt Satellite"
"qc_52_39","media/images/f83b7578b3501c9a6fbb.png","media/images/8fb5dea4687b48b1f0c7.png","media/images/a8ba0a76b6c3e3917650.png","0","0","0.9999999999984741","0","65536","0","0","ConvNeXt Satellite"
"qc_69_117","media/images/ba3a18bcee2638aab6ad.png","media/images/4b2f71bca30dd09f6281.png","media/images/84a344d69fffb1052d6c.png","0","0","0.9089813232408005","0","59571","5965","0","ConvNeXt Satellite"
"qc_67_137","media/images/4f942a0b77e35d06910f.png","media/images/192a0ebccec04f74fec5.png","media/images/76253b1d612f28feb2de.png","0","0","0.9456634521469945","0","61975","3561","0","ConvNeXt Satellite"
"qc_44_118","media/images/290f2d157f603a35e696.png","media/images/3f0b7dba3e0df9dbad95.png","media/images/e1a63fb37426beabf870.png","0","0","0.9999999999984741","0","65536","0","0","ConvNeXt Satellite"
"qc_36_50","media/images/2ed826a41f6a3ce6b246.png","media/images/178eab67b4b4430f7a34.png","media/images/039d0affe21f0976023e.png","0.6018078933472358","0.7514107750728577","0.7465972900379233","25099","23830","15820","787","ConvNeXt Satellite"
"qc_74_155","media/images/37309a9c2a2674667089.png","media/images/ff3d0a3e86dc2647fbf2.png","media/images/4f3a300768d0fe1bb9d5.png","0","0","0.9999999999984741","0","65536","0","0","ConvNeXt Satellite"
"qc_61_123","media/images/9baa280e5e3e187b387b.png","media/images/bb98018c4e757681eb59.png","media/images/73325816d6d89a36af14.png","0","0","0.9999999999984741","0","65536","0","0","ConvNeXt Satellite"
"qc_34_106","media/images/e66bbd620618f600ee58.png","media/images/213bdae43e0feec70e3e.png","media/images/f6b956efb3629831af3a.png","0","0","0.9999999999984741","0","65536","0","0","ConvNeXt Satellite"
"qc_33_85","media/images/1d5a3bde025db19792ff.png","media/images/acba3c20536fb31b1b35.png","media/images/20010075f8cc5b97a5d4.png","0","0","0.9999999999984741","0","65536","0","0","ConvNeXt Satellite"
"qc_55_71","media/images/e5d843e9872441cb4afc.png","media/images/08bd178317ce06e01dff.png","media/images/071cb88b13f51defb60e.png","0.5675298804758265","0.724107207993452","0.8343658447252893","14245","40436","9028","1827","ConvNeXt Satellite"
"qc_60_40","media/images/4b4ad8775aa6104935ca.png","media/images/7d8b1dc4a1812c234332.png","media/images/e74737f6dd20897f0be1.png","0","0","0.9895782470688025","0","64853","683","0","ConvNeXt Satellite"
"qc_46_140","media/images/773d8214db11093bbf33.png","media/images/30484729fdffbb6834a5.png","media/images/8b362706add4e18eaa23.png","0","0","0.9999999999984741","0","65536","0","0","ConvNeXt Satellite"
"qc_39_92","media/images/92581a11dc0ed9af3936.png","media/images/b5ad7583b0409c5125f5.png","media/images/685a2e7090e88534f9ec.png","0","0","0.9999999999984741","0","65536","0","0","ConvNeXt Satellite"
"qc_76_141","media/images/d778afcdd13952ac6dfc.png","media/images/f5b19c73a4e0b4d226d6.png","media/images/129fb640f575a021c243.png","0","0","0.9999999999984741","0","65536","0","0","ConvNeXt Satellite"
"qc_70_51","media/images/3508e04c5de2c0e85ab7.png","media/images/eb123519e968c6db2cd0.png","media/images/bc958d0ec139451de149.png","0","0","0.9999999999984741","0","65536","0","0","ConvNeXt Satellite"
"qc_6_105","media/images/89fff577938f72099ffb.png","media/images/b4cb1db7b861fcab374a.png","media/images/255ad3e1296fae1196a9.png","0","0","0.9999999999984741","0","65536","0","0","ConvNeXt Satellite"
"qc_62_146","media/images/cc8772b7a51610ad1691.png","media/images/f94403abce7c617d80c9.png","media/images/febf012c55dd8447e292.png","0","0","0.9999999999984741","0","65536","0","0","ConvNeXt Satellite"
"qc_16_137","media/images/22c9ff19f7fa5c447db5.png","media/images/d45132d19ee3af92aba0.png","media/images/8efb34b61f70795dfae3.png","0","0","0.9999999999984741","0","65536","0","0","ConvNeXt Satellite"
"qc_20_99","media/images/822c61ccb4082b97dba6.png","media/images/cf4ffed1af2b55139950.png","media/images/62408a6a27efb0100870.png","0","0","0.9999999999984741","0","65536","0","0","ConvNeXt Satellite"
"qc_27_66","media/images/a091db5bad95fe535b3f.png","media/images/b3822fe73cb3c5c7b8ba.png","media/images/e06dae7c0d4a8dfe1505.png","0.4559618441942387","0.6263375796183671","0.8694610595689858","7170","49811","6138","2417","ConvNeXt Satellite"
"qc_76_86","media/images/b9916eba7d021ebfa778.png","media/images/86a98f95ae9ecf782002.png","media/images/6c79c6003297b2b5de73.png","0.7576309794968307","0.8621046675137823","0.8619995117174347","28271","28221","5519","3525","ConvNeXt Satellite"
"qc_44_47","media/images/3e91cdce89a73c01fdc7.png","media/images/7ca6cf6c9a54315023bf.png","media/images/b0f9856018c52f1de205.png","0.5050888652513278","0.6711747629044934","0.9502868652329249","3325","58953","113","3145","ConvNeXt Satellite"
"qc_26_103","media/images/b0bfe83af2dee3cd2f6d.png","media/images/c6949fa6c75a659a2e81.png","media/images/9b87fab50a8caf3cb2c8.png","0","0","0.9999999999984741","0","65536","0","0","ConvNeXt Satellite"
"qc_40_141","media/images/9ecfa8b3720c1b89c853.png","media/images/2c29584275e9a89e77b4.png","media/images/11e80e9db088225be7d5.png","0","0","0.9999999999984741","0","65536","0","0","ConvNeXt Satellite"
"qc_45_97","media/images/66337a6b1d396a1d3f4e.png","media/images/92fb5b1d19802a156172.png","media/images/45b35b1d350a1bc4a5c8.png","0","0","0.9999999999984741","0","65536","0","0","ConvNeXt Satellite"
"qc_53_53","media/images/d9d4c64047f9cfef3c8e.png","media/images/21212b23acd39264089e.png","media/images/202496d7274b5e4cb089.png","0","0","0.9999999999984741","0","65536","0","0","ConvNeXt Satellite"
"qc_73_82","media/images/52e345e416841e429ff9.png","media/images/cc7d075fbcc14f826bdf.png","media/images/e7cf9ed0140ab93958fe.png","0.7141525265687297","0.8332426346540676","0.8596496582018133","22980","33358","4894","4304","ConvNeXt Satellite"
"qc_13_105","media/images/557729a2798981c86a51.png","media/images/dc60301c39bf8cbf8c81.png","media/images/e8fae0254e81f42bf5ae.png","0","0","0.9999999999984741","0","65536","0","0","ConvNeXt Satellite"
"qc_23_118","media/images/5108d1defea30a4aed74.png","media/images/4ecb54be30eb067c1349.png","media/images/27d67f412db9c3db2b01.png","0","0","0.9999999999984741","0","65536","0","0","ConvNeXt Satellite"
"qc_105_39","media/images/34323ce0254bd4409661.png","media/images/9ab708a4effdbf875b50.png","media/images/0b8ebda459e297fb5ba8.png","0","0","0.9999999999984741","0","65536","0","0","ConvNeXt Satellite"
"qc_34_73","media/images/7ba0ffd0700a1836e22e.png","media/images/9120ca71bfd81dd5055a.png","media/images/f1dda6466dbc57e35a3d.png","0.00009034647874558275","0.00018067471946006357","0.662246704100552","2","43399","21923","212","ConvNeXt Satellite"
"qc_79_36","media/images/ca7a4a1ae8938600f22a.png","media/images/9ab708a4effdbf875b50.png","media/images/0b8ebda459e297fb5ba8.png","0","0","0.9999999999984741","0","65536","0","0","ConvNeXt Satellite"
"qc_51_113","media/images/fde367f3a218d7350807.png","media/images/b4657bb89360365d51a2.png","media/images/1d0147ce9ebe49463347.png","0","0","0.9999999999984741","0","65536","0","0","ConvNeXt Satellite"
"qc_37_53","media/images/a6654cb3c225d8472a53.png","media/images/650beef912b308899d96.png","media/images/4ff3fe4080b2c1ceab28.png","0","0","0.9770965576156966","0","64035","0","1501","ConvNeXt Satellite"
"qc_59_80","media/images/94f84696fd9ae996567b.png","media/images/ab8715d042bab5ec7292.png","media/images/bfab4d3d00c5f1fe2539.png","0","0","0.9999999999984741","0","65536","0","0","ConvNeXt Satellite"
"qc_18_140","media/images/6845d7df83ce3107c80d.png","media/images/6e87254b097e7f083cdb.png","media/images/336d0cb9d5295adf0642.png","0","0","0.9999999999984741","0","65536","0","0","ConvNeXt Satellite"
"qc_49_123","media/images/a995b3c93c78957a7fbe.png","media/images/5a87e7e5d0cdaae89fb2.png","media/images/5af951614f1c38464315.png","0","0","0.9999999999984741","0","65536","0","0","ConvNeXt Satellite"
"qc_39_54","media/images/ce6533f6adbcb9ee328f.png","media/images/dab57ab2aacb06783e83.png","media/images/a9ec50a0dade6b2ff5f5.png","0.18458561754153766","0.31164583941616697","0.8070831298815809","2862","50031","4158","8485","ConvNeXt Satellite"
"qc_34_68","media/images/47433ef74f34df52859c.png","media/images/40cef35ed6db4731637f.png","media/images/f52593bacfb5387c463d.png","0","0","0.9831085205063124","0","64429","0","1107","ConvNeXt Satellite"
"qc_28_77","media/images/45473318984d1ff856f2.png","media/images/5ce554905c7cb08fed11.png","media/images/9fdf8ddc008983e17118.png","0","0","0.9999999999984741","0","65536","0","0","ConvNeXt Satellite"
"qc_64_142","media/images/f4c60819ffe3d818617b.png","media/images/b02b2ed88e3b67ebf0e6.png","media/images/2408288d7a839d3df9e5.png","0","0","0.9999999999984741","0","65536","0","0","ConvNeXt Satellite"
"qc_21_138","media/images/b42e4c2c359243bf9273.png","media/images/db7438b82d599e8d5585.png","media/images/8950602ac1c0918d07df.png","0","0","0.9999999999984741","0","65536","0","0","ConvNeXt Satellite"
"qc_64_75","media/images/8bed7e637cec08c3ad42.png","media/images/6297a4d012f7020b24b9.png","media/images/0df877eb1f53bf9a6d5e.png","0","0","0.9999999999984741","0","65536","0","0","ConvNeXt Satellite"
"qc_66_67","media/images/0a5c84576de5c5050bd3.png","media/images/d8291cf27d9a39d5ff3b.png","media/images/251368dce82bff647995.png","0","0","0.9999999999984741","0","65536","0","0","ConvNeXt Satellite"
"qc_71_126","media/images/aa28fc82bbb03f16c871.png","media/images/1958bd1e5ff265860202.png","media/images/358b2ab5d8cb6ff3cd76.png","0.0914715719055897","0.16761144072106313","0.8341979980456021","1094","53576","10542","324","ConvNeXt Satellite"
"qc_60_64","media/images/2528df41c9ec2d2f7bf9.png","media/images/d34c7610cf3db344983f.png","media/images/e016bd95958190404584.png","0","0","0.9999999999984741","0","65536","0","0","ConvNeXt Satellite"
"qc_84_65","media/images/84b4f69cde3bfc37b84f.png","media/images/8dc7452161e7e0714e6c.png","media/images/49b2ca396bc1530c3c7f.png","0.13687683662351458","0.24079446343997354","0.7445373535144889","2655","46139","16575","167","ConvNeXt Satellite"
"qc_35_98","media/images/bb9d8d8b543a5a5db39e.png","media/images/c5203fec55f310ba0550.png","media/images/b95380099e7ede2ccbce.png","0","0","0.9988708496078509","0","65462","74","0","ConvNeXt Satellite"
"qc_32_72","media/images/beefba2157e8e582199b.png","media/images/16c611eb99abc2208d2e.png","media/images/ea4d24c1a9b73f96698a.png","0","0","0.9995727539047248","0","65508","28","0","ConvNeXt Satellite"
"qc_40_53","media/images/6e69ff8367f2bfc1ca8b.png","media/images/97c4e66e761ab563a387.png","media/images/2112b526ef6d484dcbdf.png","0.24012285354962834","0.3872565259584297","0.9169464111314133","1720","58373","20","5423","ConvNeXt Satellite"
"qc_22_84","media/images/4818643f40ed35411076.png","media/images/53f8f38467301ad8e813.png","media/images/c9095f5271004658981e.png","0.1372355151261891","0.24134930899570972","0.8668518066393023","1388","55422","25","8701","ConvNeXt Satellite"
"qc_62_108","media/images/62c40168c21b951ce5ca.png","media/images/abd882bdb759a3bbe957.png","media/images/a2916041da0e62b621b3.png","0.6865795101467002","0.8141679225495938","0.7629547119128983","34031","15970","7005","8530","ConvNeXt Satellite"
"qc_37_133","media/images/7d71eaa5aabab9af971f.png","media/images/d95e6789c25df942652e.png","media/images/ab6d2e6b487035dafcf5.png","0","0","0.9999999999984741","0","65536","0","0","ConvNeXt Satellite"
"qc_82_79","media/images/fe51f27cee23123ee967.png","media/images/305ab65a855da0df09f8.png","media/images/2d28681150dc4e6a8769.png","0","0","0.952529907225109","0","62425","3111","0","ConvNeXt Satellite"
"qc_62_95","media/images/4fb5d5c0cfe468c62bd7.png","media/images/8ba488ee67385b51c8d2.png","media/images/1b8b4aba36164600fd91.png","0","0","0.9999999999984741","0","65536","0","0","ConvNeXt Satellite"
"qc_29_129","media/images/d899c06398bc16309d6f.png","media/images/031d66c63c7193498c5a.png","media/images/6620184f63c71e5fec2b.png","0.6914153132174189","0.8175582495123276","0.9573822021469767","6258","56485","644","2149","ConvNeXt Satellite"
"qc_63_153","media/images/31718d3b0235c37833e1.png","media/images/d49253db687284e096b4.png","media/images/0fbe7900e8b274e89cd9.png","0","0","0.9999999999984741","0","65536","0","0","ConvNeXt Satellite"
"qc_17_139","media/images/839d8ced90dda6ea2fc1.png","media/images/58cb463e5504e3b92c90.png","media/images/440dbf065d6d17f7f04b.png","0","0","0.9999999999984741","0","65536","0","0","ConvNeXt Satellite"
"qc_74_94","media/images/3fb08c3a497ea2ec1c68.png","media/images/76ced8aed3715baf9281.png","media/images/f53ac15adb0a95e9408c.png","0","0","0.9999999999984741","0","65536","0","0","ConvNeXt Satellite"
"qc_9_109","media/images/0f5c2697e545b44c8d25.png","media/images/35e138572bef27e4a469.png","media/images/b1e487eecfd056de1e28.png","0","0","0.9999999999984741","0","65536","0","0","ConvNeXt Satellite"
"qc_65_66","media/images/10f1d0b730d796924095.png","media/images/b84cbd4c62c2078f734a.png","media/images/602424b451dcc0719f0e.png","0","0","0.9999999999984741","0","65536","0","0","ConvNeXt Satellite"
"qc_44_104","media/images/f62f16d3e70bf4840c4a.png","media/images/5bded493793546bbc1d3.png","media/images/8bc6e8331a82e04f8d6e.png","0","0","0.9999999999984741","0","65536","0","0","ConvNeXt Satellite"
"qc_17_90","media/images/5c90654bde091468862b.png","media/images/75af68c53de536aec846.png","media/images/c6e561010fdb10d6ca5e.png","0","0","0.9999999999984741","0","65536","0","0","ConvNeXt Satellite"
"qc_65_38","media/images/439f09d6c70b78388bbb.png","media/images/84b99f9c98aae2347fc2.png","media/images/b0b3658c1f4461018dae.png","0","0","0.9999999999984741","0","65536","0","0","ConvNeXt Satellite"
"qc_92_36","media/images/56a247f12365e5704bc1.png","media/images/9ab708a4effdbf875b50.png","media/images/0b8ebda459e297fb5ba8.png","0","0","0.9999999999984741","0","65536","0","0","ConvNeXt Satellite"
"qc_82_147","media/images/56e39a8abc1a8d7437a3.png","media/images/1ca1797cc5acc875c1c9.png","media/images/c237f67e8c38da8923ef.png","0","0","0.9999999999984741","0","65536","0","0","ConvNeXt Satellite"
"qc_71_89","media/images/e39c05316c5c7c329f27.png","media/images/018e73a41ee7cdb50a60.png","media/images/7fc88b1513f838023527.png","0","0","0.9999999999984741","0","65536","0","0","ConvNeXt Satellite"
"qc_56_68","media/images/3088e99ac1a13f9e7cc2.png","media/images/e27372d2e37a31aac760.png","media/images/a4993b26fbae46d85808.png","0","0","0.9999999999984741","0","65536","0","0","ConvNeXt Satellite"
"qc_56_57","media/images/604765dbe407c3cef573.png","media/images/f22ad5256d805c7944ec.png","media/images/24f769f1b4bf5dc7441d.png","0.512705208363838","0.6778652824772862","0.75859069824103","16646","33069","3645","12176","ConvNeXt Satellite"
"qc_68_37","media/images/c3c3fcf7f8ca6702702a.png","media/images/d5a12934f96b530e32ba.png","media/images/662bc9b4ef4bca0f4c8c.png","0","0","0.9999999999984741","0","65536","0","0","ConvNeXt Satellite"
"qc_104_15","media/images/aee7e84e68dc90c3273b.png","media/images/9ab708a4effdbf875b50.png","media/images/0b8ebda459e297fb5ba8.png","0","0","0.9999999999984741","0","65536","0","0","ConvNeXt Satellite"
"qc_90_72","media/images/29232d7c1eb0346640c2.png","media/images/3ad489a7bb1d85e41812.png","media/images/fb132cd491d152ca0412.png","0","0","0.9999999999984741","0","65536","0","0","ConvNeXt Satellite"
"qc_30_134","media/images/82cb83ba4d9f0708e9f3.png","media/images/bc8ad13dc3f5d679396d.png","media/images/4e08a1cf649d895ce2fd.png","0","0","0.9999999999984741","0","65536","0","0","ConvNeXt Satellite"
"qc_23_106","media/images/c68977f6f2cddc51f26d.png","media/images/f641cff7f88d11dad732.png","media/images/8209ab54fe16f644f4b3.png","0","0","0.9999999999984741","0","65536","0","0","ConvNeXt Satellite"
"qc_73_88","media/images/ab98093ce1dcc8b827bb.png","media/images/13b216f920c6db9537bc.png","media/images/0e8c34589491657491a7.png","0","0","0.5069274902336015","0","33222","32314","0","ConvNeXt Satellite"
"qc_18_114","media/images/767d7df9085e2374a75a.png","media/images/36b39394be268caa6edf.png","media/images/498551d691d74c0aae24.png","0","0","0.9359893798813843","0","61341","0","4195","ConvNeXt Satellite"
"qc_49_78","media/images/602b212f8d61f7a7f0e8.png","media/images/e1bbc7eef10b110f3c22.png","media/images/3fac3bbed6c2324470fd.png","0","0","0.9996490478500372","0","65513","0","23","ConvNeXt Satellite"
"qc_75_34","media/images/142c9c7294db81ffcd0d.png","media/images/9ab708a4effdbf875b50.png","media/images/0b8ebda459e297fb5ba8.png","0","0","0.9999999999984741","0","65536","0","0","ConvNeXt Satellite"
"qc_107_45","media/images/648feef2c3af95b03109.png","media/images/f0649627fc7ac45abceb.png","media/images/ee1418bfbf140936a24a.png","0","0","0.9999999999984741","0","65536","0","0","ConvNeXt Satellite"
"qc_68_120","media/images/0911530ff76514f79b6d.png","media/images/d5c6c7638745ea81064a.png","media/images/5af8ddb1e9d59aefc26f.png","0","0","0.976791381834447","0","64015","0","1521","ConvNeXt Satellite"
"qc_70_32","media/images/693628294190c40f5a12.png","media/images/6b29b2b05ab1b8a17c17.png","media/images/c2e6b6e8440c39ccc7ff.png","0","0","0.9999999999984741","0","65536","0","0","ConvNeXt Satellite"
"qc_63_121","media/images/662460cd0f14cdbbfed6.png","media/images/2d8a935ea2e0c2d2aef4.png","media/images/58cb1119f0f12db9ef6e.png","0","0","0.9999999999984741","0","65536","0","0","ConvNeXt Satellite"
"qc_66_141","media/images/bc356db952f2941d2c9a.png","media/images/802bea2e522611bdd539.png","media/images/b1daacefc8d018b56cdc.png","0","0","0.9999999999984741","0","65536","0","0","ConvNeXt Satellite"
"qc_64_87","media/images/5ff4bf09f76aea9bbde7.png","media/images/885dc8974e5033f64b88.png","media/images/505c48ab5944121d14de.png","0.08095340347805487","0.14978145920632335","0.8040771484362731","1131","51565","1264","11576","ConvNeXt Satellite"
"qc_67_118","media/images/dc1baf0c2e6845d4b961.png","media/images/49fe41c05b9b1494ebda.png","media/images/60ed793f71ce38504d6b.png","0","0","0.9999999999984741","0","65536","0","0","ConvNeXt Satellite"
"qc_47_88","media/images/a48eed9e2b66bb6128bc.png","media/images/0d6ff76a88797a4835d7.png","media/images/3d54c6677c38ce708ab2.png","0","0","0.9993133544906626","0","65491","45","0","ConvNeXt Satellite"
"qc_41_65","media/images/a55feee519b04c1e5781.png","media/images/4306c7b756052345c6f3.png","media/images/b13d75a6ee6acd07c1cd.png","0","0","0.9999999999984741","0","65536","0","0","ConvNeXt Satellite"
"qc_80_25","media/images/3b42dc0f3e51258c114e.png","media/images/9ab708a4effdbf875b50.png","media/images/0b8ebda459e297fb5ba8.png","0","0","0.9999999999984741","0","65536","0","0","ConvNeXt Satellite"
"qc_40_109","media/images/ad575cf766439d98006e.png","media/images/179421376cc29dfa7c73.png","media/images/33a106780a5d4a0a7a68.png","0.8024127531167392","0.8903761990855481","0.965011596678215","9312","53931","656","1637","ConvNeXt Satellite"
"qc_71_153","media/images/5586f4edf07cf3f4541d.png","media/images/222f06794c978e83a4cb.png","media/images/df657044c5ecb910aa12.png","0","0","0.9999999999984741","0","65536","0","0","ConvNeXt Satellite"
"qc_76_113","media/images/49450443038b992a4812.png","media/images/6cdfe9287a28667a53d5.png","media/images/fd9e34fdba7ba85e6ee3.png","0","0","0.9999999999984741","0","65536","0","0","ConvNeXt Satellite"
"qc_63_99","media/images/e8471db13fc13ecdbf53.png","media/images/5be1c7496ce437d6224f.png","media/images/0b8ebda459e297fb5ba8.png","0","0","0.9999999999984741","0","65536","0","0","ConvNeXt Satellite"
"qc_102_34","media/images/ae95c19fc04d27f35b0c.png","media/images/9ab708a4effdbf875b50.png","media/images/0b8ebda459e297fb5ba8.png","0","0","0.9999999999984741","0","65536","0","0","ConvNeXt Satellite"
"qc_30_45","media/images/93071dbd9a40303777a3.png","media/images/12df6743d5bd0f735a6e.png","media/images/7e0573540a589488b4a0.png","0","0","0.9999999999984741","0","65536","0","0","ConvNeXt Satellite"
"qc_59_106","media/images/1805bfe12cdf5786fba5.png","media/images/3ce3d8fcfb01aa9a4a48.png","media/images/feab7a239941c7f74160.png","0","0","0.9999999999984741","0","65536","0","0","ConvNeXt Satellite"
"qc_59_34","media/images/67ea04c1316a6f6aa830.png","media/images/b05e815c513ada85a69b.png","media/images/2a53a1796b7f4d0dc43a.png","0","0","0.9999999999984741","0","65536","0","0","ConvNeXt Satellite"
"qc_22_94","media/images/2da01c9ab643da77e1e6.png","media/images/8d72bf9115b01103934f.png","media/images/fa0968952ae02194b42d.png","0","0","0.9864349365219323","0","64647","889","0","ConvNeXt Satellite"
"qc_52_59","media/images/107267cdf8bf013f8b37.png","media/images/105c65b0cd70b11c8ad2.png","media/images/f34a77d09af9cca61584.png","0.6250788372190523","0.7692904297529022","0.9002227783189388","10902","48095","6369","170","ConvNeXt Satellite"
"qc_15_96","media/images/38648abdcf34e77a0585.png","media/images/9a26ad8caa295e7f025e.png","media/images/53fae9b6a9ec5a754c35.png","0","0","0.9999999999984741","0","65536","0","0","ConvNeXt Satellite"
"qc_78_34","media/images/4a6d458d8f81cd7408a4.png","media/images/9ab708a4effdbf875b50.png","media/images/0b8ebda459e297fb5ba8.png","0","0","0.9999999999984741","0","65536","0","0","ConvNeXt Satellite"
"qc_52_139","media/images/ab6be8c9f893c569485c.png","media/images/41aec0f9cf47f176de3c.png","media/images/c548d479432101329e3e.png","0","0","0.9865264892563071","0","64653","0","883","ConvNeXt Satellite"
"qc_75_45","media/images/b4b7991ffa30e419bf9f.png","media/images/9ab708a4effdbf875b50.png","media/images/0b8ebda459e297fb5ba8.png","0","0","0.9999999999984741","0","65536","0","0","ConvNeXt Satellite"
"qc_13_120","media/images/0ef0fd498be521c72d1e.png","media/images/69c22b199a8dfbc6d27b.png","media/images/dd1467a1d8250ba7503e.png","0","0","0.9999999999984741","0","65536","0","0","ConvNeXt Satellite"
"qc_106_63","media/images/f2cf38bc8de13d39041d.png","media/images/810a727f5d1feeb5760d.png","media/images/da222c5db813799d0a5a.png","0.14160814103449046","0.24808534989599734","0.4516906738274358","5928","23674","35326","608","ConvNeXt Satellite"
"qc_103_76","media/images/e0d0c14d1e8c394a9929.png","media/images/4b39a42ab34f7bc97f7b.png","media/images/af248dd18fa5e6641f64.png","0","0","0.9999999999984741","0","65536","0","0","ConvNeXt Satellite"
"qc_64_138","media/images/29793e3f90b0f478a110.png","media/images/b12a2468bec10304e434.png","media/images/fb92b4f333a92972a3de.png","0","0","0.9999999999984741","0","65536","0","0","ConvNeXt Satellite"
"qc_94_63","media/images/e31e0c793c8c99a2923b.png","media/images/c901a0fd4d13f67190cd.png","media/images/d34bb8a418a7a7b55c37.png","0.10942161087127353","0.1972588235577789","0.6720123291005371","2641","41400","21461","34","ConvNeXt Satellite"
"qc_101_62","media/images/9aa23c067d5af15e3e6c.png","media/images/a7830f6c3834f30bf142.png","media/images/749bd774d9f0afa8437e.png","0","0","0.9140014648423553","0","59900","5636","0","ConvNeXt Satellite"
"qc_67_33","media/images/4c34012d3f73fbe52f0a.png","media/images/4856987c9bab639b30ea.png","media/images/1bbf0eae09a491278f95.png","0","0","0.9999999999984741","0","65536","0","0","ConvNeXt Satellite"
"qc_70_140","media/images/f58a0cd691d79d24cca7.png","media/images/494729728dba03030e51.png","media/images/e2a94f29605ee7d8d156.png","0","0","0.9999999999984741","0","65536","0","0","ConvNeXt Satellite"
"qc_48_56","media/images/2c5b476fa871c8c96715.png","media/images/3b52c1e17a1b373cd8be.png","media/images/e04f952ca2ae6bec8fe5.png","0","0","0.9917144775375493","0","64993","543","0","ConvNeXt Satellite"
"qc_110_19","media/images/7580c3c5bcbc751cccd2.png","media/images/9ab708a4effdbf875b50.png","media/images/0b8ebda459e297fb5ba8.png","0","0","0.9999999999984741","0","65536","0","0","ConvNeXt Satellite"
"qc_15_124","media/images/23595a5e3d67d8d40913.png","media/images/c98611fc67d6ae545088.png","media/images/d4d1d86f438b8dd4be5d.png","0","0","0.9999999999984741","0","65536","0","0","ConvNeXt Satellite"
"qc_29_55","media/images/8563b4eed485cbee489c.png","media/images/0119106aad069d38f991.png","media/images/7549901490333b70a593.png","0","0","0.9999999999984741","0","65536","0","0","ConvNeXt Satellite"
"qc_46_34","media/images/fa441865d6c0101a8b57.png","media/images/c5d52558d190261afd2d.png","media/images/1e11a160300ec6d74ade.png","0","0","0.9235382080064033","0","60525","0","5011","ConvNeXt Satellite"
"qc_15_136","media/images/3379a5143bc6d4adcd35.png","media/images/11b26152aaa8df7f7b02.png","media/images/26771b43b8b54392e976.png","0","0","0.9999999999984741","0","65536","0","0","ConvNeXt Satellite"
"qc_68_118","media/images/deee3629102502b12cc7.png","media/images/e5f58903c8237bc40fb4.png","media/images/d4b9a23f044fea9dba1d.png","0","0","0.9999999999984741","0","65536","0","0","ConvNeXt Satellite"
"qc_4_116","media/images/d5667fee214100f2a59f.png","media/images/2d3bfd223f63e95385eb.png","media/images/68335afbf5103c83ba8a.png","0","0","0.9999999999984741","0","65536","0","0","ConvNeXt Satellite"
"qc_42_55","media/images/a3760aab07dc6a3f6740.png","media/images/c8a223edd37011f6c26b.png","media/images/9c9a6381f68a6f2bdb2e.png","0","0","0.9999999999984741","0","65536","0","0","ConvNeXt Satellite"
"qc_89_84","media/images/ba53f17c08ec5fac548c.png","media/images/cab9d983cc56e59b5c17.png","media/images/e5003d81316109c9387b.png","0","0","0.9999999999984741","0","65536","0","0","ConvNeXt Satellite"
"qc_45_71","media/images/fd9a5c6f465c8d272d2b.png","media/images/10372baa5b2b750d2db3.png","media/images/df1701bfb2c63f564a02.png","0.6958853989002018","0.820674979550365","0.8503417968737025","22443","33285","9165","643","ConvNeXt Satellite"
"qc_3_125","media/images/37986b627e6893cf3bf4.png","media/images/e567451a44ec9617c171.png","media/images/63847bb45e5e3f8c241c.png","0","0","0.9999999999984741","0","65536","0","0","ConvNeXt Satellite"
"qc_14_131","media/images/964730d3e449e7ef9752.png","media/images/b545613d2e5927d76311.png","media/images/b22cf08fc5fedac5de56.png","0","0","0.9999999999984741","0","65536","0","0","ConvNeXt Satellite"
"qc_64_81","media/images/50de41eda3bd38c2f117.png","media/images/6465ef9399a9f4ff8933.png","media/images/e3506588f6202363822e.png","0","0","0.8525390624986992","0","55872","641","9023","ConvNeXt Satellite"
"qc_56_142","media/images/aaf866b8410225c05bc8.png","media/images/d9c93fa3ebe65cd2ae01.png","media/images/6a843c1561e52b5533b3.png","0","0","0.9999999999984741","0","65536","0","0","ConvNeXt Satellite"
"qc_32_97","media/images/80d2f1d64624180c1f5a.png","media/images/a10c0bf5e6d4429f8e79.png","media/images/7f846b012aee018584b3.png","0","0","0.9999999999984741","0","65536","0","0","ConvNeXt Satellite"
"qc_72_36","media/images/f65074a1789e8c3d34dc.png","media/images/9ab708a4effdbf875b50.png","media/images/0b8ebda459e297fb5ba8.png","0","0","0.9999999999984741","0","65536","0","0","ConvNeXt Satellite"
"qc_68_85","media/images/44498a0e701b32336243.png","media/images/e4de194b08ca4b42d92b.png","media/images/70d00d42dff5bdb415b0.png","0","0","0.9487152099594899","0","62175","3361","0","ConvNeXt Satellite"
"qc_89_37","media/images/c1f233f52e3af0a52935.png","media/images/9ab708a4effdbf875b50.png","media/images/0b8ebda459e297fb5ba8.png","0","0","0.9999999999984741","0","65536","0","0","ConvNeXt Satellite"
"qc_52_126","media/images/f380728d31466a52069b.png","media/images/1450b7ba2a268c0d33bb.png","media/images/4804438253a22773d035.png","0.41118338753551187","0.5827497098359871","0.9281768798813962","3287","57542","836","3871","ConvNeXt Satellite"
"qc_61_90","media/images/679c792c86febe786ccc.png","media/images/b6df3ee8cef8ba65e0b6.png","media/images/1af41968fbea471b6d31.png","0","0","0.9999999999984741","0","65536","0","0","ConvNeXt Satellite"
"qc_50_66","media/images/6a683af682812a0e01f5.png","media/images/7dde65d2f7074a698991.png","media/images/2d9c996d1f55eaa49ff3.png","0","0","0.9999999999984741","0","65536","0","0","ConvNeXt Satellite"
"qc_49_135","media/images/cf272e6a786f7a0c9275.png","media/images/d634ba845e9107bf2ca7.png","media/images/ab84d59033df782e72cf.png","0","0","0.9999999999984741","0","65536","0","0","ConvNeXt Satellite"
"qc_60_127","media/images/b798ae7d699fd2040765.png","media/images/322b9649719f973f6452.png","media/images/22e58c783adc7bcfcbf1.png","0","0","0.9999999999984741","0","65536","0","0","ConvNeXt Satellite"
"qc_63_141","media/images/7b42bede8bc61b4c478e.png","media/images/dc124ee199144e2640f0.png","media/images/a4b70360c03a0d08299b.png","0","0","0.9999999999984741","0","65536","0","0","ConvNeXt Satellite"
"qc_64_68","media/images/dcbb81ebfbf8b15e4022.png","media/images/c3df6d9ff0c932a8850f.png","media/images/a7adeb923a93cbab30ed.png","0","0","0.9999999999984741","0","65536","0","0","ConvNeXt Satellite"
"qc_75_155","media/images/3e9f05f0b120aedd73ea.png","media/images/25e5f284f336aa4b745d.png","media/images/26f033eefcd206e2cdf8.png","0","0","0.9999999999984741","0","65536","0","0","ConvNeXt Satellite"
"qc_53_123","media/images/8a04f2d99c5311616de9.png","media/images/e29dac3f7c401a7c1af4.png","media/images/ba890af59da744eb9e84.png","0","0","0.9999999999984741","0","65536","0","0","ConvNeXt Satellite"
"qc_75_78","media/images/1002f47ecda52215fff7.png","media/images/deecfe503a1b72c97d7a.png","media/images/e2122b7845fa6572fb8d.png","0","0","0.9999999999984741","0","65536","0","0","ConvNeXt Satellite"
"qc_39_61","media/images/d599ef74b70929d8a269.png","media/images/aae69bcefffa50776cdc.png","media/images/9228b4bd19ae71826b4c.png","0","0","0.9999999999984741","0","65536","0","0","ConvNeXt Satellite"
"qc_42_101","media/images/c000b90a5ebfaa8f6490.png","media/images/396edb59a6779119d85d.png","media/images/38a8ae045db559eff3db.png","0","0","0.9999999999984741","0","65536","0","0","ConvNeXt Satellite"
"qc_58_65","media/images/b349efd6ad9b19b65fe5.png","media/images/368006bf6115cea8b72a.png","media/images/c8d858ab591cd8a3c580.png","0","0","0.9999999999984741","0","65536","0","0","ConvNeXt Satellite"
"qc_68_59","media/images/f58b89dfd5b91df4caf9.png","media/images/56dbf51144c66af08832.png","media/images/42b7412c5b85d7ef32f8.png","0","0","0.9999999999984741","0","65536","0","0","ConvNeXt Satellite"
"qc_82_72","media/images/d5ca6d7babfe0fb6ec77.png","media/images/9fc8e1b67c218172c6f5.png","media/images/16ee27cea6c261517dea.png","0.3871870626640112","0.5582333321719458","0.6993255615223704","12450","33381","11481","8224","ConvNeXt Satellite"
"qc_7_108","media/images/98595793d85e83d8fa00.png","media/images/394ed9d73b16663346b8.png","media/images/6026788b0be5f246395a.png","0","0","0.9999999999984741","0","65536","0","0","ConvNeXt Satellite"
"qc_91_27","media/images/6bc5760741b0be0e97d8.png","media/images/9ab708a4effdbf875b50.png","media/images/0b8ebda459e297fb5ba8.png","0","0","0.9999999999984741","0","65536","0","0","ConvNeXt Satellite"
"qc_45_74","media/images/b52b0f79734cfe80f1d2.png","media/images/1a98d5e42441d4711ca6.png","media/images/3fe4b009bacd2f1440a0.png","0","0","0.9999999999984741","0","65536","0","0","ConvNeXt Satellite"
"qc_39_106","media/images/9a293c86eeb57dabb85a.png","media/images/6b8dd5984fc4b853b082.png","media/images/110f555cdec12f7de81b.png","0.6793816502642102","0.8090854255833229","0.9512634277329235","6768","55574","850","2344","ConvNeXt Satellite"
"qc_79_38","media/images/f000efabe7adc3a70882.png","media/images/9ab708a4effdbf875b50.png","media/images/0b8ebda459e297fb5ba8.png","0","0","0.9999999999984741","0","65536","0","0","ConvNeXt Satellite"
"qc_20_136","media/images/9693c66daa1a029c9ba4.png","media/images/3c2bc26990a413b10e32.png","media/images/9c4c9be5d1c14c230d42.png","0","0","0.9999999999984741","0","65536","0","0","ConvNeXt Satellite"
"qc_58_141","media/images/3166d7c4faa34cc3caf6.png","media/images/cb46c21e81077652f21a.png","media/images/a8d6c8f8ddd56d3d86da.png","0","0","0.9999999999984741","0","65536","0","0","ConvNeXt Satellite"
"qc_44_101","media/images/9a8a00c68432a308b8e2.png","media/images/801aa31795146e31d0ef.png","media/images/e51226f2d57bb8295571.png","0","0","0.9999999999984741","0","65536","0","0","ConvNeXt Satellite"
"qc_64_93","media/images/32726c3a76ad7e861ecd.png","media/images/2ce3da1311c21b4008ee.png","media/images/36147e22143b0ee07780.png","0","0","0.9999999999984741","0","65536","0","0","ConvNeXt Satellite"
"qc_55_59","media/images/697ba476da506f90d566.png","media/images/bea9a4ff02aa3f8b6821.png","media/images/f03a7f65c19d5a300c18.png","0","0","0.9999999999984741","0","65536","0","0","ConvNeXt Satellite"
"qc_73_110","media/images/96c4f94401991c4d263b.png","media/images/b632a57b06a992db2df6.png","media/images/7c812185e96016115528.png","0","0","0.9999999999984741","0","65536","0","0","ConvNeXt Satellite"
"qc_26_62","media/images/68bf30973f3e4c3799fe.png","media/images/f91e985beb18b7a15141.png","media/images/593acfdcff00d1980ac4.png","0","0","0.9999999999984741","0","65536","0","0","ConvNeXt Satellite"
"qc_86_78","media/images/fd321da551ee1ff2d44d.png","media/images/8b9b5b8b5bba82684e22.png","media/images/1c76e443c300b1e67871.png","0","0","0.9519348144516725","0","62386","3150","0","ConvNeXt Satellite"
"qc_83_100","media/images/1a6a812828b4c4bb2616.png","media/images/a46b976fd9c1b37b9a20.png","media/images/15418710ae94e9a9e20e.png","0","0","0.8120422363268859","0","53218","0","12318","ConvNeXt Satellite"
"qc_100_16","media/images/2e9812397d07c571998e.png","media/images/9ab708a4effdbf875b50.png","media/images/0b8ebda459e297fb5ba8.png","0","0","0.9999999999984741","0","65536","0","0","ConvNeXt Satellite"
"qc_109_36","media/images/eee2093509e4e3460b8e.png","media/images/9ab708a4effdbf875b50.png","media/images/0b8ebda459e297fb5ba8.png","0","0","0.9999999999984741","0","65536","0","0","ConvNeXt Satellite"
"qc_20_101","media/images/9fdad0b1425166d46353.png","media/images/2fabbcc77e9203036447.png","media/images/42ad9a63e623db923248.png","0","0","0.9999999999984741","0","65536","0","0","ConvNeXt Satellite"
"qc_63_39","media/images/f60307985537e60ebff9.png","media/images/1f0c62dce611a1069ab7.png","media/images/755957641bbf80b01b6f.png","0","0","0.9999999999984741","0","65536","0","0","ConvNeXt Satellite"
"qc_55_53","media/images/7445aa590c8c6f26b348.png","media/images/dee2a85f78b4502b408f.png","media/images/e308acd46403318b579e.png","0","0","0.9999999999984741","0","65536","0","0","ConvNeXt Satellite"
"qc_39_123","media/images/8f17286b6ed3a2e15e46.png","media/images/0b8b56a75b0a12ecf0f4.png","media/images/0231d5446dc3bc4d19d8.png","0","0","0.9999999999984741","0","65536","0","0","ConvNeXt Satellite"
"qc_39_37","media/images/c7eb1e0d93c6b7fc471e.png","media/images/838b20fd33788b581b9f.png","media/images/030f1df742e2861c3a88.png","0.27618327107534074","0.4328269386953744","0.7664184570300805","5841","44387","15227","81","ConvNeXt Satellite"
"qc_55_93","media/images/b794d9d5723faa1a05e0.png","media/images/ccb0817d721973fa21b8.png","media/images/9b90b46707e55850435c.png","0","0","0.9999999999984741","0","65536","0","0","ConvNeXt Satellite"
"qc_44_81","media/images/6d9c50c0302f841e2299.png","media/images/d2608ebe9b98326f24f0.png","media/images/b6bfbc9b19d9a432a690.png","0","0","0.9999999999984741","0","65536","0","0","ConvNeXt Satellite"
"qc_50_110","media/images/a301f553ac92ecb6fad9.png","media/images/5a49f33078fdb4322482.png","media/images/54d8576ce676402db93d.png","0","0","0.9999999999984741","0","65536","0","0","ConvNeXt Satellite"
"qc_41_64","media/images/7cf240a9191f2afd6743.png","media/images/49aad8771e3f670f7a9a.png","media/images/8d725345d4d16e41bd52.png","0","0","0.9999999999984741","0","65536","0","0","ConvNeXt Satellite"
"qc_48_86","media/images/f2366b4f8213a9ed0894.png","media/images/3d69553fb2e7cc08a20d.png","media/images/04e7484f237326b9c6bb.png","0","0","0.9204406738267205","0","60322","5214","0","ConvNeXt Satellite"
"qc_25_112","media/images/1f531ae34910edd18ec4.png","media/images/f2d9507685a87fc2ddc7.png","media/images/c25b06176142d0a92969.png","0","0","0.9999999999984741","0","65536","0","0","ConvNeXt Satellite"
"qc_39_59","media/images/f7ad61a8b757039a7d3f.png","media/images/df3b97649d506ac0910e.png","media/images/ceb657ba586956407685.png","0","0","0.9999999999984741","0","65536","0","0","ConvNeXt Satellite"
"qc_88_88","media/images/f549343443cdde92a193.png","media/images/43ba1b623da1823aabf2.png","media/images/d616c0ccb0b80f57b071.png","0","0","0.9999999999984741","0","65536","0","0","ConvNeXt Satellite"
"qc_33_132","media/images/9418b02120a282ab7f37.png","media/images/f412fe4c40dab1f2bb8b.png","media/images/03b99df60ef2c3b74e5d.png","0","0","0.9999999999984741","0","65536","0","0","ConvNeXt Satellite"
"qc_32_52","media/images/41d8d188c8e914ff9386.png","media/images/194fa017b60398cecc79.png","media/images/27596679ad14b3fbf7de.png","0","0","0.9999999999984741","0","65536","0","0","ConvNeXt Satellite"
"qc_68_136","media/images/6956f8030f514cdeb121.png","media/images/dfdf031d80772244ba35.png","media/images/6f606d0d10156690b898.png","0","0","0.9999999999984741","0","65536","0","0","ConvNeXt Satellite"
"qc_109_35","media/images/9d25a663f51818ed0557.png","media/images/9ab708a4effdbf875b50.png","media/images/0b8ebda459e297fb5ba8.png","0","0","0.9999999999984741","0","65536","0","0","ConvNeXt Satellite"
"qc_57_84","media/images/75863b7ca3c8d68f9e69.png","media/images/217611b13e777672dba1.png","media/images/2ff7837746dc66726873.png","0","0","0.9999999999984741","0","65536","0","0","ConvNeXt Satellite"
"qc_26_124","media/images/da315b62b51107e2ccde.png","media/images/8ebe16ca141235102de4.png","media/images/3b6c0ae2f14e633330f8.png","0.10679184391804618","0.19297546300994456","0.9070892333970534","728","58719","0","6089","ConvNeXt Satellite"
"qc_79_64","media/images/2fb02d7b49bcc778fc3e.png","media/images/88183560de1ca9ea8704.png","media/images/1f15caed1a9437f84729.png","0","0","0.7286376953113882","0","47752","17784","0","ConvNeXt Satellite"
"qc_38_118","media/images/40f6860b497594405fd4.png","media/images/26d0934fec6ed9489d0d.png","media/images/dc554fc1586bdbd221bf.png","0","0","0.9999999999984741","0","65536","0","0","ConvNeXt Satellite"
"qc_44_68","media/images/0c33cc3bb56171b94c38.png","media/images/eca3bac6afdb349be2dc.png","media/images/62e218a5dd88d1ff855f.png","0","0","0.8793029785142833","0","57626","7910","0","ConvNeXt Satellite"
"qc_74_116","media/images/9375bab6b01f28d03f57.png","media/images/52308ed4c0d6dbf1d3c1.png","media/images/68b340048813e9cf33ac.png","0","0","0.9999999999984741","0","65536","0","0","ConvNeXt Satellite"
"qc_98_72","media/images/912719898b22b9a96ce2.png","media/images/335a3ce88546a223fed6.png","media/images/617ad659c1b961230dfc.png","0","0","0.9999999999984741","0","65536","0","0","ConvNeXt Satellite"
"qc_58_127","media/images/796816de48b602300a3a.png","media/images/f6392db431d0fe561e5d.png","media/images/1b342fbd3a6500b70566.png","0","0","0.9999999999984741","0","65536","0","0","ConvNeXt Satellite"
"qc_54_82","media/images/f980058444ff5c6c91af.png","media/images/c218eaef7007ea387342.png","media/images/fdb921900985459dd941.png","0.08205689277856591","0.15166833785244635","0.7311553955066968","1575","46342","0","17619","ConvNeXt Satellite"
"qc_65_64","media/images/e99f5c167e2e4384289c.png","media/images/2f9564bcef55c53a9bca.png","media/images/98d1f33f7bed4414af0a.png","0","0","0.9999999999984741","0","65536","0","0","ConvNeXt Satellite"
"qc_29_126","media/images/4484fe85454ecfd1b7a8.png","media/images/5d0b6b3ce380e4f86151.png","media/images/d80f6dbe47dd0ec142fd.png","0","0","0.9999999999984741","0","65536","0","0","ConvNeXt Satellite"
"qc_78_100","media/images/aad83b75fd0a37dcc152.png","media/images/5d9dba8771c78584a8c3.png","media/images/bc27fa2067f83dc97c6d.png","0","0","0.9999999999984741","0","65536","0","0","ConvNeXt Satellite"
"qc_49_83","media/images/81137d356b97573b1705.png","media/images/4f0da3c044568e621c01.png","media/images/90863ec6b5ed09cd907a.png","0.47223144152853064","0.6415178943928304","0.8544158935533838","8537","47458","8234","1307","ConvNeXt Satellite"
"qc_38_43","media/images/117ab8ceefe7a9c2a8b4.png","media/images/04f0936aa38e8747f1d3.png","media/images/64cf30c2600971693997.png","0","0","0.9999999999984741","0","65536","0","0","ConvNeXt Satellite"
"qc_69_130","media/images/b462f8e76c4a0a2a3b53.png","media/images/8d46346fb994a2d24c7e.png","media/images/1615d9ab388adc2ef8eb.png","0","0","0.9999999999984741","0","65536","0","0","ConvNeXt Satellite"
"qc_76_96","media/images/d1d1d2a53210f28d871e.png","media/images/74cffd4db1a595ea6ea4.png","media/images/904afcf357db03f81a77.png","0","0","0.9999999999984741","0","65536","0","0","ConvNeXt Satellite"
"qc_29_92","media/images/0c954be378e678519a96.png","media/images/fb17ce9f7d9bd2cf3332.png","media/images/c3038e0d8543297fca32.png","0","0","0.6672973632802318","0","43732","21804","0","ConvNeXt Satellite"
"qc_63_140","media/images/e356b969e36dcc7db00b.png","media/images/ff509b4ccaf27304b08c.png","media/images/7027dc7d56a4ea64a8b7.png","0","0","0.9999999999984741","0","65536","0","0","ConvNeXt Satellite"
"qc_58_111","media/images/bb56c34b707c10190ead.png","media/images/6b3f4dcf1adf8b2a4db5.png","media/images/1e5281b7b90255bcd8d0.png","0","0","0.9999999999984741","0","65536","0","0","ConvNeXt Satellite"
"qc_51_131","media/images/da035ea6e193a8540be5.png","media/images/c2cae45e93958a8015cb.png","media/images/bf8d1eeef3f78136d042.png","0","0","0.9999999999984741","0","65536","0","0","ConvNeXt Satellite"
"qc_23_80","media/images/faf6240225e5ac2b1a82.png","media/images/ddd06181a5d7e8eac19a.png","media/images/102b9a53b47cb4bca42f.png","0","0","0.9999999999984741","0","65536","0","0","ConvNeXt Satellite"
"qc_112_51","media/images/4192eb3f0d1519918e9a.png","media/images/9ab708a4effdbf875b50.png","media/images/0b8ebda459e297fb5ba8.png","0","0","0.9999999999984741","0","65536","0","0","ConvNeXt Satellite"
"qc_8_101","media/images/9a884bad02882862a763.png","media/images/79ca9d7f6b9cb5eef47f.png","media/images/ddf644484d444ea6144f.png","0","0","0.9999999999984741","0","65536","0","0","ConvNeXt Satellite"
"qc_100_13","media/images/996f1d9c9a5c43896772.png","media/images/9ab708a4effdbf875b50.png","media/images/0b8ebda459e297fb5ba8.png","0","0","0.9999999999984741","0","65536","0","0","ConvNeXt Satellite"
"qc_2_130","media/images/81de248d96a2db7a9415.png","media/images/285758d6d68fd15025d2.png","media/images/3e86de25faf0adea25e6.png","0","0","0.9999999999984741","0","65536","0","0","ConvNeXt Satellite"
"qc_113_57","media/images/8cb38b20ac160c250356.png","media/images/9ab708a4effdbf875b50.png","media/images/0b8ebda459e297fb5ba8.png","0","0","0.9999999999984741","0","65536","0","0","ConvNeXt Satellite"
"qc_71_83","media/images/49095a217f42b7ed8def.png","media/images/f2672623ee5237515f71.png","media/images/531ebe778ce88aea72e7.png","0","0","0.9999847412094116","0","65535","1","0","ConvNeXt Satellite"
"qc_75_142","media/images/9cdca27286b35ad9f42f.png","media/images/8111bf2f1b23a498325b.png","media/images/73be951ab47a1a8030a3.png","0","0","0.9999999999984741","0","65536","0","0","ConvNeXt Satellite"
"qc_107_63","media/images/1f5f5aa1b039007ac283.png","media/images/9ab708a4effdbf875b50.png","media/images/0b8ebda459e297fb5ba8.png","0","0","0.9998168945297244","0","65524","12","0","ConvNeXt Satellite"
"qc_95_69","media/images/6223c71fe47f28697a0b.png","media/images/07b5992b626e033d266e.png","media/images/9cdac6c8c24288029b56.png","0","0","0.9999999999984741","0","65536","0","0","ConvNeXt Satellite"
"qc_95_30","media/images/d3f145d4f6196acdfa3b.png","media/images/9ab708a4effdbf875b50.png","media/images/0b8ebda459e297fb5ba8.png","0","0","0.9999999999984741","0","65536","0","0","ConvNeXt Satellite"
"qc_98_30","media/images/39054b9768d55ef6a088.png","media/images/9ab708a4effdbf875b50.png","media/images/0b8ebda459e297fb5ba8.png","0","0","0.9999999999984741","0","65536","0","0","ConvNeXt Satellite"
"qc_105_53","media/images/5ce243542b4119f3b7ea.png","media/images/9ccf54f3a5ca160ff02b.png","media/images/442a96d3ec8ee0f1d8b2.png","0","0","0.9999999999984741","0","65536","0","0","ConvNeXt Satellite"
"qc_68_32","media/images/3a796d9f015ae4d79ef5.png","media/images/787cb52f9438f67ec9bb.png","media/images/c95935808e24beabe6e5.png","0","0","0.9999999999984741","0","65536","0","0","ConvNeXt Satellite"
"qc_25_135","media/images/42bb0626814b63835dff.png","media/images/b49488b396bee0bc14be.png","media/images/7ca24eb31e4afbfa1630.png","0.5628232430616725","0.7202646996835691","0.978073120115695","1850","62249","1422","15","ConvNeXt Satellite"
"qc_64_47","media/images/036708fd2e49cc3f0d0a.png","media/images/fd835c63bfe0de5e3651.png","media/images/2ee6d5f2c4857f2325c6.png","0","0","0.9999999999984741","0","65536","0","0","ConvNeXt Satellite"
"qc_45_139","media/images/0fac6f6d58bb21e09544.png","media/images/e9655000036ce373c938.png","media/images/4637e108eae7c6c7f487.png","0","0","0.9999999999984741","0","65536","0","0","ConvNeXt Satellite"
"qc_64_38","media/images/95ea1b385506f291df0b.png","media/images/c20d06364a9a55d6b98a.png","media/images/8a08deb1920e0e877d29.png","0","0","0.9999999999984741","0","65536","0","0","ConvNeXt Satellite"
"qc_64_144","media/images/e2bcb1634e4bcc0f0429.png","media/images/346c581d87ba377b812a.png","media/images/8230d7caf4d7d0170c57.png","0","0","0.9999999999984741","0","65536","0","0","ConvNeXt Satellite"
"qc_26_128","media/images/7d2d675c62d5c086149b.png","media/images/2ed49a361172975d9bd0.png","media/images/35261d13a7866be06f06.png","0","0","0.941452026365751","0","61699","0","3837","ConvNeXt Satellite"
"qc_36_78","media/images/966cca91458ebc428aaf.png","media/images/0a077ea0dcdbb654ca18.png","media/images/8d85986c7c36a4fdbfcc.png","0","0","0.9999999999984741","0","65536","0","0","ConvNeXt Satellite"
"qc_23_136","media/images/6daba84d99ecad6e9ebc.png","media/images/032a93c98e900f4f9abd.png","media/images/dbb0c34ea8bfcbf850af.png","0","0","0.9999999999984741","0","65536","0","0","ConvNeXt Satellite"
"qc_51_135","media/images/8d838f6fb04a3adc90e2.png","media/images/9c84adb7998baacfab9f.png","media/images/92be4c26635406c179d7.png","0","0","0.7742614746081936","0","50742","14794","0","ConvNeXt Satellite"
"qc_63_110","media/images/dc0f39aea9cbd95b3b8d.png","media/images/272b2dbadbeaa212fa21.png","media/images/55b8d0e1f48d96da8997.png","0.340376527136857","0.5078819187830786","0.6984710693348717","10197","35578","306","19455","ConvNeXt Satellite"
"qc_68_44","media/images/f2eb4f710be2a87bb8f9.png","media/images/0180ed24886a1aab613d.png","media/images/35b60db94771939f8773.png","0","0","0.9999999999984741","0","65536","0","0","ConvNeXt Satellite"
"qc_70_151","media/images/bfd7d263fe1f521c0027.png","media/images/4b0f284d1dda827e5b97.png","media/images/019b02d6602a8c15be25.png","0","0","0.9999999999984741","0","65536","0","0","ConvNeXt Satellite"
"qc_27_110","media/images/7f27622aac8bba7fa5ea.png","media/images/8def0a343a1c0238b0aa.png","media/images/9f60d6ada65573f9d91d.png","0","0","0.9574279785141641","0","62746","2790","0","ConvNeXt Satellite"
"qc_64_139","media/images/6e53fd32fe68e9b9f0e6.png","media/images/e8f171ba43070fc59da7.png","media/images/e54be5a7ccde2815ac63.png","0","0","0.9999999999984741","0","65536","0","0","ConvNeXt Satellite"
"qc_67_44","media/images/d4c75a169d304ba47f1b.png","media/images/883c637c88e89c3399c7.png","media/images/b278903664e915b5f1f0.png","0","0","0.9999999999984741","0","65536","0","0","ConvNeXt Satellite"
"qc_44_91","media/images/e0edfded6053e641c627.png","media/images/758f74dd8c7628c8848a.png","media/images/05b32471d6ec7449544d.png","0","0","0.9999999999984741","0","65536","0","0","ConvNeXt Satellite"
"qc_91_46","media/images/dd5c176728b60bb5967a.png","media/images/9ab708a4effdbf875b50.png","media/images/0b8ebda459e297fb5ba8.png","0","0","0.9999999999984741","0","65536","0","0","ConvNeXt Satellite"
"qc_19_129","media/images/9305d3f34bbe434dc180.png","media/images/a2089e4f9f56034dfb20.png","media/images/92f4a69571807e6ea5cc.png","0","0","0.9999999999984741","0","65536","0","0","ConvNeXt Satellite"
"qc_62_40","media/images/547f92ee52ce93f1ac10.png","media/images/68686dc590960c4c1b14.png","media/images/473b4e9b58b5ca1a8d6b.png","0","0","0.9999999999984741","0","65536","0","0","ConvNeXt Satellite"
"qc_55_130","media/images/0e48fa87ecf75c32fec8.png","media/images/07f123d47c97617c6e6c.png","media/images/a1836c980b201ec846bd.png","0","0","0.9999999999984741","0","65536","0","0","ConvNeXt Satellite"
"qc_22_142","media/images/aaa55b2a14a3febb5d65.png","media/images/3c608a17df628f4d8c79.png","media/images/110b0f680eee5d8395a0.png","0","0","0.9999999999984741","0","65536","0","0","ConvNeXt Satellite"
"qc_22_121","media/images/56226c9860cc2d25e7ae.png","media/images/99727f24e58523d9a160.png","media/images/5c765d08e0ec7583b6df.png","0","0","0.9999999999984741","0","65536","0","0","ConvNeXt Satellite"
"qc_41_95","media/images/82bc7c5a63ecf6287213.png","media/images/98777b4ce95ffdce64aa.png","media/images/bab035292d844c7ace0b.png","0","0","0.9999999999984741","0","65536","0","0","ConvNeXt Satellite"
"qc_68_69","media/images/72dd1db1f093fb2c2282.png","media/images/1dc22502de9289fa7b22.png","media/images/c290d4836d990a4d73a6.png","0.7234726687870267","0.8395521900618206","0.9868774414047441","2250","62426","860","0","ConvNeXt Satellite"
"qc_31_102","media/images/7002ad03f7d0f625bddc.png","media/images/8f02e53a72b87960350d.png","media/images/a723b27cf52d02f37009.png","0","0","0.9999999999984741","0","65536","0","0","ConvNeXt Satellite"
"qc_64_153","media/images/0b289fba0ea45b2251d7.png","media/images/5ba7fbd679b0d8cee1a9.png","media/images/4f9d8bde9b8892fa6b12.png","0","0","0.9999999999984741","0","65536","0","0","ConvNeXt Satellite"
"qc_60_140","media/images/a5366d48b41638c894d1.png","media/images/aa551377b7d421104bf5.png","media/images/6346673e1f7bcdaf539d.png","0","0","0.9656066894516516","0","63282","0","2254","ConvNeXt Satellite"
"qc_107_47","media/images/3dc6a9fbe763fc0e0068.png","media/images/9ab708a4effdbf875b50.png","media/images/0b8ebda459e297fb5ba8.png","0","0","0.9999999999984741","0","65536","0","0","ConvNeXt Satellite"
"qc_67_135","media/images/914df8fd8690f72acde4.png","media/images/1e7cb1efc96c9394602f.png","media/images/6f8ba5ae2cce7bc0b688.png","0","0","0.9999999999984741","0","65536","0","0","ConvNeXt Satellite"
"qc_43_135","media/images/520bebb57823d1d6cc69.png","media/images/e1aeb34c8c2e2294e836.png","media/images/8b98231ca1daf873f308.png","0","0","0.9999999999984741","0","65536","0","0","ConvNeXt Satellite"
"qc_73_40","media/images/8ec503dcdf3bfe3b01f1.png","media/images/9ab708a4effdbf875b50.png","media/images/0b8ebda459e297fb5ba8.png","0","0","0.9999999999984741","0","65536","0","0","ConvNeXt Satellite"
"qc_61_103","media/images/e0b739c3aa097a05d962.png","media/images/3ccf9cc050e7b05c08bb.png","media/images/08438090a40cdb153c8a.png","0","0","0.9999999999984741","0","65536","0","0","ConvNeXt Satellite"
"qc_39_38","media/images/1a94ad23f1b0b6bdfb52.png","media/images/30342e2807b09423bc0b.png","media/images/3457354fe6e114bcaf9e.png","0","0","0.2866516113276876","0","18786","46750","0","ConvNeXt Satellite"
"qc_30_88","media/images/15654d516e27a799bff3.png","media/images/1ccb07be7f6bcd606890.png","media/images/73d068eb2edf26b84fa5.png","0","0","0.9711914062485181","0","63648","0","1888","ConvNeXt Satellite"
"qc_59_141","media/images/b0d303ab041b4c1165c7.png","media/images/5197be2bb8a1b8ad4fd4.png","media/images/f4f99392e8f531fa8ef3.png","0","0","0.9999999999984741","0","65536","0","0","ConvNeXt Satellite"
"qc_66_36","media/images/da95b1e69ebda43e120e.png","media/images/119a60bd5a7865012cb8.png","media/images/044aa61a0ca8cbf45155.png","0","0","0.9896087646469275","0","64855","0","681","ConvNeXt Satellite"
"qc_18_124","media/images/46f160d2332d57e1eece.png","media/images/adea0a43f06492ca3a41.png","media/images/d8de67bd4db845b7e44b.png","0","0","0.9999999999984741","0","65536","0","0","ConvNeXt Satellite"
"qc_72_73","media/images/9c8736dc0f4894fac959.png","media/images/afd6d10def7a5a333f38.png","media/images/9ab26ac275d5b6c02352.png","0","0","0.9999999999984741","0","65536","0","0","ConvNeXt Satellite"
"qc_12_115","media/images/11b3994cf3d021b11c86.png","media/images/ff71b838a70d0b59138c.png","media/images/fcfc776da239d5e7dd40.png","0.2702806318039017","0.42554472410654337","0.7095642089832923","7050","39452","12","19022","ConvNeXt Satellite"
"qc_47_107","media/images/f84b266717c2915a8c07.png","media/images/a094e50200319de66769.png","media/images/50aefcb3eca430ac197e.png","0","0","0.9999999999984741","0","65536","0","0","ConvNeXt Satellite"
"qc_28_106","media/images/dad17c0969eaeeadc557.png","media/images/1f821a606025f4be8353.png","media/images/a2e39f20f9c1447bf94c.png","0","0","0.9999999999984741","0","65536","0","0","ConvNeXt Satellite"
"qc_14_117","media/images/c614a8b1c3ecfba101e5.png","media/images/cf0888f97f779513b461.png","media/images/0041b612f1baaaf939a1.png","0","0","0.9999999999984741","0","65536","0","0","ConvNeXt Satellite"
"qc_4_114","media/images/29b84bef2423cb3db31e.png","media/images/7846d4ea3e9860efae22.png","media/images/65cabc31f5d8dc55b587.png","0","0","0.9999999999984741","0","65536","0","0","ConvNeXt Satellite"
"qc_53_59","media/images/43d6f059d69cc53ce345.png","media/images/425f1a2af2cad34399bb.png","media/images/4df4b1efd151f8f8dcc4.png","0","0","0.9995880126937873","0","65509","0","27","ConvNeXt Satellite"
"qc_2_114","media/images/80f2ba3e7a406dbd96fc.png","media/images/072a50bf89c7c7156f72.png","media/images/356bd11b8419b5c00359.png","0","0","0.9999999999984741","0","65536","0","0","ConvNeXt Satellite"
"qc_99_58","media/images/57fbc871f7efd507e18d.png","media/images/04586018f3e332e196a9.png","media/images/79caa63a22c860833e4f.png","0.26839141147404555","0.4231996326457906","0.6194152832021799","9150","31444","24570","372","ConvNeXt Satellite"
"qc_96_41","media/images/a1ab32b4097ea075206d.png","media/images/9ab708a4effdbf875b50.png","media/images/0b8ebda459e297fb5ba8.png","0","0","0.9999999999984741","0","65536","0","0","ConvNeXt Satellite"
"qc_50_46","media/images/ee584d55ff5fd40e9e05.png","media/images/4257fbe05811d6bb4670.png","media/images/f60df326d69f9924c521.png","0","0","0.9999999999984741","0","65536","0","0","ConvNeXt Satellite"
"qc_77_113","media/images/7f618f229b93d6f4a9c2.png","media/images/44057f9f497d94955d7b.png","media/images/2bced4c77b1e6f17fd3a.png","0","0","0.9999999999984741","0","65536","0","0","ConvNeXt Satellite"
"qc_61_122","media/images/1db43673902a31d97b75.png","media/images/a1ecff96fcdb80d14abe.png","media/images/83e70e5c4cf37f07fd88.png","0","0","0.9999999999984741","0","65536","0","0","ConvNeXt Satellite"
"qc_34_48","media/images/a061ce16148263b65a26.png","media/images/f6ac4f9f100b20ee5608.png","media/images/d926d46c7cc63fad4fac.png","0","0","0.9999999999984741","0","65536","0","0","ConvNeXt Satellite"
"qc_88_40","media/images/34c4fbccc9057a952c97.png","media/images/9ab708a4effdbf875b50.png","media/images/0b8ebda459e297fb5ba8.png","0","0","0.9999999999984741","0","65536","0","0","ConvNeXt Satellite"
"qc_16_95","media/images/bd8ef9e44a4aab0ae7c7.png","media/images/4420717258904d964b3a.png","media/images/c5b565785af5092ad076.png","0.8258161825484074","0.9045994277570932","0.9453735351548075","16973","44983","1106","2474","ConvNeXt Satellite"
"qc_81_35","media/images/05f854b2378ff9a7957d.png","media/images/9ab708a4effdbf875b50.png","media/images/0b8ebda459e297fb5ba8.png","0","0","0.9999999999984741","0","65536","0","0","ConvNeXt Satellite"
"qc_109_9","media/images/945175a0d8e65e962cbe.png","media/images/9ab708a4effdbf875b50.png","media/images/0b8ebda459e297fb5ba8.png","0","0","0.9999999999984741","0","65536","0","0","ConvNeXt Satellite"
"qc_77_37","media/images/346c7afe6ee6bd281f5b.png","media/images/9ab708a4effdbf875b50.png","media/images/0b8ebda459e297fb5ba8.png","0","0","0.9999999999984741","0","65536","0","0","ConvNeXt Satellite"
"qc_45_140","media/images/2925fdc391c2487cbf67.png","media/images/f242bccbed67d8f55b5b.png","media/images/7fe260ebbd3a8974db25.png","0","0","0.9999999999984741","0","65536","0","0","ConvNeXt Satellite"
"qc_64_39","media/images/9aa9f66fe1575384878d.png","media/images/941682a44e20960e763c.png","media/images/155beec8b9f6d26cd472.png","0","0","0.9999999999984741","0","65536","0","0","ConvNeXt Satellite"
"qc_87_72","media/images/7245d3bb7294eb5a599d.png","media/images/eac7475e7c793b3feddd.png","media/images/c54a54e89938755cfcd6.png","0","0","0.17076110839817693","0","11191","54345","0","ConvNeXt Satellite"
"qc_26_88","media/images/e55f4f0476e913fe3e4f.png","media/images/3f32f99c09295c385f4d.png","media/images/caaab15aa348bbba9a2e.png","0","0","0.9999999999984741","0","65536","0","0","ConvNeXt Satellite"
"qc_77_28","media/images/25e4ea8f1a4fd8b0c801.png","media/images/9ab708a4effdbf875b50.png","media/images/0b8ebda459e297fb5ba8.png","0","0","0.9999999999984741","0","65536","0","0","ConvNeXt Satellite"
"qc_68_36","media/images/6e8bffbc032869e0898b.png","media/images/872b663107c4705abfd4.png","media/images/59f385a6486abce3cfeb.png","0","0","0.9990539550766006","0","65474","0","62","ConvNeXt Satellite"
"qc_70_156","media/images/9d3d52ca509692c04d4d.png","media/images/6ac0b07012d08461e87b.png","media/images/b3ebf400188a61f23534.png","0","0","0.9999999999984741","0","65536","0","0","ConvNeXt Satellite"
"qc_103_68","media/images/57addb9e0f7420a2700b.png","media/images/1c87e1151b1a9ef07d52.png","media/images/608cb895d61deefa832d.png","0.06555513452003074","0.12304405018406331","0.8494873046862038","692","54980","3453","6411","ConvNeXt Satellite"
"qc_33_94","media/images/dc01f9ab4b219c6037cb.png","media/images/b1849e2d110cc5c917e7.png","media/images/8d11caac895803ab6a22.png","0","0","0.9999999999984741","0","65536","0","0","ConvNeXt Satellite"
"qc_54_133","media/images/783c9cd0a4ed9e6f8776.png","media/images/fbfb94fcd88b678043d0.png","media/images/8638fff69605767a1280.png","0","0","0.9999999999984741","0","65536","0","0","ConvNeXt Satellite"
"qc_72_94","media/images/b0a62bf4e9670a9a907d.png","media/images/2ea1164c571dd9ab8b13.png","media/images/b21cdbe0237f0cda97b0.png","0","0","0.7295989990223242","0","47815","17721","0","ConvNeXt Satellite"
"qc_31_139","media/images/232151fd288117ed6d7f.png","media/images/392c728cbf194c28d34e.png","media/images/9766f5c73ea6d09143e8.png","0","0","0.9999999999984741","0","65536","0","0","ConvNeXt Satellite"
"qc_52_112","media/images/05b45c0b464abf3fb1a2.png","media/images/ac9e60f5e3322bf2d75a.png","media/images/65404684f9ab3ed9461a.png","0","0","0.9999999999984741","0","65536","0","0","ConvNeXt Satellite"
"qc_39_139","media/images/e5dbdd6f5e4ad2c70991.png","media/images/ce8b4fda64960f81f2a2.png","media/images/9244cab2c8375d1b81e8.png","0","0","0.9999999999984741","0","65536","0","0","ConvNeXt Satellite"
"qc_71_49","media/images/0ec1fb6cb584b4fb50c6.png","media/images/9ab708a4effdbf875b50.png","media/images/0b8ebda459e297fb5ba8.png","0","0","0.9999999999984741","0","65536","0","0","ConvNeXt Satellite"
"qc_42_95","media/images/7319fd4b495467fe71d3.png","media/images/1981449fb9bdde964f52.png","media/images/e98da7b5196b5185dc54.png","0","0","0.9999999999984741","0","65536","0","0","ConvNeXt Satellite"
"qc_22_113","media/images/6eb2a5387dd87fd02eac.png","media/images/9fca66cd7b7a7575f75b.png","media/images/e046d41e4c16cf6661a7.png","0","0","0.9999999999984741","0","65536","0","0","ConvNeXt Satellite"
"qc_34_88","media/images/ecfdf6a3a2d272121285.png","media/images/585e3e5bc263fa34c92b.png","media/images/d5bd1659cc3a5cf61489.png","0","0","0.9999999999984741","0","65536","0","0","ConvNeXt Satellite"
"qc_83_27","media/images/148f55e3d9425ff7ccfa.png","media/images/9ab708a4effdbf875b50.png","media/images/0b8ebda459e297fb5ba8.png","0","0","0.9999999999984741","0","65536","0","0","ConvNeXt Satellite"
"qc_70_126","media/images/37c38bb4803d7f82f2e1.png","media/images/3090321be9d90c81c041.png","media/images/3863de480c4a57be554e.png","0.0006193868070571731","0.001238005750004952","0.7537994384754123","10","49391","16059","76","ConvNeXt Satellite"
"qc_87_34","media/images/b93b2cc7c1f60bc11423.png","media/images/9ab708a4effdbf875b50.png","media/images/0b8ebda459e297fb5ba8.png","0","0","0.9999999999984741","0","65536","0","0","ConvNeXt Satellite"
"qc_61_142","media/images/68ff5cb3cde828dd921a.png","media/images/3c71a7620d2f7b44ade2.png","media/images/48c7c59507bef716abfd.png","0","0","0.9999999999984741","0","65536","0","0","ConvNeXt Satellite"
"qc_9_103","media/images/de6281183ddc7a5aeb53.png","media/images/fdd970d90eef9b018e12.png","media/images/0219423ccde3524c3dbb.png","0","0","0.9999999999984741","0","65536","0","0","ConvNeXt Satellite"
"qc_84_148","media/images/b69750d460141fa9543f.png","media/images/a5986f9986078bf0086c.png","media/images/ffee22593fd4b3b4b5f6.png","0","0","0.9999999999984741","0","65536","0","0","ConvNeXt Satellite"
"qc_94_14","media/images/eef1d99ec09c6922f144.png","media/images/9ab708a4effdbf875b50.png","media/images/0b8ebda459e297fb5ba8.png","0","0","0.9999999999984741","0","65536","0","0","ConvNeXt Satellite"
"qc_39_129","media/images/1c6143ffc4f9563ed2d4.png","media/images/fc5a38a427049f574ed0.png","media/images/1c7392dd299ffb07d096.png","0","0","0.9854431152328713","0","64582","954","0","ConvNeXt Satellite"
"qc_66_118","media/images/63ddd44dd86929356016.png","media/images/7d906d858f508dd80840.png","media/images/7a06a65e3c0bdff0907e.png","0","0","0.9999999999984741","0","65536","0","0","ConvNeXt Satellite"
"qc_61_69","media/images/ed6c71e25095b83b61a1.png","media/images/3d778f364e4835d47a6a.png","media/images/48d0a5de2e6baa679155.png","0.6988204879587503","0.8227125242460479","0.9146728515611043","12975","46969","4435","1157","ConvNeXt Satellite"
"qc_107_13","media/images/467fea6c25179fc34f10.png","media/images/9ab708a4effdbf875b50.png","media/images/0b8ebda459e297fb5ba8.png","0","0","0.9999999999984741","0","65536","0","0","ConvNeXt Satellite"
"qc_88_60","media/images/186e1b0774b8b642150c.png","media/images/c643407c23a6e521ae6b.png","media/images/136479e72bdffd3d10cc.png","0.008544455066870552","0.01694412970907591","0.746810913084798","143","48800","32","16561","ConvNeXt Satellite"
"qc_85_77","media/images/903be81c85a7e3b61410.png","media/images/162312f1fa814221e71d.png","media/images/0c37b3c3c1db8048d664.png","0.4566300459858416","0.6269677270444995","0.8701934814439847","7149","49880","8466","41","ConvNeXt Satellite"
"qc_57_112","media/images/03771215755e5205b85f.png","media/images/0cae4d3a5e04167dd5a2.png","media/images/4b02a629da7ac4eb34ac.png","0","0","0.9999999999984741","0","65536","0","0","ConvNeXt Satellite"
"qc_83_51","media/images/e6ae799d947296533dee.png","media/images/9ab708a4effdbf875b50.png","media/images/0b8ebda459e297fb5ba8.png","0","0","0.9999999999984741","0","65536","0","0","ConvNeXt Satellite"
"qc_41_88","media/images/ed2dc04ea95758b4f2ba.png","media/images/2550b9609457b609029a.png","media/images/030732af8b3d2e112cfa.png","0","0","0.9999999999984741","0","65536","0","0","ConvNeXt Satellite"
"qc_36_112","media/images/a614393f769cf23fb193.png","media/images/2d831818d8fc1312ba66.png","media/images/fe2a18d33a7c8041f0c3.png","0","0","0.9999999999984741","0","65536","0","0","ConvNeXt Satellite"
"qc_43_33","media/images/7b33b07906ec67d42a9a.png","media/images/b6f34d335ff69339c2b3.png","media/images/7ca3565d2b56eb0ea367.png","0","0","0.9999999999984741","0","65536","0","0","ConvNeXt Satellite"
"qc_52_118","media/images/5af8c24dda63e586344b.png","media/images/1fe18701950ee04c2ca1.png","media/images/4a8ecd7e93a0bbd49d27.png","0","0","0.9092712402329876","0","59590","0","5946","ConvNeXt Satellite"
"qc_32_91","media/images/c874f919258a9205036d.png","media/images/8fb5ca98394afacc368a.png","media/images/e60fcce88f485d76adc5.png","0","0","0.998138427732852","0","65414","122","0","ConvNeXt Satellite"
"qc_65_82","media/images/f51e20560bec16f74417.png","media/images/26fce9bf231c2d0f9ad7.png","media/images/c53cb90027fc6c363eb3.png","0","0","0.9654541015610268","0","63272","2264","0","ConvNeXt Satellite"
"qc_69_112","media/images/5da8959ae135709376be.png","media/images/0c2328b80adff0e2847e.png","media/images/88f9fb9ee66717958e62.png","0.3723141739369707","0.5426077325504427","0.8408660888659044","6186","48921","2826","7603","ConvNeXt Satellite"
"qc_101_31","media/images/729454eb5d045db2835f.png","media/images/9ab708a4effdbf875b50.png","media/images/0b8ebda459e297fb5ba8.png","0","0","0.9999999999984741","0","65536","0","0","ConvNeXt Satellite"
"qc_63_127","media/images/0145439ca44ea9996d46.png","media/images/8c71996e8317ef8383eb.png","media/images/fc4677c031c773496d0a.png","0","0","0.9995422363265998","0","65506","30","0","ConvNeXt Satellite"
"qc_50_77","media/images/f47d2ccc6246c1934fd1.png","media/images/40d207ce5ecedc33e2a6.png","media/images/0075ed732cc26f55e8aa.png","0.4596947181880197","0.6298504456480118","0.7348022460926288","14787","33369","15059","2321","ConvNeXt Satellite"
"qc_68_104","media/images/b4bd377c8f183f2e1e40.png","media/images/d5a6a9d7be24eafee6d1.png","media/images/562944de3c9903209cc3.png","0","0","0.9999999999984741","0","65536","0","0","ConvNeXt Satellite"
"qc_52_127","media/images/b3d2ecd59c8c99195c8a.png","media/images/4a00d266f4d524672584.png","media/images/101f69f355e55e5fd592.png","0","0","0.9999999999984741","0","65536","0","0","ConvNeXt Satellite"
"qc_84_58","media/images/c16674b2d30898914eee.png","media/images/7f20033bd157a4467990.png","media/images/30413f61e10e0fbbcd9f.png","0.6711731147215891","0.8032358449314343","0.6860198974598907","42000","2959","20108","469","ConvNeXt Satellite"
"qc_91_31","media/images/fa9d8769ea306f28e1e1.png","media/images/9ab708a4effdbf875b50.png","media/images/0b8ebda459e297fb5ba8.png","0","0","0.9999999999984741","0","65536","0","0","ConvNeXt Satellite"
"qc_89_27","media/images/6637a415d950e6fc4e2b.png","media/images/9ab708a4effdbf875b50.png","media/images/0b8ebda459e297fb5ba8.png","0","0","0.9999999999984741","0","65536","0","0","ConvNeXt Satellite"
"qc_40_83","media/images/b058148e082074de88bd.png","media/images/3cc30126b46f2c2c365e.png","media/images/f4b6f6944a20655da74f.png","0","0","0.9999999999984741","0","65536","0","0","ConvNeXt Satellite"
"qc_50_93","media/images/4f3bb8cdecd6797f8354.png","media/images/c5c011a0423cc38f3ed0.png","media/images/1b79bd63988d452b0036.png","0","0","0.9999999999984741","0","65536","0","0","ConvNeXt Satellite"
"qc_77_111","media/images/a46168e98999573d4bdc.png","media/images/e9fe1721d55753b2a9fd.png","media/images/67bd89397bceeb6fb6af.png","0","0","0.9999999999984741","0","65536","0","0","ConvNeXt Satellite"
"qc_59_33","media/images/51cd181de0744e85120f.png","media/images/67aedccb125bdb25209b.png","media/images/74bae1c152c3d50c695f.png","0","0","0.9999999999984741","0","65536","0","0","ConvNeXt Satellite"
"qc_87_76","media/images/e88d2100b18fe0e9324c.png","media/images/dcdca09b68fa07224fbe.png","media/images/667e04b3edfa3aeef3c6.png","0.6791178365976582","0.8088983160119749","0.7948608398425371","28453","23639","10878","2566","ConvNeXt Satellite"
"qc_54_126","media/images/0277d8dda4a6f5b8e819.png","media/images/40d1e29faba160361bdc.png","media/images/88272b55a8811d8bbe3b.png","0","0","0.9545745849594809","0","62559","0","2977","ConvNeXt Satellite"
"qc_83_19","media/images/9d35499ffc51e45792dc.png","media/images/9ab708a4effdbf875b50.png","media/images/0b8ebda459e297fb5ba8.png","0","0","0.9999999999984741","0","65536","0","0","ConvNeXt Satellite"
"qc_100_56","media/images/0834903e15469310326d.png","media/images/95751f993af5bc7b63b8.png","media/images/d812f3c2caec94fd555f.png","0","0","0.9992370605453502","0","65486","50","0","ConvNeXt Satellite"
"qc_82_99","media/images/82ae2b01e5ff06021f1a.png","media/images/e466d6fc3e0116ec40b1.png","media/images/91275322e977f6a7c99e.png","0","0","0.9999999999984741","0","65536","0","0","ConvNeXt Satellite"
"qc_27_59","media/images/53b5c26e02e98c197620.png","media/images/3152c593681bf50fadb4.png","media/images/7f4592f6471c9c50080b.png","0","0","0.9999999999984741","0","65536","0","0","ConvNeXt Satellite"
"qc_54_34","media/images/a3b9bccdf7fa639a9cba.png","media/images/8b4cd0e4299c162e7e91.png","media/images/607c990cde602246cf2e.png","0","0","0.9999999999984741","0","65536","0","0","ConvNeXt Satellite"
"qc_58_45","media/images/02a12683e3ffd313e7fc.png","media/images/e8cee5da63cc33adb444.png","media/images/2312183b4251821f724d.png","0","0","0.9999999999984741","0","65536","0","0","ConvNeXt Satellite"
"qc_6_113","media/images/c1b4eabf4648101ac31c.png","media/images/403a961a27a3543cc316.png","media/images/f72688b26d45ea83e240.png","0.48638982713120626","0.6544579114889334","0.9605560302719718","2448","60503","680","1905","ConvNeXt Satellite"
"qc_60_134","media/images/36c146f1a92dd19b8402.png","media/images/eeb956c9874905a74821.png","media/images/15a41e2a90ee3b3e3a8c.png","0","0","0.9999999999984741","0","65536","0","0","ConvNeXt Satellite"
"qc_46_105","media/images/f80b3d1ece9c691441c9.png","media/images/fe0165aa839bb50a31ba.png","media/images/d5c1fb8dd8d7fe730b79.png","0.8073329109850543","0.893396961800923","0.9628753662094682","10195","52908","1458","975","ConvNeXt Satellite"
"qc_35_39","media/images/d147f3ae345f22a09e16.png","media/images/b685a962545b5a5c9156.png","media/images/5c09435afc6c1e509b71.png","0","0","0.9999999999984741","0","65536","0","0","ConvNeXt Satellite"
"qc_89_60","media/images/f1045e467c9e136832e3.png","media/images/16ff5a386e3ad3f94d24.png","media/images/809f69a5be91e976c00b.png","0.5804040665103377","0.7345008020402976","0.7027435302723651","26947","19108","12353","7128","ConvNeXt Satellite"
"qc_65_156","media/images/7afd7c4856b91aeccd0e.png","media/images/7d5e0e99324499d8e88f.png","media/images/e025457c89ed84877108.png","0","0","0.9999999999984741","0","65536","0","0","ConvNeXt Satellite"
"qc_91_70","media/images/44e71de93d22958f4318.png","media/images/49b3305faaf20cebf3fd.png","media/images/fdbba40ed85297919a64.png","0.35022818291822627","0.5187688417624321","0.4677276611320988","18802","11851","32876","2007","ConvNeXt Satellite"
"qc_71_40","media/images/2e841d00510898954cbe.png","media/images/9ab708a4effdbf875b50.png","media/images/0b8ebda459e297fb5ba8.png","0","0","0.9999999999984741","0","65536","0","0","ConvNeXt Satellite"
"qc_52_36","media/images/17d2a2d1b5198026186f.png","media/images/8ff4a687df4a5215382b.png","media/images/83f6ae8bc4717048bedd.png","0","0","0.9999999999984741","0","65536","0","0","ConvNeXt Satellite"
"qc_70_61","media/images/793b4607e2d8d864bb48.png","media/images/e6ff611ffc4a6c309417.png","media/images/f6fc0a4519e0bd3d48b5.png","0","0","0.9999999999984741","0","65536","0","0","ConvNeXt Satellite"
"qc_72_87","media/images/e0018183ed4c63dff0c8.png","media/images/629b14269570f82266f8.png","media/images/45ed6fbf3bce1a84201c.png","0","0","0.5996093749990851","0","39296","26240","0","ConvNeXt Satellite"
"qc_75_109","media/images/47c7adc72c354247872e.png","media/images/e589c66023c1987344ee.png","media/images/bff73a57703aa0968b03.png","0","0","0.9999999999984741","0","65536","0","0","ConvNeXt Satellite"
"qc_67_55","media/images/49d3e6989ac86d9816a6.png","media/images/fa2f2be66a3db6177aeb.png","media/images/d52bdcf3a28ab5d9f3dd.png","0","0","0.9999999999984741","0","65536","0","0","ConvNeXt Satellite"
"qc_44_51","media/images/be05d6a0ab6f2be9d0d0.png","media/images/0f5cbec1675c6d90a97b.png","media/images/dd5f3577edd477347ac3.png","0","0","0.9999999999984741","0","65536","0","0","ConvNeXt Satellite"
"qc_68_102","media/images/459d558e0270e07c23fa.png","media/images/6fb577c29cf2c22a2116.png","media/images/2d108b88236c387b9050.png","0","0","0.9999999999984741","0","65536","0","0","ConvNeXt Satellite"
"qc_20_119","media/images/23779797ef09b985fe05.png","media/images/7dc5cac0d3b2ca55776a.png","media/images/b515c96b7ba080a3a6b3.png","0","0","0.9999999999984741","0","65536","0","0","ConvNeXt Satellite"
"qc_38_125","media/images/885e266d391ed8dfc8da.png","media/images/8ae6bf5a9d72bd4c13e3.png","media/images/fb64620f2404a0733789.png","0","0","0.9999999999984741","0","65536","0","0","ConvNeXt Satellite"
"qc_106_44","media/images/f1af78f5e13ee8e011ca.png","media/images/73f5cb993403a9bff3fe.png","media/images/bf558144c84e9597f0d3.png","0","0","0.9999999999984741","0","65536","0","0","ConvNeXt Satellite"
"qc_57_144","media/images/c485bc3a61977aa79af9.png","media/images/22662f676c0a749bf97f.png","media/images/d9513253cbdf68f8c61e.png","0","0","0.9553985595688547","0","62613","2923","0","ConvNeXt Satellite"
"qc_101_84","media/images/3da2302cfb8376638ea9.png","media/images/992bd29b943b02cb59a4.png","media/images/eb6f68f442635b38cc2f.png","0","0","0.9999999999984741","0","65536","0","0","ConvNeXt Satellite"
"qc_11_130","media/images/07b4287920fd1d983fd5.png","media/images/eaa2e099afc48ffce1be.png","media/images/9a7316a8e76cad352ddb.png","0","0","0.9999999999984741","0","65536","0","0","ConvNeXt Satellite"
"qc_17_95","media/images/b719b30ab16b65b778b9.png","media/images/6a1e8de145666a4f497f.png","media/images/8df41143112eb5bd3bfb.png","0","0","0.9999999999984741","0","65536","0","0","ConvNeXt Satellite"
"qc_61_85","media/images/782161164a73111b1a9a.png","media/images/c00d7df80507d0c29a48.png","media/images/5193ed821f646dddfdd2.png","0","0","0.9999999999984741","0","65536","0","0","ConvNeXt Satellite"
"qc_76_64","media/images/8f179a09aebbc234d6cb.png","media/images/d193fd2c2d7086cf8a14.png","media/images/0fadc2d672d23ed37672.png","0","0","0.9999999999984741","0","65536","0","0","ConvNeXt Satellite"
"qc_38_60","media/images/c55d4d6bd0a642034a2b.png","media/images/06a6bbf9e75e2ac3aedc.png","media/images/fae8ffda312f32fb3a79.png","0","0","0.9999999999984741","0","65536","0","0","ConvNeXt Satellite"
"qc_29_79","media/images/bcaaf9f2e0d5e5c6aacd.png","media/images/32af393fcc823336c11d.png","media/images/2ffa61b4b1562bdb6f04.png","0","0","0.9991607666000379","0","65481","55","0","ConvNeXt Satellite"
"qc_63_145","media/images/baee807ae0bf67d94ad5.png","media/images/5a7458e0ead95196ba7c.png","media/images/be7ddf48a967f885d14a.png","0","0","0.9999999999984741","0","65536","0","0","ConvNeXt Satellite"
"qc_53_42","media/images/b483bfa2910d4555ac00.png","media/images/81a542cda2a621642632.png","media/images/43e1a31c453fe6acab1d.png","0","0","0.9999999999984741","0","65536","0","0","ConvNeXt Satellite"
"qc_67_146","media/images/b6b8ffc1dedbf70d6bd0.png","media/images/7ee52d20bbadee4b6ff0.png","media/images/e4e6519239339c760716.png","0","0","0.9999999999984741","0","65536","0","0","ConvNeXt Satellite"
"qc_80_78","media/images/6a64373aa512e5b0ef17.png","media/images/08915aafe0cad010f37e.png","media/images/18f36da134282e803548.png","0","0","0.9931640624984845","0","65088","0","448","ConvNeXt Satellite"
"qc_62_103","media/images/cfff90a088ff710690bb.png","media/images/4abf43d0087fb5202e89.png","media/images/74f38a0e0b9e227f3130.png","0","0","0.9999999999984741","0","65536","0","0","ConvNeXt Satellite"
"qc_61_82","media/images/e0ef7672639cefbd91b7.png","media/images/9ab708a4effdbf875b50.png","media/images/0b8ebda459e297fb5ba8.png","0","0","0.9999999999984741","0","65536","0","0","ConvNeXt Satellite"
"qc_83_61","media/images/883e865e189e3aa1480d.png","media/images/72e1f2e5de059c071377.png","media/images/a6dabe3c044d604462f7.png","0.04793117574568082","0.09147770822986546","0.9645385742172782","117","63095","0","2324","ConvNeXt Satellite"
"qc_104_37","media/images/f3dc812782a28cffc01a.png","media/images/9ab708a4effdbf875b50.png","media/images/0b8ebda459e297fb5ba8.png","0","0","0.9999999999984741","0","65536","0","0","ConvNeXt Satellite"
"qc_83_48","media/images/80bf2a5b6b5a6d15b4d6.png","media/images/9ab708a4effdbf875b50.png","media/images/0b8ebda459e297fb5ba8.png","0","0","0.9999999999984741","0","65536","0","0","ConvNeXt Satellite"
"qc_70_144","media/images/91d222fa90a171466439.png","media/images/cd7bc1c17d51f657fafa.png","media/images/7f67b52145e2cf0fa5f6.png","0","0","0.9999999999984741","0","65536","0","0","ConvNeXt Satellite"
"qc_91_63","media/images/205d70dc9e26f36c4e02.png","media/images/d76737f55ab6a437109a.png","media/images/d2c90d3b0c12107c22da.png","0.7704165710574471","0.8703223180070216","0.8320617675768553","36933","17597","8241","2765","ConvNeXt Satellite"
"qc_110_6","media/images/3cd890baa8647791924f.png","media/images/9ab708a4effdbf875b50.png","media/images/0b8ebda459e297fb5ba8.png","0","0","0.9999999999984741","0","65536","0","0","ConvNeXt Satellite"
"qc_59_114","media/images/d4c073a51ef4e8a2979e.png","media/images/e792310ef7d3b155de76.png","media/images/0533a8daacdfe26a7763.png","0","0","0.9999999999984741","0","65536","0","0","ConvNeXt Satellite"
"qc_58_64","media/images/b2cfe45ca30bd89967df.png","media/images/3d197e34cdb76e5969cb.png","media/images/56d32adba93d05321086.png","0","0","0.9999999999984741","0","65536","0","0","ConvNeXt Satellite"
"qc_53_105","media/images/944e06fe0b005222d327.png","media/images/db401730165d486713c1.png","media/images/1a3ee68e73cf37efda5f.png","0","0","0.9999999999984741","0","65536","0","0","ConvNeXt Satellite"
"qc_107_51","media/images/79582fcacb811982c8f6.png","media/images/9ab708a4effdbf875b50.png","media/images/0b8ebda459e297fb5ba8.png","0","0","0.9999999999984741","0","65536","0","0","ConvNeXt Satellite"
"qc_24_97","media/images/095f64a55fe4221ea454.png","media/images/199b2a44c14ee2124c95.png","media/images/60e1cc75980f65d889bb.png","0","0","0.9888458251938036","0","64805","0","731","ConvNeXt Satellite"
"qc_52_125","media/images/6630e36f91a3be64e9f1.png","media/images/a32c39d6acbc385943ff.png","media/images/58f0bf9d3063afc9fad2.png","0.8055675575532031","0.8923150054654488","0.9519348144516725","13051","49335","952","2198","ConvNeXt Satellite"
"qc_69_132","media/images/a295185019ac32a5d758.png","media/images/68578ca53e7d687a82e2.png","media/images/95efdef42adb942445be.png","0","0","0.9999999999984741","0","65536","0","0","ConvNeXt Satellite"
"qc_97_37","media/images/c70b852842af98263b2f.png","media/images/9ab708a4effdbf875b50.png","media/images/0b8ebda459e297fb5ba8.png","0","0","0.9999999999984741","0","65536","0","0","ConvNeXt Satellite"
"qc_33_121","media/images/2921a357141b26aaa8b2.png","media/images/07ff5a99541c20015c2c.png","media/images/89392823ddea40725185.png","0","0","0.9999999999984741","0","65536","0","0","ConvNeXt Satellite"
"qc_50_142","media/images/b3d27096844d239006aa.png","media/images/bc8bc7feeb210cafc6bd.png","media/images/daba732ce0469c62c20f.png","0","0","0.9653015136704021","0","63262","2274","0","ConvNeXt Satellite"
"qc_38_77","media/images/eee5b59ea41b96eba71e.png","media/images/ef45db33c4e1f762243a.png","media/images/9cc6d2e5393344af50bd.png","0","0","0.9947357177719196","0","65191","0","345","ConvNeXt Satellite"
"qc_47_77","media/images/b3e9f5d8a3c2523f4e85.png","media/images/01140358ce664e8f6b3b.png","media/images/0e96b6338bbc2e09978d.png","0.09339759219732284","0.17083919690302832","0.2737884521480197","4903","13040","47350","243","ConvNeXt Satellite"
"qc_16_118","media/images/59032fe3bbfd9c29b713.png","media/images/bbc13a0eea4e39cd1201.png","media/images/38d30ec21e16e73c60ba.png","0","0","0.9999999999984741","0","65536","0","0","ConvNeXt Satellite"
"qc_52_44","media/images/1e8d05f43072272cb3e1.png","media/images/8af51becb58da7d539d2.png","media/images/b5850882fe01a1e9e387.png","0","0","0.9999999999984741","0","65536","0","0","ConvNeXt Satellite"
"qc_39_136","media/images/da61a298d59554e6f36e.png","media/images/a57924b49b74cdc63ac1.png","media/images/4a4bbb211bac57cb0dd0.png","0","0","0.9999999999984741","0","65536","0","0","ConvNeXt Satellite"
"qc_54_77","media/images/e61ca3fe49cf97ba09ea.png","media/images/2fd9c0e8b70705c9913a.png","media/images/54eed46be1dc8f530291.png","0.4020722183530343","0.5735399058931677","0.8820037841783417","5200","52603","2509","5224","ConvNeXt Satellite"
"qc_83_84","media/images/69987b91e7c335486f8b.png","media/images/b4f9ad6a999489b47550.png","media/images/91739a4e31685b91e32a.png","0","0","0.9999999999984741","0","65536","0","0","ConvNeXt Satellite"
"qc_56_66","media/images/53fff7d53ff83a7a40da.png","media/images/e21bb553379dcf4d758b.png","media/images/a8577044f6ea3586321d.png","0","0","0.9999999999984741","0","65536","0","0","ConvNeXt Satellite"
"qc_68_100","media/images/3282b2011dd43c0522ed.png","media/images/d0374dc5c8dcdef0e9a1.png","media/images/9fa6c0705b0a50373a5f.png","0","0","0.9999999999984741","0","65536","0","0","ConvNeXt Satellite"
"qc_105_59","media/images/b77997f2db347739e9e4.png","media/images/0b7f0cd99a9e9ff7e858.png","media/images/750b9f1bf13733266773.png","0","0","0.9999999999984741","0","65536","0","0","ConvNeXt Satellite"
"qc_38_72","media/images/ce6d2071c0116c58fc96.png","media/images/71c778efc3f4a953ca00.png","media/images/a3083cf423a8eba0eaa9.png","0","0","0.9999999999984741","0","65536","0","0","ConvNeXt Satellite"
"qc_65_123","media/images/286044b716cf1d5da691.png","media/images/a4df8fdf0a5291df81c0.png","media/images/90c399eb49580de60c18.png","0","0","0.9999999999984741","0","65536","0","0","ConvNeXt Satellite"
"qc_26_50","media/images/6d32f6304e89fb5a7636.png","media/images/25f16a2ac33fc4fae689.png","media/images/22a5daae0af68a766bf4.png","0","0","0.9999999999984741","0","65536","0","0","ConvNeXt Satellite"
"qc_61_104","media/images/928ee9cee5fae5248c85.png","media/images/90857b109372cb8a5d87.png","media/images/d1c45b35edfb157f0593.png","0","0","0.9999999999984741","0","65536","0","0","ConvNeXt Satellite"
"qc_81_61","media/images/cb078df542e25f909537.png","media/images/f1f0a6a97d3a0049bb0d.png","media/images/88d97abeeeea062eb06f.png","0","0","0.9999999999984741","0","65536","0","0","ConvNeXt Satellite"
"qc_111_10","media/images/4081c64bead3d1809a0c.png","media/images/9ab708a4effdbf875b50.png","media/images/0b8ebda459e297fb5ba8.png","0","0","0.9999999999984741","0","65536","0","0","ConvNeXt Satellite"
"qc_72_57","media/images/ebe8a0334bac706a5174.png","media/images/3af4238cc62cff3de1fc.png","media/images/21bfecf505901c308b78.png","0","0","0.995803833006293","0","65261","275","0","ConvNeXt Satellite"
"qc_10_111","media/images/e08fc72e8d6a769a1a57.png","media/images/1eac0270ada9efb33540.png","media/images/f81a98c87a0700be6318.png","0","0","0.9999999999984741","0","65536","0","0","ConvNeXt Satellite"
"qc_28_99","media/images/f6468fefb13c780e5cf4.png","media/images/b41d6a608626a2186d50.png","media/images/748b2c43f96d47405b34.png","0","0","0.9999999999984741","0","65536","0","0","ConvNeXt Satellite"
"qc_100_75","media/images/afdf3db4d4a4f1c1fa0f.png","media/images/fb406e19087ac33c508c.png","media/images/8adf14007bf48d61bdd9.png","0","0","0.9999999999984741","0","65536","0","0","ConvNeXt Satellite"
"qc_34_119","media/images/7b970e96bff9b00140f3.png","media/images/eaf5b2702a66cb03b17f.png","media/images/5ac63cb4c8e4ceb96f7a.png","0","0","0.9999999999984741","0","65536","0","0","ConvNeXt Satellite"
"qc_63_58","media/images/b3554c69f4ef60a3ab40.png","media/images/18b6180215584827ca00.png","media/images/6860dae012cb0f5af027.png","0","0","0.9999999999984741","0","65536","0","0","ConvNeXt Satellite"
"qc_36_131","media/images/45f724aabe5f085d953d.png","media/images/2c55fac8bf8bb1bcb9cc.png","media/images/668f7a2256a50fe9914c.png","0","0","0.9999999999984741","0","65536","0","0","ConvNeXt Satellite"
"qc_5_124","media/images/6468976e06c8b6fedb9c.png","media/images/77d0bcd63d26ac641870.png","media/images/8d8afd93d3a174e4d80e.png","0","0","0.9999999999984741","0","65536","0","0","ConvNeXt Satellite"
"qc_59_159","media/images/faaddd074251ce925be7.png","media/images/fbf05cb67afa3db19e27.png","media/images/860c36f0b84e7f50d5a7.png","0","0","0.9999999999984741","0","65536","0","0","ConvNeXt Satellite"
"qc_30_97","media/images/7fab9d599154283b591a.png","media/images/8b0a0f3da8c491e83c75.png","media/images/216eb1aef06ed0ac8944.png","0","0","0.9999999999984741","0","65536","0","0","ConvNeXt Satellite"
"qc_42_58","media/images/76869ef58e2faa49b8c0.png","media/images/c8157d7fb8d04b554eb0.png","media/images/b56c239e7ea8c6929d37.png","0","0","0.9666595458969625","0","63351","2185","0","ConvNeXt Satellite"
"qc_109_44","media/images/35665c1b7831b35034b1.png","media/images/1572df5a0db2845dd3ad.png","media/images/3494b75aa63e7f029958.png","0","0","0.9999999999984741","0","65536","0","0","ConvNeXt Satellite"
"qc_40_142","media/images/27ec7c8399f117a6ee41.png","media/images/da8893481aedd99e955d.png","media/images/033eea7f7245bd9ecb7f.png","0","0","0.9999999999984741","0","65536","0","0","ConvNeXt Satellite"
"qc_28_53","media/images/a38f78472ea93311a22f.png","media/images/9832c88670273a629ebf.png","media/images/c419095fbc8f94dae17c.png","0","0","0.9986267089828512","0","65446","90","0","ConvNeXt Satellite"
"qc_91_39","media/images/5e11e347f080f02c0de1.png","media/images/9ab708a4effdbf875b50.png","media/images/0b8ebda459e297fb5ba8.png","0","0","0.9999999999984741","0","65536","0","0","ConvNeXt Satellite"
"qc_1_128","media/images/bad9a5801e42abc54422.png","media/images/4c8fb7271adc96a813e9.png","media/images/85f96ebb2d8810817aaf.png","0","0","0.9999999999984741","0","65536","0","0","ConvNeXt Satellite"
"qc_101_25","media/images/89c64ce2fa159224eaad.png","media/images/9ab708a4effdbf875b50.png","media/images/0b8ebda459e297fb5ba8.png","0","0","0.9999999999984741","0","65536","0","0","ConvNeXt Satellite"
"qc_61_79","media/images/578689415c95591795f4.png","media/images/36a530be04f7c489b1de.png","media/images/f98e57890a612d943c3e.png","0","0","0.9999999999984741","0","65536","0","0","ConvNeXt Satellite"
"qc_53_84","media/images/f8efd728f42181901a07.png","media/images/c05f8520cb8f17b0e322.png","media/images/8c6374c0ba315ac0f62c.png","0","0","0.9999999999984741","0","65536","0","0","ConvNeXt Satellite"
"qc_31_72","media/images/4922c7ff8cadd0a56809.png","media/images/652f8424c2edcd581e76.png","media/images/3bd45518adac00bf89df.png","0","0","0.9999999999984741","0","65536","0","0","ConvNeXt Satellite"
"qc_37_89","media/images/dd0c8f0b974ecbe60684.png","media/images/e03edf5bc642a9b11c4b.png","media/images/a8e1465dbc8c33f25c35.png","0","0","0.9999999999984741","0","65536","0","0","ConvNeXt Satellite"
"qc_48_108","media/images/17a9c5d4a4d54e4e92c8.png","media/images/7613af6d3a591351864b.png","media/images/78bc04f8f783998e2039.png","0","0","0.9999999999984741","0","65536","0","0","ConvNeXt Satellite"
"qc_28_120","media/images/6387ab33b699020f85df.png","media/images/6d73b39db4fb6d9c5c99.png","media/images/cd218ef26b7f6591cf0a.png","0","0","0.9999999999984741","0","65536","0","0","ConvNeXt Satellite"
"qc_70_66","media/images/f9d5668f4d80e84a6f51.png","media/images/932694f710057d3ec114.png","media/images/4247d6e134e1730a2853.png","0.7179574006951408","0.8358267304055654","0.8729095458971056","21202","36005","7743","586","ConvNeXt Satellite"
"qc_45_41","media/images/e333bfa779981ff089d4.png","media/images/781b267237acbaafbf2e.png","media/images/536007caf83571a83491.png","0","0","0.9999999999984741","0","65536","0","0","ConvNeXt Satellite"
"qc_51_53","media/images/60451ea50248ff109e98.png","media/images/06ec0e1fd98bcbfe99e6.png","media/images/26e6ddc093e3e8f0d30b.png","0","0","0.9999999999984741","0","65536","0","0","ConvNeXt Satellite"
"qc_18_128","media/images/4cefcce4dbd9153a2dfd.png","media/images/0b9d1cba06a7a683c704.png","media/images/02d1be58e0d59aced115.png","0","0","0.9999999999984741","0","65536","0","0","ConvNeXt Satellite"
"qc_58_96","media/images/6652349f3c1089e21976.png","media/images/42c69ca295a7dbcd52d1.png","media/images/722f9ad3a0c96bac46a4.png","0.38562091500747575","0.5566037305106832","0.985656738279746","590","64006","74","866","ConvNeXt Satellite"
"qc_88_83","media/images/985a51be5fe46f69a001.png","media/images/f2752159427279475a86.png","media/images/541824d5c21ef6197a2f.png","0","0","0.9999999999984741","0","65536","0","0","ConvNeXt Satellite"
"qc_26_144","media/images/e98194eb5b28f2797190.png","media/images/3ff522fd3409d1953bd8.png","media/images/324aa61c201ace4652f6.png","0","0","0.969940185545395","0","63566","319","1651","ConvNeXt Satellite"
"qc_55_78","media/images/04f5ad3febac927e3e1e.png","media/images/512fa49f1a7bbec436f8.png","media/images/152fe7d23923006dff0f.png","0","0","0.9999999999984741","0","65536","0","0","ConvNeXt Satellite"
"qc_101_32","media/images/2be89b42097d797617a5.png","media/images/9ab708a4effdbf875b50.png","media/images/0b8ebda459e297fb5ba8.png","0","0","0.9999999999984741","0","65536","0","0","ConvNeXt Satellite"
"qc_48_115","media/images/f1d14d0f3971d8b6b45e.png","media/images/7b1165140aedcad52774.png","media/images/0e73a46a6ef69dcb2d23.png","0","0","0.9999999999984741","0","65536","0","0","ConvNeXt Satellite"
"qc_52_134","media/images/3cce8cdb278398378b0b.png","media/images/ebc24bbd4fad0cd23700.png","media/images/285c0b2223c199737fa9.png","0","0","0.9999999999984741","0","65536","0","0","ConvNeXt Satellite"
"qc_83_146","media/images/510eb4b7581ac4d757f2.png","media/images/2c738e0703df2649dcf0.png","media/images/6637fc91302909709bba.png","0","0","0.9999999999984741","0","65536","0","0","ConvNeXt Satellite"
"qc_61_120","media/images/3da6df7121d41e50f090.png","media/images/6f9ba7f1fb80258ef6f8.png","media/images/33ce0b1d4c1ef38250ed.png","0.4851922696360056","0.6533729574752398","0.8809051513658434","7356","50375","4934","2871","ConvNeXt Satellite"
"qc_64_46","media/images/c642d7458d3e6fb849b3.png","media/images/5b7cfa08efdb83b331a7.png","media/images/44bea1a34a45e5f8112f.png","0","0","0.9999999999984741","0","65536","0","0","ConvNeXt Satellite"
"qc_47_125","media/images/f0c8315b40001f1b196e.png","media/images/a4071adbf6168e601e23.png","media/images/362e97e3ec2536211c73.png","0","0","0.9999999999984741","0","65536","0","0","ConvNeXt Satellite"
"qc_33_133","media/images/8ad6a232bdf8f0af6478.png","media/images/6274af45cb3962fd0a90.png","media/images/7f68fce7e3f20f7555fb.png","0","0","0.9999999999984741","0","65536","0","0","ConvNeXt Satellite"
"qc_90_35","media/images/50b068753e075a4c7953.png","media/images/9ab708a4effdbf875b50.png","media/images/0b8ebda459e297fb5ba8.png","0","0","0.9999999999984741","0","65536","0","0","ConvNeXt Satellite"
"qc_90_78","media/images/841c040808edc31b5690.png","media/images/0152b28f5bd2a011f73e.png","media/images/626e0fc857b82f39da93.png","0","0","0.9999999999984741","0","65536","0","0","ConvNeXt Satellite"
"qc_93_47","media/images/b261458b9a1aed1b12cf.png","media/images/9ab708a4effdbf875b50.png","media/images/0b8ebda459e297fb5ba8.png","0","0","0.9999999999984741","0","65536","0","0","ConvNeXt Satellite"
"qc_27_118","media/images/b132c315e2544d1ba5f4.png","media/images/b1f7988ddab2abf40838.png","media/images/b75c06c9e791108e6bba.png","0","0","0.9999999999984741","0","65536","0","0","ConvNeXt Satellite"
"qc_64_100","media/images/f0acf26c34d69fbf8a40.png","media/images/675952f63fdc7b508a57.png","media/images/efaa55df86014a6c8206.png","0","0","0.9999999999984741","0","65536","0","0","ConvNeXt Satellite"
"qc_31_66","media/images/4162d335f374398bb2dd.png","media/images/2a96c964730494afb3ed.png","media/images/82ebbbea0131f4be484c.png","0","0","0.9999999999984741","0","65536","0","0","ConvNeXt Satellite"
"qc_54_71","media/images/26f02427e57b21b4da4d.png","media/images/7be042ef9886a6ee4349.png","media/images/277a84b3831a4c01ec48.png","0.9181969515660453","0.95735414748165","0.9520111083969849","35301","27090","2403","742","ConvNeXt Satellite"
"qc_75_91","media/images/89cf23ba90dfd87e75ed.png","media/images/4a01307306c71581e9bc.png","media/images/df603796aef54c05c218.png","0","0","0.9051055908189314","0","59317","6219","0","ConvNeXt Satellite"
"qc_69_48","media/images/3028da5a8ea4a013607b.png","media/images/224233ca3bb75740c2a1.png","media/images/90819042ed1e98870d44.png","0","0","0.9999999999984741","0","65536","0","0","ConvNeXt Satellite"
"qc_56_36","media/images/743f86d1d5e7ad1cff91.png","media/images/6928b8295fa5831db269.png","media/images/d80c554b1f858e5ba041.png","0","0","0.9999999999984741","0","65536","0","0","ConvNeXt Satellite"
"qc_25_99","media/images/263617594ed8e25357dc.png","media/images/b6dd52e3701c56c03b73.png","media/images/8a5e686d341809647b73.png","0","0","0.9999999999984741","0","65536","0","0","ConvNeXt Satellite"
"qc_78_155","media/images/73e72d6552189ba933bb.png","media/images/3675f92fce5d9d058b45.png","media/images/8c47257c7b6a3e8ccea9.png","0","0","0.9999999999984741","0","65536","0","0","ConvNeXt Satellite"
"qc_84_42","media/images/49a998d503f4b5365e22.png","media/images/9ab708a4effdbf875b50.png","media/images/0b8ebda459e297fb5ba8.png","0","0","0.9999999999984741","0","65536","0","0","ConvNeXt Satellite"
"qc_74_54","media/images/c5d685b36c61209750f9.png","media/images/9ab708a4effdbf875b50.png","media/images/0b8ebda459e297fb5ba8.png","0","0","0.9999999999984741","0","65536","0","0","ConvNeXt Satellite"
"qc_109_64","media/images/bd3a5f9facf18c92cca6.png","media/images/9ab708a4effdbf875b50.png","media/images/0b8ebda459e297fb5ba8.png","0","0","0.9999999999984741","0","65536","0","0","ConvNeXt Satellite"
"qc_35_92","media/images/1521e3defc81885b9b94.png","media/images/e434382b5e9306f3bbb8.png","media/images/cf59304e4d1515cb78af.png","0","0","0.9999999999984741","0","65536","0","0","ConvNeXt Satellite"
"qc_79_111","media/images/2feb00af8f14b578d700.png","media/images/f2ccd91837295993cf40.png","media/images/019c03e9aa4e9ea606fe.png","0","0","0.9999999999984741","0","65536","0","0","ConvNeXt Satellite"
"qc_47_122","media/images/f6880cdb7a28af3ad9bd.png","media/images/10ab3fd458c2dcbf7f9b.png","media/images/521c6711869f159ae3f7.png","0","0","0.9999999999984741","0","65536","0","0","ConvNeXt Satellite"
"qc_76_51","media/images/e1f871acb43489d4c1e5.png","media/images/9ab708a4effdbf875b50.png","media/images/0b8ebda459e297fb5ba8.png","0","0","0.9999999999984741","0","65536","0","0","ConvNeXt Satellite"
"qc_33_54","media/images/77f9c2e011933dbdcffe.png","media/images/5537088f2d19cfefb468.png","media/images/d819ff54d65f3395ae99.png","0","0","0.9993133544906626","0","65491","45","0","ConvNeXt Satellite"
"qc_65_105","media/images/49d2b9e51085b0314cc3.png","media/images/f87031ab45d41da47a86.png","media/images/90510f01ada060557917.png","0","0","0.9999999999984741","0","65536","0","0","ConvNeXt Satellite"
"qc_49_82","media/images/278fd002eeb626e3bb4f.png","media/images/813a6831e8958edef279.png","media/images/1120c7153e2602ccab92.png","0.9121928454742839","0.9540803375103831","0.925354003904838","50821","9823","3756","1136","ConvNeXt Satellite"
"qc_90_73","media/images/025781a0854dbee9b75e.png","media/images/9bf342ea2ba500b5a276.png","media/images/b11ff18cf079acb2a409.png","0","0","0.9999999999984741","0","65536","0","0","ConvNeXt Satellite"
"qc_61_33","media/images/5a1415cb4273d8dc84ed.png","media/images/d3bae487cef5a3ffc298.png","media/images/0aeae9244a01c8d47a72.png","0","0","0.9999999999984741","0","65536","0","0","ConvNeXt Satellite"
"qc_27_117","media/images/765afbbf23398ac8d0ac.png","media/images/eab6a122fb1f517ff704.png","media/images/f4b17f07c32914c8347c.png","0","0","0.9999999999984741","0","65536","0","0","ConvNeXt Satellite"
"qc_45_114","media/images/69951f094d386aafab1b.png","media/images/c82c4e1bdffeb8f2ceb1.png","media/images/e332f8bf88cf21ce688a.png","0","0","0.9999999999984741","0","65536","0","0","ConvNeXt Satellite"
"qc_41_49","media/images/41817c5d517daa42c622.png","media/images/df1e03d8ead8c13a1f8f.png","media/images/75cad237b3123b54783e.png","0","0","0.779876708983185","0","51110","0","14426","ConvNeXt Satellite"
"qc_21_54","media/images/64e2cdb46759f607a16d.png","media/images/efbd33784ce01ac6c30c.png","media/images/e45b9964b127e9fb2a8f.png","0","0","0.9008789062486253","0","59040","6496","0","ConvNeXt Satellite"
"qc_102_42","media/images/5ae7551bfb0b52e78baf.png","media/images/c1c89969e0308596b873.png","media/images/5854744b19d6387288f0.png","0","0","0.9999999999984741","0","65536","0","0","ConvNeXt Satellite"
"qc_64_32","media/images/f54f6bb54ae004b4e530.png","media/images/40e1c995d34aa75a52d5.png","media/images/de5432573c54e1c8a759.png","0.855504171198641","0.9221257899622408","0.9027404785142475","37738","21424","3856","2518","ConvNeXt Satellite"
"qc_62_99","media/images/22d3336625dba9cbcbdf.png","media/images/ee343bc150022b736a76.png","media/images/2c919dbbb0a13e1a6aea.png","0","0","0.9999999999984741","0","65536","0","0","ConvNeXt Satellite"
"qc_96_26","media/images/c50b89107e27c3c7af19.png","media/images/9ab708a4effdbf875b50.png","media/images/0b8ebda459e297fb5ba8.png","0","0","0.9999999999984741","0","65536","0","0","ConvNeXt Satellite"
"qc_37_38","media/images/0cd7d680bc5a6d7b2f63.png","media/images/9868354bd88ef735b0da.png","media/images/643bda71f8bc88285a3f.png","0","0","0.9999999999984741","0","65536","0","0","ConvNeXt Satellite"
"qc_85_52","media/images/05b6664707ec8d45fa30.png","media/images/9ab708a4effdbf875b50.png","media/images/0b8ebda459e297fb5ba8.png","0","0","0.9999999999984741","0","65536","0","0","ConvNeXt Satellite"
"qc_46_114","media/images/7a39d780ea567442d70b.png","media/images/7a086ca2f247d8bdec93.png","media/images/4b9de67d4eddb672b9fa.png","0","0","0.9999999999984741","0","65536","0","0","ConvNeXt Satellite"
"qc_30_60","media/images/ff5412b7e4a8b8c65c08.png","media/images/9f98168909b3e5b42803.png","media/images/b043078fc370b3648d12.png","0","0","0.7771606445300642","0","50932","14604","0","ConvNeXt Satellite"
"qc_53_107","media/images/cb2b10c799043cdf7001.png","media/images/51eaaed7d0823607fd8b.png","media/images/da3f48bd06e3339f699c.png","0","0","0.9999999999984741","0","65536","0","0","ConvNeXt Satellite"
"qc_66_134","media/images/6a4909dab7e524cee484.png","media/images/e412ddd6249bf6297ebd.png","media/images/82ca2586f21fe78de539.png","0","0","0.9999999999984741","0","65536","0","0","ConvNeXt Satellite"
"qc_20_86","media/images/8fdaf39b52f1eff48314.png","media/images/4eaa14411dac756cf86e.png","media/images/76eb09e096612d29d61c.png","0.6675944569426294","0.8006675883048989","0.9143524169907923","11273","48650","4763","850","ConvNeXt Satellite"
"qc_86_94","media/images/a1a557f9d8281cd4e763.png","media/images/d8df1d2f04c61d6ff8a9.png","media/images/fd4968b0f2c71df1645d.png","0","0","0.9999999999984741","0","65536","0","0","ConvNeXt Satellite"
"qc_71_52","media/images/c9f3fa78af878f8e426f.png","media/images/8ac0821cbed5a3a22dbb.png","media/images/1d800b3e7ab756dd83fb.png","0","0","0.9999999999984741","0","65536","0","0","ConvNeXt Satellite"
"qc_69_133","media/images/2ff78ea3fecf9224108f.png","media/images/160df0026eabe9e12966.png","media/images/00273237cceb4bc6c270.png","0","0","0.9999999999984741","0","65536","0","0","ConvNeXt Satellite"
"qc_31_119","media/images/f8430982d85a592b4697.png","media/images/13667173eaaea405aa2e.png","media/images/3bc5f2a56592a7054d4e.png","0","0","0.9999999999984741","0","65536","0","0","ConvNeXt Satellite"
"qc_70_113","media/images/c19e8c9132236f0c1a27.png","media/images/067e5d06e2b2b197e53a.png","media/images/f60ed22b23b8bff46417.png","0.7448275861878716","0.8537548917009106","0.9847564697250599","2916","61621","986","13","ConvNeXt Satellite"
"qc_71_75","media/images/87ff6791d883e3c6662b.png","media/images/1a559294a9169cc8ba5d.png","media/images/852e15ba3fee25311c28.png","0","0","0.9999999999984741","0","65536","0","0","ConvNeXt Satellite"
"qc_29_72","media/images/fa3aa1cca5f49614c6c4.png","media/images/29bdb6e3b9f676512da1.png","media/images/eedb3af0d43018fa18a6.png","0","0","0.9999999999984741","0","65536","0","0","ConvNeXt Satellite"
"qc_53_75","media/images/7cb059cf483ef3469748.png","media/images/24539f62c4ddd930eb87.png","media/images/eb52b9da14841705d022.png","0","0","0.7495574951160437","0","49123","16413","0","ConvNeXt Satellite"
"qc_25_101","media/images/f3251c054c229037a44f.png","media/images/61d1f8c7fafec40d9e46.png","media/images/130d6655727ee3765da1.png","0","0","0.9999999999984741","0","65536","0","0","ConvNeXt Satellite"
"qc_108_31","media/images/75de345c1ed1edc873f2.png","media/images/2637157d536bde94444b.png","media/images/b3aec376488a9f94b2cb.png","0","0","0.9999999999984741","0","65536","0","0","ConvNeXt Satellite"
"qc_23_88","media/images/93caae5f631ba6f60fd7.png","media/images/ffba49de03776262ffba.png","media/images/0573ad2792cd67189a18.png","0","0","0.99775695800629","0","65389","147","0","ConvNeXt Satellite"
"qc_11_128","media/images/be36e363833f1281ef27.png","media/images/0ffe5039e084b6eb46c8.png","media/images/52e457aa753668eec5c8.png","0","0","0.9999999999984741","0","65536","0","0","ConvNeXt Satellite"
"qc_74_43","media/images/7f1bd3123a87ce49df73.png","media/images/9ab708a4effdbf875b50.png","media/images/0b8ebda459e297fb5ba8.png","0","0","0.9999999999984741","0","65536","0","0","ConvNeXt Satellite"
"qc_48_66","media/images/825caf5afe5ba2d8d0e1.png","media/images/158b9837a00eb009bf40.png","media/images/fd09373e500677430295.png","0","0","0.9999999999984741","0","65536","0","0","ConvNeXt Satellite"
"qc_52_131","media/images/3f0d038699fbb06ec94d.png","media/images/ceb64f7a06a5b36c86bf.png","media/images/91e4f47f52fab8780f7c.png","0","0","0.9999999999984741","0","65536","0","0","ConvNeXt Satellite"
"qc_86_45","media/images/d4255b39819381f2c1f8.png","media/images/9ab708a4effdbf875b50.png","media/images/0b8ebda459e297fb5ba8.png","0","0","0.9999999999984741","0","65536","0","0","ConvNeXt Satellite"
"qc_6_109","media/images/78060e34b0dba2a0c8cf.png","media/images/68484886773b4c341589.png","media/images/bdc9f17ab9b3fe6ab599.png","0","0","0.9999999999984741","0","65536","0","0","ConvNeXt Satellite"
"qc_25_85","media/images/f6dfc23374aa338bc79f.png","media/images/e9876ea92cf99f50ad7b.png","media/images/c015164b77968eb1d162.png","0.3121963913935106","0.4758378689677838","0.7580261230457184","7198","42480","145","15713","ConvNeXt Satellite"
"qc_69_34","media/images/875e1ddb0398bb21780d.png","media/images/6e0a4c1830b5d3a8369e.png","media/images/c7b5136afd6648070515.png","0","0","0.9999999999984741","0","65536","0","0","ConvNeXt Satellite"
"qc_34_42","media/images/6b65b129c220c1b6dcad.png","media/images/9f93294ea8ec6ca88201.png","media/images/32983d3bc5daabf3063c.png","0","0","0.9999999999984741","0","65536","0","0","ConvNeXt Satellite"
"qc_13_121","media/images/64f40ee8d2d22f2c67ef.png","media/images/3dc41cd3fddb9b45954b.png","media/images/20be6058e8e95555ab59.png","0","0","0.9999999999984741","0","65536","0","0","ConvNeXt Satellite"
"qc_51_37","media/images/87e052a40387e986286f.png","media/images/63a908856ce4d2cdea4e.png","media/images/a1ccfa5f2eb769355317.png","0.1329330755397275","0.23467063689612355","0.6099548339834443","3919","36055","25326","236","ConvNeXt Satellite"
"qc_78_90","media/images/b46188cd2744058e445d.png","media/images/05aed6c6f2a34115d759.png","media/images/a345744cf94003061c2e.png","0","0","0.6895599365223853","0","45191","20345","0","ConvNeXt Satellite"
"qc_59_74","media/images/d31a37c63fa982e57376.png","media/images/0602927ac45683bdeb17.png","media/images/c169ac9fe4e7da1e3078.png","0","0","0.9740447998032012","0","63835","1701","0","ConvNeXt Satellite"
"qc_102_79","media/images/a1f8b6e4d4577497a45e.png","media/images/ae69e509bcf3988523ad.png","media/images/2bc4ea3d8673c8b14439.png","0","0","0.9999999999984741","0","65536","0","0","ConvNeXt Satellite"
"qc_45_126","media/images/96120eb71fbad78c26f1.png","media/images/c0ed55902ae8a8cc3a04.png","media/images/a1005df5cb65b57fdd02.png","0","0","0.9999999999984741","0","65536","0","0","ConvNeXt Satellite"
"qc_25_92","media/images/cd6288dbb974575ca645.png","media/images/1f98e0c863f9ea6af485.png","media/images/43de9047eebf641809d4.png","0","0","0.9999999999984741","0","65536","0","0","ConvNeXt Satellite"
"qc_41_123","media/images/5cd9836248109efa0ae2.png","media/images/1bd5f0c0c84f01cc0f9a.png","media/images/fabf06ab46b066d08881.png","0","0","0.9999999999984741","0","65536","0","0","ConvNeXt Satellite"
"qc_41_77","media/images/786712e0290f0117f055.png","media/images/0f41e562da16b59ff0e7.png","media/images/99d81831a7c8b4280eec.png","0.7552868843987801","0.860585067142697","0.8190155029284377","36608","17067","8125","3736","ConvNeXt Satellite"
"qc_52_110","media/images/b2ea530276cfc3968176.png","media/images/6d17639c5aeb77879e9d.png","media/images/5cd4a237ff49e04dda85.png","0","0","0.9999999999984741","0","65536","0","0","ConvNeXt Satellite"
"qc_46_108","media/images/18e932eb09297a7de2da.png","media/images/6c00ed6150816ebf0179.png","media/images/2423c59a1e74858c4673.png","0","0","0.9999999999984741","0","65536","0","0","ConvNeXt Satellite"
"qc_93_59","media/images/168320fdda7d542c15f8.png","media/images/c05c45b94de38ec10d9e.png","media/images/fade6588f6b73dfb450c.png","0","0","0.9999999999984741","0","65536","0","0","ConvNeXt Satellite"
"qc_76_91","media/images/82ca6af2b7d2ac30f5bd.png","media/images/c3747518090bf4ecbd26.png","media/images/4262ec943955323cb0ad.png","0","0","0.9999999999984741","0","65536","0","0","ConvNeXt Satellite"
"qc_103_48","media/images/98bc7d36978c1fd76b2c.png","media/images/278f04e561063272881b.png","media/images/046bf91326db701cb5f9.png","0.6231158513342137","0.7678020159371202","0.7886352539050466","22902","28782","10618","3234","ConvNeXt Satellite"
"qc_19_85","media/images/f8fc46c4e7018d414644.png","media/images/55eab0fc8ebc6159513c.png","media/images/b79228a20855afa1aa7c.png","0","0","0.9999999999984741","0","65536","0","0","ConvNeXt Satellite"
"qc_97_41","media/images/58ca55277358b2be5524.png","media/images/9ab708a4effdbf875b50.png","media/images/0b8ebda459e297fb5ba8.png","0","0","0.9999999999984741","0","65536","0","0","ConvNeXt Satellite"
"qc_71_38","media/images/5d2b4ef12ba6c5875241.png","media/images/9ab708a4effdbf875b50.png","media/images/0b8ebda459e297fb5ba8.png","0","0","0.9999999999984741","0","65536","0","0","ConvNeXt Satellite"
"qc_44_69","media/images/2ac101f890e051ff84e4.png","media/images/0ea75610d6ccb4d33fe9.png","media/images/e99df2d64614becfa95d.png","0","0","0.9999999999984741","0","65536","0","0","ConvNeXt Satellite"
"qc_47_100","media/images/de9f021a8b4ba81fd9de.png","media/images/5f5d92c943fdfa1778f0.png","media/images/9edddda4823d337f2f73.png","0","0","0.9999999999984741","0","65536","0","0","ConvNeXt Satellite"
"qc_78_68","media/images/e43f4940cadf00a28840.png","media/images/0d8106fefa385d635ecf.png","media/images/9887dbc7950d52f3a5f7.png","0","0","0.4158935546868654","0","27256","38280","0","ConvNeXt Satellite"
"qc_67_67","media/images/d2269c04a795f61b4946.png","media/images/84fea7d2a67faa5148eb.png","media/images/0da94813deeb24f55ada.png","0","0","0.9999999999984741","0","65536","0","0","ConvNeXt Satellite"
"qc_23_56","media/images/497230ff4b18e22c74c7.png","media/images/068894ff3ce885bed723.png","media/images/9f5f8db5feb64b0bda06.png","0","0","0.9999999999984741","0","65536","0","0","ConvNeXt Satellite"
"qc_87_55","media/images/99ff4ed168a3964e5bf7.png","media/images/a8028adc338611addb8a.png","media/images/59d9f8b57533b643e80b.png","0.28408568803042705","0.4424714940992728","0.619583129881867","9893","30712","15364","9567","ConvNeXt Satellite"
"qc_3_124","media/images/61e4d72f7fad290372ae.png","media/images/ff984de6eebe7c4e67e9.png","media/images/971135870e69356622b8.png","0","0","0.9999999999984741","0","65536","0","0","ConvNeXt Satellite"
"qc_117_2","media/images/e89060714aab4467f185.png","media/images/9ab708a4effdbf875b50.png","media/images/0b8ebda459e297fb5ba8.png","0","0","0.9999999999984741","0","65536","0","0","ConvNeXt Satellite"
"qc_4_111","media/images/af4fa94dcc8457130137.png","media/images/81413cfaa97e4f672bcd.png","media/images/8dffbadac4ac696f9068.png","0","0","0.9999999999984741","0","65536","0","0","ConvNeXt Satellite"
"qc_61_51","media/images/b9b3ae5874703a70c2f6.png","media/images/f26e46be2047a87adff5.png","media/images/db477f5c45493aefb72f.png","0","0","0.9999999999984741","0","65536","0","0","ConvNeXt Satellite"
"qc_86_16","media/images/c5e4e8269309b506ae5f.png","media/images/9ab708a4effdbf875b50.png","media/images/0b8ebda459e297fb5ba8.png","0","0","0.9999999999984741","0","65536","0","0","ConvNeXt Satellite"
"qc_42_141","media/images/10694cffd16eb1ff6ed9.png","media/images/c505b112522bbbf931dc.png","media/images/5fc8ec471dceaa83a0f9.png","0","0","0.9999999999984741","0","65536","0","0","ConvNeXt Satellite"
"qc_92_64","media/images/54b18df6f43971694df6.png","media/images/56c67040afb5710e1a3c.png","media/images/e5f97b69a3e523cb1352.png","0.6338174963950908","0.7758730178834198","0.7480316162097961","28582","20441","11142","5371","ConvNeXt Satellite"
"qc_88_74","media/images/aa3b3ef47373412ad12f.png","media/images/0df745d85c4080831e33.png","media/images/d8809732ddc522ad06b8.png","0","0","0.7410583496082442","0","48566","16970","0","ConvNeXt Satellite"
"qc_66_71","media/images/603cfb4da81ddefc40f8.png","media/images/1a81b6ae701f05347432.png","media/images/2f487b202176916bc99b.png","0.051358606332717875","0.09769949048671932","0.47154235839771796","1875","29028","34070","563","ConvNeXt Satellite"
"qc_37_95","media/images/b67e00d502cbaf26ad6a.png","media/images/e6f444fc17f4b507c4a7.png","media/images/7df9a29feb24369613f8.png","0","0","0.9999999999984741","0","65536","0","0","ConvNeXt Satellite"
"qc_42_93","media/images/4ac33bf190fddc38c419.png","media/images/1c8853b24101f3b729e4.png","media/images/f3c00b4e329bed131b1e.png","0","0","0.9999999999984741","0","65536","0","0","ConvNeXt Satellite"
"qc_75_90","media/images/6e24f447b400e6cd9358.png","media/images/e534bf2352c42f85c625.png","media/images/5f4240caeeb160d89d9c.png","0","0","0.9999999999984741","0","65536","0","0","ConvNeXt Satellite"
"qc_24_92","media/images/374ec1147ce17c03f969.png","media/images/20378df7394a166e1076.png","media/images/e704972e0d1ba1dcc8cb.png","0","0","0.9999999999984741","0","65536","0","0","ConvNeXt Satellite"
"qc_32_89","media/images/c85ddd7f70b11eee52cc.png","media/images/65564b56ad767fa9db39.png","media/images/e1aed2f21ac0fb5e0089.png","0","0","0.9999999999984741","0","65536","0","0","ConvNeXt Satellite"
"qc_14_122","media/images/c5b238aa4a18f9e6aeec.png","media/images/2be36fdb0af4b634a11c.png","media/images/7537665db57c189090f3.png","0","0","0.9999999999984741","0","65536","0","0","ConvNeXt Satellite"
"qc_48_71","media/images/0e5fe4b3230c8f27dc75.png","media/images/ad21ae6debf7febdc06e.png","media/images/430119c5c07a02b0b784.png","0.9618236677892967","0.9805403355406733","0.9772186279281964","37615","26428","859","634","ConvNeXt Satellite"
"qc_62_91","media/images/2a52a7be9558f9a66d7d.png","media/images/fed653bc6c3a235fdd57.png","media/images/5edbe258434da603f34a.png","0","0","0.9999999999984741","0","65536","0","0","ConvNeXt Satellite"
"qc_44_77","media/images/c157ca9e0a292456b923.png","media/images/297b48064b6e5b944d69.png","media/images/658d5aa2bfeb62421a59.png","0.04009090909054463","0.07709115594653528","0.8388824462877824","441","54536","0","10559","ConvNeXt Satellite"
"qc_72_31","media/images/a76bc806bc226bcadcb4.png","media/images/b4dfbef42b00527816dd.png","media/images/84f4df080f8403bf1190.png","0","0","0.9999999999984741","0","65536","0","0","ConvNeXt Satellite"
"qc_69_32","media/images/909f3fccf44fa774eb98.png","media/images/b87b19c2d7e1bca7b65e.png","media/images/22aa34add7b073f04e62.png","0","0","0.9999999999984741","0","65536","0","0","ConvNeXt Satellite"
"qc_40_81","media/images/10a323dca73d21010b03.png","media/images/cf769382f57542dcfe56.png","media/images/e7f8c6db4f462d4c3db5.png","0","0","0.9999999999984741","0","65536","0","0","ConvNeXt Satellite"
"qc_66_65","media/images/439597d33b9fe7783951.png","media/images/753c3d7b1beec4e71516.png","media/images/1c2c6cfd3ca9927b87a5.png","0","0","0.9999999999984741","0","65536","0","0","ConvNeXt Satellite"
"qc_24_105","media/images/65ce2c03b8f944dc66df.png","media/images/4d3c3ad85b23f8147888.png","media/images/36f780e01cb7b37dd9a8.png","0","0","0.9999999999984741","0","65536","0","0","ConvNeXt Satellite"
"qc_77_31","media/images/68e49f6e078a81093a5a.png","media/images/9ab708a4effdbf875b50.png","media/images/0b8ebda459e297fb5ba8.png","0","0","0.9999999999984741","0","65536","0","0","ConvNeXt Satellite"
"qc_20_133","media/images/8bb7c72d62deea682474.png","media/images/a2eb52c78832c0cf95b9.png","media/images/92e0e6edc03562e4dc64.png","0.09392423159380389","0.17171979611566862","0.3230285644526321","4599","16571","44366","0","ConvNeXt Satellite"
"qc_91_64","media/images/c98d9acaa74299822623.png","media/images/49f1d97a9006c082a760.png","media/images/544a0b27280e9ecd3f58.png","0.7032629558523269","0.8257831368436113","0.8230743408190566","27480","26461","5373","6222","ConvNeXt Satellite"
"qc_38_52","media/images/53b69d6c61952f548801.png","media/images/8d4d592c2bf25ab041e8.png","media/images/1da1fd9c59727744c4fa.png","0","0","0.9104614257798608","0","59668","4857","1011","ConvNeXt Satellite"
"qc_90_17","media/images/fdb8a059983bf9d436f6.png","media/images/9ab708a4effdbf875b50.png","media/images/0b8ebda459e297fb5ba8.png","0","0","0.9999999999984741","0","65536","0","0","ConvNeXt Satellite"
"qc_110_20","media/images/28ee2377866c789eedcd.png","media/images/9ab708a4effdbf875b50.png","media/images/0b8ebda459e297fb5ba8.png","0","0","0.9999999999984741","0","65536","0","0","ConvNeXt Satellite"
"qc_26_114","media/images/b6fbfc20361d156b3e16.png","media/images/70b57ef446ce0cefe4ee.png","media/images/aa070a025d4dbd615bf2.png","0.26974267967714866","0.4248776617975946","0.9120941162095457","2128","57647","4281","1480","ConvNeXt Satellite"
"qc_108_51","media/images/8c92f5600a224ac2275a.png","media/images/9ab708a4effdbf875b50.png","media/images/0b8ebda459e297fb5ba8.png","0","0","0.9999999999984741","0","65536","0","0","ConvNeXt Satellite"
"qc_28_86","media/images/19a4cf3705add22c74de.png","media/images/43ac3a19b47a801bbda5.png","media/images/32e8344d153b470e372e.png","0","0","0.9999999999984741","0","65536","0","0","ConvNeXt Satellite"
"qc_83_58","media/images/21284f539a15b1d7b3f5.png","media/images/dd2948766604a03eadec.png","media/images/9606017563a722912176.png","0.9125068431777028","0.9542520578375117","0.9195251464829719","55005","5257","2911","2363","ConvNeXt Satellite"
"qc_44_40","media/images/3b7adc68f01709f794f7.png","media/images/75e8246644ab89fe3375.png","media/images/a38b20eea3db18c7feaa.png","0","0","0.9999999999984741","0","65536","0","0","ConvNeXt Satellite"
"qc_79_56","media/images/16a21f834e74b356fcba.png","media/images/9ab708a4effdbf875b50.png","media/images/0b8ebda459e297fb5ba8.png","0","0","0.9999999999984741","0","65536","0","0","ConvNeXt Satellite"
"qc_116_2","media/images/3b28419508555485eb3d.png","media/images/9ab708a4effdbf875b50.png","media/images/0b8ebda459e297fb5ba8.png","0","0","0.9999999999984741","0","65536","0","0","ConvNeXt Satellite"
"qc_37_129","media/images/34862eae19aacf7ee34b.png","media/images/7e8d9b680158560745a4.png","media/images/c4392045cc1912f87b2f.png","0","0","0.9999999999984741","0","65536","0","0","ConvNeXt Satellite"
"qc_12_113","media/images/4fc9b782d4c52e7e75eb.png","media/images/b546679dcff47d658ebd.png","media/images/874ced0601a907253796.png","0","0","0.9999999999984741","0","65536","0","0","ConvNeXt Satellite"
"qc_63_93","media/images/6dba2b411bd926e04b1c.png","media/images/a7f31252d6f7926cd748.png","media/images/499db582a8bb797f7354.png","0","0","0.9999999999984741","0","65536","0","0","ConvNeXt Satellite"
"qc_27_81","media/images/c1fd97ef35d9de3195e1.png","media/images/646b31a3bea6620ce530.png","media/images/f3847f576a22b229af81.png","0.4391455147395051","0.6102864165977784","0.6743011474599085","16713","27478","14798","6547","ConvNeXt Satellite"
"qc_59_132","media/images/868403fb5121a6f68395.png","media/images/57900b45014554308948.png","media/images/214e7dabdce7169f4dce.png","0","0","0.9999999999984741","0","65536","0","0","ConvNeXt Satellite"
"qc_84_45","media/images/7da4d86ce36c2534d8b3.png","media/images/9ab708a4effdbf875b50.png","media/images/0b8ebda459e297fb5ba8.png","0","0","0.9999999999984741","0","65536","0","0","ConvNeXt Satellite"
"qc_53_62","media/images/f26bbb0b030b788a43f6.png","media/images/9970d53f1d64ae5cf990.png","media/images/bec20ed9980e9fc1334a.png","0","0","0.8956604003892583","0","58698","6838","0","ConvNeXt Satellite"
"qc_26_52","media/images/b0748b74d04b5f7c6b4c.png","media/images/7bf7af071961ec649d81.png","media/images/fa9b34ab0a7091f221b4.png","0","0","0.9999999999984741","0","65536","0","0","ConvNeXt Satellite"
"qc_51_119","media/images/a0a7c9c11c976303cfa9.png","media/images/9fbf77140fb761ae0b19.png","media/images/aa6b87d250afe6a7da38.png","0","0","0.9999999999984741","0","65536","0","0","ConvNeXt Satellite"
"qc_62_32","media/images/dbc7d662f588fae581db.png","media/images/7c48cc33450fcbbb2fa1.png","media/images/9dfb8519ce6de7eaaff9.png","0","0","0.9999999999984741","0","65536","0","0","ConvNeXt Satellite"
"qc_49_51","media/images/d75f609f472f14b2c8d0.png","media/images/9a83ed3a74e4accc4a46.png","media/images/72ed9e3f92e4a74e1ceb.png","0.8518779697428569","0.9200151817394994","0.8653869628893045","50737","5977","4672","4150","ConvNeXt Satellite"
"qc_91_25","media/images/c0aa28baa1d598a357f9.png","media/images/9ab708a4effdbf875b50.png","media/images/0b8ebda459e297fb5ba8.png","0","0","0.9999999999984741","0","65536","0","0","ConvNeXt Satellite"
"qc_46_37","media/images/efccad35e0b0ae933400.png","media/images/31b7a853f4c612aac7fc.png","media/images/679c1fb2386c2a1b3d8f.png","0","0","0.9999999999984741","0","65536","0","0","ConvNeXt Satellite"
"qc_55_69","media/images/1544169789b1d5c4ebf8.png","media/images/22f6dbb40c22e3ea8b46.png","media/images/c8413679cb68da5a264e.png","0","0","0.9999999999984741","0","65536","0","0","ConvNeXt Satellite"
"qc_44_90","media/images/32ba24e446d942a5e6f6.png","media/images/3d228df3c4764d78caca.png","media/images/763a876f7972402c19cd.png","0","0","0.9999999999984741","0","65536","0","0","ConvNeXt Satellite"
"qc_1_124","media/images/6fbc834291342a01ff9c.png","media/images/0db1a09fa855cc9f0034.png","media/images/0714b0ba639b0875bb50.png","0","0","0.9716339111313299","0","63677","1859","0","ConvNeXt Satellite"
"qc_76_109","media/images/f845b171aea23efdf00a.png","media/images/d948602e78af86a1eb32.png","media/images/9cdb9c911898936dcaf4.png","0","0","0.9999999999984741","0","65536","0","0","ConvNeXt Satellite"
"qc_44_82","media/images/dd966d8d97d573c658ed.png","media/images/7201f48ac244dd48aa3e.png","media/images/307de481ebbcde393a66.png","0","0","0.9999999999984741","0","65536","0","0","ConvNeXt Satellite"
"qc_69_147","media/images/09d2fc83e8c6f0944a51.png","media/images/6c854541e43e6a89b40a.png","media/images/0c7eba529de7e5582085.png","0","0","0.9999999999984741","0","65536","0","0","ConvNeXt Satellite"
"qc_43_62","media/images/17693f10d369d9acf240.png","media/images/eb1c29b3f27d687d50ed.png","media/images/7bc43ff45d4e64f8ce90.png","0","0","0.9999999999984741","0","65536","0","0","ConvNeXt Satellite"
"qc_102_59","media/images/57ad3fc1ae1d55c1160d.png","media/images/179314a7a03e61fa55cd.png","media/images/e931501ca3e7d55fb692.png","0","0","0.9999999999984741","0","65536","0","0","ConvNeXt Satellite"
"qc_64_52","media/images/82de7d4986736a0d8afe.png","media/images/ebe4d9aaa7e89b255d02.png","media/images/482e681af90c78c61bb5.png","0.16038522085229756","0.2764344187553415","0.8616485595689978","1732","54737","0","9067","ConvNeXt Satellite"
"qc_61_71","media/images/03fcb35620c6ff66cd65.png","media/images/b7a5f5cf559405116d9c.png","media/images/502b6ec35dc2bfa28a95.png","0.9322979018305957","0.9649628586363829","0.9672088623032117","29593","33794","1731","418","ConvNeXt Satellite"
"qc_99_86","media/images/a1c3ad4a589050f46efd.png","media/images/e4f6ebdaee5cc7d75860.png","media/images/0b8ebda459e297fb5ba8.png","0","0","0.9999999999984741","0","65536","0","0","ConvNeXt Satellite"
"qc_100_69","media/images/107d933ceec3d5b91a2c.png","media/images/37e28d853031f579f506.png","media/images/f3feb18cabd4e8cd72af.png","0","0","0.12193298339825144","0","7991","57545","0","ConvNeXt Satellite"
"qc_54_141","media/images/92104b4d2c2bea22686c.png","media/images/5d07532a9d7b9f3ed985.png","media/images/293213b4c804c78bc5ea.png","0","0","0.9999999999984741","0","65536","0","0","ConvNeXt Satellite"
"qc_106_40","media/images/1a9800ea613fc93aad8f.png","media/images/9ab708a4effdbf875b50.png","media/images/0b8ebda459e297fb5ba8.png","0","0","0.9999999999984741","0","65536","0","0","ConvNeXt Satellite"
"qc_39_132","media/images/f884f39a9ea87aeb6f61.png","media/images/fbbfbb01e070f1edd3c3.png","media/images/28aa6ad20df0e5f118ae.png","0","0","0.9999999999984741","0","65536","0","0","ConvNeXt Satellite"
"qc_75_108","media/images/ddfb2162dc45b9e7b63f.png","media/images/9bb10ef6e6920be6ec9a.png","media/images/3e720eab4bd1bb8f4355.png","0","0","0.9999999999984741","0","65536","0","0","ConvNeXt Satellite"
"qc_59_65","media/images/47a921710a9e752d83a3.png","media/images/a9009efb08b7d6e614b4.png","media/images/2c5f18ecc6eafb0f8137.png","0","0","0.9999999999984741","0","65536","0","0","ConvNeXt Satellite"
"qc_105_51","media/images/5f2f5af8707b16770a07.png","media/images/9fa3a11d3ac9980a9865.png","media/images/08f688d5ecf978beb85a.png","0","0","0.9999999999984741","0","65536","0","0","ConvNeXt Satellite"
"qc_94_50","media/images/71949d4ed4c9bc25a8bc.png","media/images/c5841735e9c4bd3b7a4a.png","media/images/44f18e2f1f8bd0c96529.png","0","0","0.9317626953110782","0","61064","0","4472","ConvNeXt Satellite"
"qc_51_75","media/images/c5e6b0d5300e119a7841.png","media/images/0e7e99f7a5741fccf320.png","media/images/08e4d323bc256772f53d.png","0","0","0.9999999999984741","0","65536","0","0","ConvNeXt Satellite"
"qc_1_129","media/images/c109936fdfddccca9a3c.png","media/images/7b937469ab9f15f265b5.png","media/images/db42f046446e20eb376d.png","0","0","0.9999999999984741","0","65536","0","0","ConvNeXt Satellite"
"qc_24_129","media/images/6b191adf9f7affa3f047.png","media/images/406eb5cb0785e12baf8d.png","media/images/4d391387c09976344695.png","0.27208812348217815","0.42778184285352194","0.5149993896476517","11881","21870","30821","964","ConvNeXt Satellite"
"qc_76_61","media/images/84b2f791751d6a1e97bd.png","media/images/aef081ac6a4447f43bbc.png","media/images/7db90884fa0e6c10e326.png","0","0","0.9884643554672418","0","64780","756","0","ConvNeXt Satellite"
"qc_62_106","media/images/e4bcb607f21045039863.png","media/images/d7567e8e84c3b25d7e6d.png","media/images/1f728282d6a82ebe7c15.png","0","0","0.9999999999984741","0","65536","0","0","ConvNeXt Satellite"
"qc_94_28","media/images/5b29573330495b0a8890.png","media/images/9ab708a4effdbf875b50.png","media/images/0b8ebda459e297fb5ba8.png","0","0","0.9999999999984741","0","65536","0","0","ConvNeXt Satellite"
"qc_45_120","media/images/2b677ca50a9b3b9a0e54.png","media/images/bea590edf03eb3fcf3d8.png","media/images/5e73eedeffb184868a91.png","0","0","0.9999999999984741","0","65536","0","0","ConvNeXt Satellite"
"qc_40_75","media/images/457b403c84bb9f20c567.png","media/images/468c2fccbab899425d91.png","media/images/05ca295072fbcddda952.png","0","0","0.9973144531234782","0","65360","0","176","ConvNeXt Satellite"
"qc_19_126","media/images/886bd2f9cdfda70c96ab.png","media/images/f8c85e0702bd43480929.png","media/images/75dfae4e8a6708e84009.png","0","0","0.9999999999984741","0","65536","0","0","ConvNeXt Satellite"
"qc_63_73","media/images/17b0ab5b8c30a5553da6.png","media/images/8bf6f6fb3c2edf3b1f24.png","media/images/c5e8a00529447c402a90.png","0","0","0.9999999999984741","0","65536","0","0","ConvNeXt Satellite"
"qc_87_84","media/images/3fc690d62758224b41e8.png","media/images/687c52280d925ad50e6c.png","media/images/ae9cdf92438b9181ef43.png","0","0","0.9999999999984741","0","65536","0","0","ConvNeXt Satellite"
"qc_93_62","media/images/b866b53ce87a424b7467.png","media/images/25c7d1fecd36118b810e.png","media/images/9656ab65f241482544dd.png","0.3130144192071724","0.4767874352287486","0.8306121826159201","5058","49377","8356","2745","ConvNeXt Satellite"
"qc_70_64","media/images/4a0ab1598eb49168e319.png","media/images/ed41e3b346d2f5a41e2b.png","media/images/96352fcd366b2fca2250.png","0.557634730497183","0.7160018761167463","0.9909820556625504","745","64200","0","591","ConvNeXt Satellite"
"qc_73_100","media/images/e61adfbad4ee9a561747.png","media/images/bdfcbc35fade571c6f8b.png","media/images/6a80b4015e60c444c6ef.png","0.4815674891111642","0.6500783239210701","0.8909912109361404","6636","51756","677","6467","ConvNeXt Satellite"
"qc_71_120","media/images/f847155ca7e6b845dc0b.png","media/images/e28167829cdeabeb3734.png","media/images/f412487448008fb4f47a.png","0","0","0.9999999999984741","0","65536","0","0","ConvNeXt Satellite"
"qc_54_80","media/images/7dba7d52d32dc680f2f3.png","media/images/f5c49195a0c924da2387.png","media/images/3186b743f375de0acf86.png","0","0","0.9999999999984741","0","65536","0","0","ConvNeXt Satellite"
"qc_36_133","media/images/3d77acac0d2683b50b19.png","media/images/ec9fb4ddec5a57578de6.png","media/images/a8b96f074512c68deb61.png","0","0","0.9999999999984741","0","65536","0","0","ConvNeXt Satellite"
"qc_74_124","media/images/e9d875c6158c32da3372.png","media/images/5f3c42fe7384d7b418d6.png","media/images/63ab3a526828cdc48f8c.png","0","0","0.9999999999984741","0","65536","0","0","ConvNeXt Satellite"
"qc_58_147","media/images/54db95ae859be4e166e2.png","media/images/fff6a2f6d3c7305a1485.png","media/images/39af3ad9238ba36ea1e1.png","0","0","0.9999999999984741","0","65536","0","0","ConvNeXt Satellite"
"qc_23_139","media/images/86e5b0038d7368df826d.png","media/images/2b843d60b44260513b58.png","media/images/451880ca35456b63e794.png","0","0","0.9999999999984741","0","65536","0","0","ConvNeXt Satellite"
"qc_107_18","media/images/449d0a549cfd9a53bcbc.png","media/images/9ab708a4effdbf875b50.png","media/images/0b8ebda459e297fb5ba8.png","0","0","0.9999999999984741","0","65536","0","0","ConvNeXt Satellite"
"qc_31_128","media/images/41f80bb80f4365dbb5b4.png","media/images/c2871a0e7ca8fb1f86ce.png","media/images/7cbb2c92546ac51d54dd.png","0","0","0.9999999999984741","0","65536","0","0","ConvNeXt Satellite"
"qc_91_85","media/images/6059e781bc8202b8e167.png","media/images/13cbd69eb8cab66fce79.png","media/images/4abd7cf209615e408503.png","0","0","0.9999999999984741","0","65536","0","0","ConvNeXt Satellite"
"qc_74_147","media/images/755eae2e3a1d47c87710.png","media/images/a8e995f1dc92b35f154d.png","media/images/b85c1c095a8c4f19f315.png","0","0","0.9999999999984741","0","65536","0","0","ConvNeXt Satellite"
"qc_39_42","media/images/ff31b9f906d841c977af.png","media/images/faf55512cefb4b7394dc.png","media/images/ee31ba8cb4850cd18a58.png","0.3770883054873852","0.5476602721850132","0.8088378906237658","7584","45424","0","12528","ConvNeXt Satellite"
"qc_63_62","media/images/4895edfe166141eb17ba.png","media/images/d62a840091475bfc3aa5.png","media/images/86bffcf2595952586895.png","0.0906502980153843","0.16623163239035685","0.8440246582018371","1019","54295","0","10222","ConvNeXt Satellite"
"qc_78_103","media/images/dde2cebcd61f3f4b4d7b.png","media/images/b5d39f0304c68d923dfe.png","media/images/3fa2a4e55498ee60019a.png","0","0","0.9999999999984741","0","65536","0","0","ConvNeXt Satellite"
"qc_107_30","media/images/4becaec4d62690f91618.png","media/images/9ab708a4effdbf875b50.png","media/images/0b8ebda459e297fb5ba8.png","0","0","0.9999999999984741","0","65536","0","0","ConvNeXt Satellite"
"qc_13_139","media/images/f481903bbb5e5d692214.png","media/images/3e309af524dd5b728a68.png","media/images/72585815f8eac3584142.png","0","0","0.9999999999984741","0","65536","0","0","ConvNeXt Satellite"
"qc_116_5","media/images/10525e2b4230545fef75.png","media/images/9ab708a4effdbf875b50.png","media/images/0b8ebda459e297fb5ba8.png","0","0","0.9999999999984741","0","65536","0","0","ConvNeXt Satellite"
"qc_19_87","media/images/82f0d20668d10ddbbcfb.png","media/images/5a32fab9249165177357.png","media/images/86ac6b28c71ee7196b2f.png","0","0","0.9999999999984741","0","65536","0","0","ConvNeXt Satellite"
"qc_94_58","media/images/41fbf59ad4ca4084cb71.png","media/images/2c8ec10647b24dcd7599.png","media/images/0466fca1388f7e9de373.png","0","0","0.9973144531234782","0","65360","0","176","ConvNeXt Satellite"
"qc_17_102","media/images/80ddcf792e1662f488d6.png","media/images/ee584c487e816ca9e9d3.png","media/images/1bd3fb39da352edd1e5b.png","0","0","0.9999999999984741","0","65536","0","0","ConvNeXt Satellite"
"qc_98_57","media/images/325964b9406f70963ac4.png","media/images/58b1a416abbfd9a3ba3d.png","media/images/b99be11cc2ae79b2b91b.png","0.29239555463936817","0.45248612956041057","0.7901458740222318","5683","46100","13454","299","ConvNeXt Satellite"
"qc_42_137","media/images/c750ca88832ff7c32795.png","media/images/5adad2b96b829d40ce68.png","media/images/88675afdd9107fb44df9.png","0","0","0.9962310791000424","0","65289","247","0","ConvNeXt Satellite"
"qc_35_121","media/images/0c04f1978343d9e33aaa.png","media/images/479b0370674daac0422f.png","media/images/7d3d759dee040851094d.png","0","0","0.9999999999984741","0","65536","0","0","ConvNeXt Satellite"
"qc_63_111","media/images/7ecae45ed748f0e6f7b4.png","media/images/89497164521a027601bc.png","media/images/ea12cb79011e0b2093cd.png","0.7943879016035568","0.8854137464245819","0.8033294677722117","49797","2850","12416","473","ConvNeXt Satellite"
"qc_52_71","media/images/a418bf0bbbeef99ab31e.png","media/images/06a13e89e5a6784e35b8.png","media/images/7cdb275265ccd9c9de3d.png","0.8409126630669018","0.9135823052933988","0.907333374022053","32101","27362","5581","492","ConvNeXt Satellite"
"qc_55_47","media/images/ff748751f8d2a8fac92d.png","media/images/a83c3573dc7b08c96e33.png","media/images/7312275aa13e6de7ded8.png","0","0","0.9999999999984741","0","65536","0","0","ConvNeXt Satellite"
"qc_12_91","media/images/d1074b9499310c2c7afd.png","media/images/7122f53591eb1ca9086b.png","media/images/05db1f3537d0563e79ae.png","0","0","0.9999999999984741","0","65536","0","0","ConvNeXt Satellite"
"qc_51_130","media/images/b8e4496156d65b88906f.png","media/images/9e71f51910f07ef678aa.png","media/images/54d68a55b3b1238b2e56.png","0","0","0.9051361083970564","0","59319","0","6217","ConvNeXt Satellite"
"qc_47_31","media/images/1f7f93d0110e50ceb294.png","media/images/6b0fe9aac738ced5f467.png","media/images/419d349945e35fd9b8de.png","0","0","0.9999999999984741","0","65536","0","0","ConvNeXt Satellite"
"qc_86_91","media/images/ca6efb25c7fe65d6e1cf.png","media/images/a9b8b708047cd355211b.png","media/images/20482ac0c62e431bedc9.png","0","0","0.9999999999984741","0","65536","0","0","ConvNeXt Satellite"
"qc_48_132","media/images/116b1990d1819ae1289a.png","media/images/658e60de0247fb9ce677.png","media/images/ee7c2b386e2e2326e01e.png","0","0","0.9999999999984741","0","65536","0","0","ConvNeXt Satellite"
"qc_113_54","media/images/f8f4fa4ebc2f4ff4d7a3.png","media/images/9ab708a4effdbf875b50.png","media/images/0b8ebda459e297fb5ba8.png","0","0","0.9999999999984741","0","65536","0","0","ConvNeXt Satellite"
"qc_90_38","media/images/bb9690dd24236cd066a7.png","media/images/9ab708a4effdbf875b50.png","media/images/0b8ebda459e297fb5ba8.png","0","0","0.9999999999984741","0","65536","0","0","ConvNeXt Satellite"
"qc_3_127","media/images/94a8e71fb4bdb3aaa36c.png","media/images/daca86e4d971eb8cff92.png","media/images/08a0d160c4eef5215220.png","0","0","0.9999999999984741","0","65536","0","0","ConvNeXt Satellite"
"qc_80_76","media/images/0d113d3facf7aaf7f5ca.png","media/images/5e0ce9b8fbd3d3d4f1ee.png","media/images/916dac742d7ad62e6e1c.png","0","0","0.9887237548813038","0","64797","739","0","ConvNeXt Satellite"
"qc_79_95","media/images/71541b3007f0dd9fde4e.png","media/images/30195eea0efd7c14d05d.png","media/images/63e4138e6e63fbb7ebc3.png","0","0","0.9999999999984741","0","65536","0","0","ConvNeXt Satellite"
"qc_61_151","media/images/2d33f3288c1c77c65460.png","media/images/5866779c2c4f29680239.png","media/images/7c24c6429108e78e558d.png","0","0","0.9999999999984741","0","65536","0","0","ConvNeXt Satellite"
"qc_70_83","media/images/840415f35355c3c30519.png","media/images/01cba7d7a6b00872917f.png","media/images/0b873f3b11a6be72b446.png","0","0","0.8229980468737442","0","53936","0","11600","ConvNeXt Satellite"
"qc_42_45","media/images/d083ad164fb7edb6aff2.png","media/images/e9a643c8277d4c1f2cb3.png","media/images/653ec1061609aad016b8.png","0","0","0.9641113281235288","0","63184","2352","0","ConvNeXt Satellite"
"qc_54_86","media/images/763f7bf1bf299f9d8841.png","media/images/abe5ac1d9d4fa6ffd4b9.png","media/images/53ce3ce24c8010a57d50.png","0","0","0.9999999999984741","0","65536","0","0","ConvNeXt Satellite"
"qc_37_138","media/images/57427f7b45372c94a8ae.png","media/images/694a46ba1695db7f3999.png","media/images/9bcd3a8abcc5d344b12b.png","0","0","0.9999999999984741","0","65536","0","0","ConvNeXt Satellite"
"qc_113_10","media/images/5441f95f0fb4c21cace0.png","media/images/9ab708a4effdbf875b50.png","media/images/0b8ebda459e297fb5ba8.png","0","0","0.9999999999984741","0","65536","0","0","ConvNeXt Satellite"
"qc_41_113","media/images/f474b13229a29c0d7c4b.png","media/images/a16cd1f1e3c1102f3b5a.png","media/images/25c8f447c7c90d6db757.png","0","0","0.9999999999984741","0","65536","0","0","ConvNeXt Satellite"
"qc_92_31","media/images/560eb6c1bc81391dabea.png","media/images/9ab708a4effdbf875b50.png","media/images/0b8ebda459e297fb5ba8.png","0","0","0.9999999999984741","0","65536","0","0","ConvNeXt Satellite"
"qc_73_118","media/images/19096ef6523c79d94b34.png","media/images/ab0628c729ce0675d3b1.png","media/images/4ee19f2b30592c59d390.png","0","0","0.9999999999984741","0","65536","0","0","ConvNeXt Satellite"
"qc_10_119","media/images/a2fdb10ae2fa4402e7c9.png","media/images/bcb42b61fd3dda25fb26.png","media/images/75ac6ee50fa0e4f15dc7.png","0","0","0.9999999999984741","0","65536","0","0","ConvNeXt Satellite"
"qc_62_157","media/images/2106b0d9d5ca96f5b402.png","media/images/9dc84ab0f0ad75fe17fc.png","media/images/0a1bcadf2a15db1324f4.png","0","0","0.9999999999984741","0","65536","0","0","ConvNeXt Satellite"
"qc_42_126","media/images/99d21d66f1a0cda16afb.png","media/images/6784968d260bcb74aae6.png","media/images/ccd9e3a237ea34b1a62d.png","0","0","0.9791107177719435","0","64167","0","1369","ConvNeXt Satellite"
"qc_57_113","media/images/9b24a8f72a09454ea0da.png","media/images/7cfa7d1f3e51a1f0f10c.png","media/images/5aacae40660326a1e305.png","0","0","0.9999999999984741","0","65536","0","0","ConvNeXt Satellite"
"qc_53_93","media/images/e934efa5ca70d93a99e4.png","media/images/d0a6f9e3b821b63a4680.png","media/images/3798aa3461358dfee610.png","0","0","0.9999999999984741","0","65536","0","0","ConvNeXt Satellite"
"qc_12_127","media/images/5bccb3efc0324972107c.png","media/images/51298e48bff967a7413f.png","media/images/8774a3175f8bc18fb736.png","0","0","0.9999999999984741","0","65536","0","0","ConvNeXt Satellite"
"qc_48_52","media/images/665a4ca3468763452df6.png","media/images/af8d073e0d715df40a89.png","media/images/09abaa984b0392db5529.png","0.7790917178363116","0.8758308136122582","0.8446502685533986","35906","19449","5461","4720","ConvNeXt Satellite"
"qc_63_89","media/images/cad9c4de07363d8f2381.png","media/images/161b3ac4b52cb1a653df.png","media/images/afa3ff9540dab59759b5.png","0","0","0.9999999999984741","0","65536","0","0","ConvNeXt Satellite"
"qc_49_122","media/images/6d6b900a57b911d74567.png","media/images/bf2eac8b314ff0d74cd2.png","media/images/a66eeae12908491cad7a.png","0","0","0.9999999999984741","0","65536","0","0","ConvNeXt Satellite"
"qc_71_43","media/images/30f04f1cccadafe100c6.png","media/images/9ab708a4effdbf875b50.png","media/images/0b8ebda459e297fb5ba8.png","0","0","0.9999999999984741","0","65536","0","0","ConvNeXt Satellite"
"qc_33_93","media/images/77f7ffe80c7dfb0ab174.png","media/images/7cc20d6d20e72739b115.png","media/images/fa7875e528863da73ae7.png","0","0","0.9999999999984741","0","65536","0","0","ConvNeXt Satellite"
"qc_81_64","media/images/6ba27e6d748368ee4b47.png","media/images/73e37ae400d72846f069.png","media/images/13d73df60a36ce097153.png","0","0","0.9999999999984741","0","65536","0","0","ConvNeXt Satellite"
"qc_40_122","media/images/b932840d4e680bc195ac.png","media/images/8b7550bd2da0cbca0d87.png","media/images/0b5e7cb9c1cc4f7f9d8b.png","0","0","0.9999999999984741","0","65536","0","0","ConvNeXt Satellite"
"qc_99_15","media/images/f46adb6688caac995d23.png","media/images/9ab708a4effdbf875b50.png","media/images/0b8ebda459e297fb5ba8.png","0","0","0.9999999999984741","0","65536","0","0","ConvNeXt Satellite"
"qc_55_138","media/images/48dcb22b73bd99338627.png","media/images/9bf4e1beb092d3fd2dc8.png","media/images/1ac642e127277ed8375e.png","0","0","0.9851684570297468","0","64564","972","0","ConvNeXt Satellite"
"qc_35_137","media/images/f4289845733c19155598.png","media/images/21e3712dd92c75ec45af.png","media/images/f11d81e66d11c76e135d.png","0","0","0.9999999999984741","0","65536","0","0","ConvNeXt Satellite"
"qc_103_64","media/images/0f20193e817433011dfe.png","media/images/8a6fb55bc8c3a70e26f2.png","media/images/e8c6dbd912e16ca40d36.png","0","0","0.6185302734365562","0","40536","25000","0","ConvNeXt Satellite"
"qc_102_80","media/images/b1517a9361b1a78268a0.png","media/images/6f8ced5120641b7b0899.png","media/images/425883c066fcfa2d77ee.png","0","0","0.9999999999984741","0","65536","0","0","ConvNeXt Satellite"
"qc_118_4","media/images/80da0418b02e82e8fcc0.png","media/images/9ab708a4effdbf875b50.png","media/images/0b8ebda459e297fb5ba8.png","0","0","0.9999999999984741","0","65536","0","0","ConvNeXt Satellite"
"qc_52_73","media/images/06063c75db3ba0aeb183.png","media/images/2188ff7db2654a11a610.png","media/images/8730efe972898d4f45c9.png","0","0","0.9996948242172246","0","65516","20","0","ConvNeXt Satellite"
"qc_61_130","media/images/0cee70c59987cbacb110.png","media/images/80f1461b0e78780e42bb.png","media/images/34d969a6a96041cb6c72.png","0","0","0.9999999999984741","0","65536","0","0","ConvNeXt Satellite"
"qc_78_107","media/images/23a16b5dbc75ca07bd7c.png","media/images/917324dffee7914b81e3.png","media/images/33f831d8b369bcb6622d.png","0","0","0.9998474121078493","0","65526","0","10","ConvNeXt Satellite"
"qc_19_96","media/images/729fb9cdd9454851f558.png","media/images/f9e4aa179b7f8daac40f.png","media/images/d565f734be8bb57ebe57.png","0.8641499312674283","0.9271248737990482","0.9381713867173185","25775","35709","3946","106","ConvNeXt Satellite"
"qc_35_116","media/images/d0907b03599894674ea0.png","media/images/d3e840e149ab9d41b2e1.png","media/images/0efc588258aae87d83bf.png","0","0","0.9999999999984741","0","65536","0","0","ConvNeXt Satellite"
"qc_32_114","media/images/1d5c8457d13b6d8676a4.png","media/images/2f2f0496adc92c0425e6.png","media/images/dec63ef2327d9ee3377f.png","0","0","0.9999999999984741","0","65536","0","0","ConvNeXt Satellite"
"qc_56_90","media/images/2055dc160b5ea40c1d23.png","media/images/2a7183d2dd71aff38c77.png","media/images/45285882601c1d81d961.png","0","0","0.9999999999984741","0","65536","0","0","ConvNeXt Satellite"
"qc_22_85","media/images/173fee2fa8f4bfcc1e3f.png","media/images/90c64ef55a82b1e2f15f.png","media/images/4f35ff6beb470c28e0a4.png","0","0","0.9955291748031684","0","65243","0","293","ConvNeXt Satellite"
"qc_83_104","media/images/6d4456fe58788ce5db2e.png","media/images/9ab708a4effdbf875b50.png","media/images/0b8ebda459e297fb5ba8.png","0","0","0.9999999999984741","0","65536","0","0","ConvNeXt Satellite"
"qc_106_39","media/images/cc1a49f809c9dd81dfd5.png","media/images/9ab708a4effdbf875b50.png","media/images/0b8ebda459e297fb5ba8.png","0","0","0.9999999999984741","0","65536","0","0","ConvNeXt Satellite"
"qc_57_43","media/images/a88c76aa00396c7c3179.png","media/images/9dbfe5303da6348560c8.png","media/images/4e8fc40093ee3d86a450.png","0","0","0.9999999999984741","0","65536","0","0","ConvNeXt Satellite"
"qc_102_23","media/images/34faba191eaaab25c1be.png","media/images/9ab708a4effdbf875b50.png","media/images/0b8ebda459e297fb5ba8.png","0","0","0.9999999999984741","0","65536","0","0","ConvNeXt Satellite"
"qc_31_56","media/images/5d940f76f22f35de04c2.png","media/images/12901912ab1d8c6c1614.png","media/images/b77a68262ff1429c723c.png","0","0","0.9947509765609821","0","65192","344","0","ConvNeXt Satellite"
"qc_85_63","media/images/144f8cb27108f9a3d27f.png","media/images/7f114fc1c93c8f4e4a47.png","media/images/580696a44c56feaecf9a.png","0","0","0.1177062988279454","0","7714","57822","0","ConvNeXt Satellite"
"qc_59_50","media/images/0b9be6b41b9539422753.png","media/images/b46ac4dd4c4201cb8ed3.png","media/images/ae6c1de52a3a7c242fd0.png","0","0","0.9999999999984741","0","65536","0","0","ConvNeXt Satellite"
"qc_38_141","media/images/4bdb9c6999f341a9481a.png","media/images/6fba863c1b25463fbbe2.png","media/images/3c36e47db04718ea8d8c.png","0","0","0.9999999999984741","0","65536","0","0","ConvNeXt Satellite"
"qc_48_112","media/images/a35d42602480fb313cc7.png","media/images/37e46d081c22c295dd83.png","media/images/bf690b405931270d4d69.png","0","0","0.9999999999984741","0","65536","0","0","ConvNeXt Satellite"
"qc_67_152","media/images/185336db7f8f71c6613e.png","media/images/f65efe0ef12ba2abc6f7.png","media/images/fed4f601fb93f95a61a0.png","0","0","0.9999999999984741","0","65536","0","0","ConvNeXt Satellite"
"qc_51_133","media/images/ec2131564f6df8afe5ef.png","media/images/7b5635dce066d1e9fd21.png","media/images/7b65be1ce65cca1d5d5e.png","0","0","0.9999999999984741","0","65536","0","0","ConvNeXt Satellite"
"qc_78_38","media/images/1343e9ed9df0f8ece2c1.png","media/images/9ab708a4effdbf875b50.png","media/images/0b8ebda459e297fb5ba8.png","0","0","0.9999999999984741","0","65536","0","0","ConvNeXt Satellite"
"qc_64_48","media/images/bfdb3ea73838ee657d07.png","media/images/ff36cf4b35d0d0205324.png","media/images/b5a417eaacc0171de89a.png","0","0","0.9999999999984741","0","65536","0","0","ConvNeXt Satellite"
"qc_92_43","media/images/2cb0cfe2df7d07968466.png","media/images/9ab708a4effdbf875b50.png","media/images/0b8ebda459e297fb5ba8.png","0","0","0.9999999999984741","0","65536","0","0","ConvNeXt Satellite"
"qc_83_69","media/images/9a07191a66118789a537.png","media/images/c7dd56a50b0bf52d7e25.png","media/images/b7caf5f57deef3df2a18.png","0.6494208493707011","0.7874531346694033","0.9930725097641097","841","64241","60","394","ConvNeXt Satellite"
"qc_71_78","media/images/70ef1bde95b1926a3c3b.png","media/images/f9c82c3443286a0a477e.png","media/images/a0e59005b97845815408.png","0.3201115261175227","0.48497643915493693","0.802795410155025","6085","46527","4920","8004","ConvNeXt Satellite"
"qc_50_100","media/images/5c861083c846d2d76a47.png","media/images/d239f357e6d6c2ae7bd1.png","media/images/95099b88a0629e8a9d8f.png","0.8395212506093681","0.912760539895607","0.8395996093737189","54992","32","10180","332","ConvNeXt Satellite"
"qc_100_64","media/images/02358dbe0b4c045303e2.png","media/images/6609cd33c76fd9054f96.png","media/images/e6193849b8a955b75a3c.png","0.8057909356196937","0.8924520274992148","0.8314361572252938","45835","8654","10313","734","ConvNeXt Satellite"
"qc_85_16","media/images/75f5c19eb4cf1e185c7f.png","media/images/9ab708a4effdbf875b50.png","media/images/0b8ebda459e297fb5ba8.png","0","0","0.9999999999984741","0","65536","0","0","ConvNeXt Satellite"
"qc_94_67","media/images/02e1d07f42a969e6a7d6.png","media/images/bafa90115c8ccd4beb9e.png","media/images/ed5ae8f7603a55a5ff01.png","0","0","0.9999999999984741","0","65536","0","0","ConvNeXt Satellite"
"qc_5_109","media/images/9c592f2375d5a987024c.png","media/images/701801abdfcd5e8e1cb1.png","media/images/4131ce571eac621cfd2c.png","0","0","0.9347076416001362","0","61257","4279","0","ConvNeXt Satellite"
"qc_25_109","media/images/a9d86dc9caf6bdde3c47.png","media/images/757b6e89aaee4f674844.png","media/images/3f83154694554643887c.png","0","0","0.9999999999984741","0","65536","0","0","ConvNeXt Satellite"
"qc_62_153","media/images/5fe2a9d4ef8f32966529.png","media/images/9613cdcd8b789a97cc5c.png","media/images/6e6e7f28299c90877847.png","0","0","0.9999999999984741","0","65536","0","0","ConvNeXt Satellite"
"qc_70_129","media/images/09dccb7465f511433ac3.png","media/images/68b6ad31f720a14c2724.png","media/images/d9d58bb22159a5dafb17.png","0","0","0.9999999999984741","0","65536","0","0","ConvNeXt Satellite"
"qc_21_130","media/images/4873c220a412894fb3ff.png","media/images/238cbf7179de4d062d6d.png","media/images/599652e4a80aa6db704c.png","0","0","0.9999999999984741","0","65536","0","0","ConvNeXt Satellite"
"qc_88_75","media/images/1af8d15ab4c693b77292.png","media/images/00e82656637843b028e2.png","media/images/f1220af4c9c5e41f6137.png","0","0","0.8141021728503203","0","53353","12183","0","ConvNeXt Satellite"
"qc_63_57","media/images/c28b25257c3948c84965.png","media/images/1f7aa11bc0ad9130f6ea.png","media/images/0d442726e5c01aa4f2ac.png","0","0","0.9999999999984741","0","65536","0","0","ConvNeXt Satellite"
"qc_25_120","media/images/f175f11f728f9953210f.png","media/images/b08c8c13da6c1e588385.png","media/images/77021243ee9f46ea0625.png","0","0","0.9999999999984741","0","65536","0","0","ConvNeXt Satellite"
"qc_63_123","media/images/6e7ab67202dd66463691.png","media/images/e79a4d42a6ba02b93b01.png","media/images/fd8604b40fc628e12e2d.png","0","0","0.9999999999984741","0","65536","0","0","ConvNeXt Satellite"
"qc_41_47","media/images/0938646e6c07efe85b73.png","media/images/aa93f9e516fb1234fa51.png","media/images/ba8007f8515615a89fe1.png","0","0","0.9999999999984741","0","65536","0","0","ConvNeXt Satellite"
"qc_58_122","media/images/cca3cd2fd68932cb37e8.png","media/images/fe0d278b66c3d687b69f.png","media/images/792d73e2748615071bbd.png","0","0","0.9999999999984741","0","65536","0","0","ConvNeXt Satellite"
"qc_83_20","media/images/adf29207faf2f28788fd.png","media/images/9ab708a4effdbf875b50.png","media/images/0b8ebda459e297fb5ba8.png","0","0","0.9999999999984741","0","65536","0","0","ConvNeXt Satellite"
"qc_42_38","media/images/ce2000e614cf86d236ed.png","media/images/2874bdfc0148d8217c11.png","media/images/c213452c49ce27eae8e0.png","0","0","0.9999999999984741","0","65536","0","0","ConvNeXt Satellite"
"qc_45_124","media/images/242475d0b80a7616d029.png","media/images/568b734123c50ff5f4e7.png","media/images/1724498771ee6621ffaf.png","0","0","0.98463439941256","0","64529","1007","0","ConvNeXt Satellite"
"qc_82_92","media/images/2aa03253325e5d6348f8.png","media/images/512cb16d1ba6aca9c8c3.png","media/images/29e659ca255e36515e6e.png","0","0","0.9999999999984741","0","65536","0","0","ConvNeXt Satellite"
"qc_23_86","media/images/bff83c41f87c796da9fa.png","media/images/c9e4f3029b0ce02c4598.png","media/images/81a09889351b24968695.png","0.6474088177525811","0.7859722142347609","0.8191528320300001","21762","31922","11303","549","ConvNeXt Satellite"
"qc_104_49","media/images/d3f82f68ac6e60663a77.png","media/images/7f2b021c7b0a080826e7.png","media/images/9f7f9830b970437f654a.png","0.3872213967195477","0.5582690239984164","0.9685363769516471","1303","62171","95","1967","ConvNeXt Satellite"
"qc_25_51","media/images/cc9a9d4bd1fe71395264.png","media/images/f72dc5399105da329f1b.png","media/images/9729248bd3749855a0c6.png","0","0","0.9999999999984741","0","65536","0","0","ConvNeXt Satellite"
"qc_40_93","media/images/371ca0016dc2459be7b2.png","media/images/364af35c155feff3ef92.png","media/images/de003714b3e814b51301.png","0","0","0.9999999999984741","0","65536","0","0","ConvNeXt Satellite"
"qc_51_47","media/images/684e9df9f0242fe8f719.png","media/images/2a9a89c57a99a3de9c43.png","media/images/099594696dc76d015c42.png","0","0","0.9999999999984741","0","65536","0","0","ConvNeXt Satellite"
"qc_69_136","media/images/5d78c85c35a56f871c14.png","media/images/be77823e1c82fa0a1260.png","media/images/8193e16e13643e615734.png","0","0","0.9764404296860101","0","63992","1544","0","ConvNeXt Satellite"
"qc_35_58","media/images/92fd06e19362654828f0.png","media/images/09cb9200e3b6ce5e5ad5.png","media/images/e453fa224dfbb4f6ef87.png","0","0","0.9999999999984741","0","65536","0","0","ConvNeXt Satellite"
"qc_18_98","media/images/c97a9b6f08d3add40407.png","media/images/d17b94d7d1ea5d57b7f6.png","media/images/22c6a1fbd74d4e7261f4.png","0","0","0.997467041014103","0","65370","0","166","ConvNeXt Satellite"
"qc_48_78","media/images/3833c986fd8d63e3efaf.png","media/images/1410e52ce5b2a064a1f0.png","media/images/a7baa46df1f2362052fe.png","0","0","0.9999999999984741","0","65536","0","0","ConvNeXt Satellite"
"qc_53_111","media/images/ef2f1bf4f24ac95c23da.png","media/images/2b4a6ad205c17bd91d43.png","media/images/e9728929fdfb5203274f.png","0","0","0.9999999999984741","0","65536","0","0","ConvNeXt Satellite"
"qc_32_46","media/images/f8ce0f8ed9de304fe0e9.png","media/images/e5cf75827b8596940e3a.png","media/images/ee90f50e0704c320e003.png","0","0","0.9999999999984741","0","65536","0","0","ConvNeXt Satellite"
"qc_45_135","media/images/230e4f40a5240959026c.png","media/images/419a84249c70ddf9ca7c.png","media/images/a6a370c7ac5a99c6689b.png","0","0","0.9999999999984741","0","65536","0","0","ConvNeXt Satellite"
"qc_59_128","media/images/a681c2a47e02ea68a817.png","media/images/675fa57e63fa87b0e056.png","media/images/caeb19725783963449c2.png","0","0","0.9999999999984741","0","65536","0","0","ConvNeXt Satellite"
"qc_106_31","media/images/fba8df2b6aff9b77a73f.png","media/images/9ab708a4effdbf875b50.png","media/images/0b8ebda459e297fb5ba8.png","0","0","0.9999999999984741","0","65536","0","0","ConvNeXt Satellite"
"qc_73_111","media/images/adc7bbe67398593490f0.png","media/images/084ac1f8100bc6bad5e9.png","media/images/f044d43369dabab49c61.png","0","0","0.9999999999984741","0","65536","0","0","ConvNeXt Satellite"
"qc_47_98","media/images/d6128a07fa1c98f27265.png","media/images/1b4181fa2a5b513cecab.png","media/images/3e35c4688a424ead7296.png","0.04814993787088171","0.09187603995935106","0.5792083740225537","1395","36564","157","27420","ConvNeXt Satellite"
"qc_36_85","media/images/0e15ca42bdf4c68ec836.png","media/images/fe816b54ad2faa5d804c.png","media/images/2c789572f92c7f97cc37.png","0","0","0.9667358398422748","0","63356","2180","0","ConvNeXt Satellite"
"qc_66_129","media/images/ecced971010324d330ed.png","media/images/404042923d96997a0e8f.png","media/images/ac70246eb8747ce19cd9.png","0","0","0.9999999999984741","0","65536","0","0","ConvNeXt Satellite"
"qc_31_138","media/images/bfa8bf854bb65d19733d.png","media/images/b42f48a8a1c7be174228.png","media/images/010ee0cef2cd97742df8.png","0","0","0.9999999999984741","0","65536","0","0","ConvNeXt Satellite"
"qc_27_131","media/images/87a6935648da92e97f57.png","media/images/eaf27de8fccdb9f69944.png","media/images/678c7a5f70b5ca92b8f2.png","0","0","0.9999999999984741","0","65536","0","0","ConvNeXt Satellite"
"qc_110_12","media/images/861451dcc03edf46673e.png","media/images/9ab708a4effdbf875b50.png","media/images/0b8ebda459e297fb5ba8.png","0","0","0.9999999999984741","0","65536","0","0","ConvNeXt Satellite"
"qc_27_54","media/images/d4e891ff9ada314baf00.png","media/images/d73aba019bcb45302ba6.png","media/images/36209d38f804d63e2aca.png","0","0","0.9999999999984741","0","65536","0","0","ConvNeXt Satellite"
"qc_51_50","media/images/e22a668b7d87a2be15a1.png","media/images/6b9c988314757fd83e86.png","media/images/6ca14d418165feb4b336.png","0","0","0.9999999999984741","0","65536","0","0","ConvNeXt Satellite"
"qc_93_26","media/images/849c661b9494f60a07f0.png","media/images/9ab708a4effdbf875b50.png","media/images/0b8ebda459e297fb5ba8.png","0","0","0.9999999999984741","0","65536","0","0","ConvNeXt Satellite"
"qc_107_35","media/images/765ae153ec3690692ae6.png","media/images/9ab708a4effdbf875b50.png","media/images/0b8ebda459e297fb5ba8.png","0","0","0.9999999999984741","0","65536","0","0","ConvNeXt Satellite"
"qc_101_56","media/images/9f6afe06afabce37ce75.png","media/images/4cfa4ac40520185b1cb5.png","media/images/ea36721e6c3daed4e647.png","0","0","0.9999999999984741","0","65536","0","0","ConvNeXt Satellite"
"qc_75_117","media/images/fcaa92051c8178f18de7.png","media/images/5b434ff68d624e882249.png","media/images/b38784a3f00c6e2e6271.png","0","0","0.9999999999984741","0","65536","0","0","ConvNeXt Satellite"
"qc_80_105","media/images/a76d32bf489e78651e7b.png","media/images/f43f5d67fd60a6b459af.png","media/images/859e4ffb4354e867afac.png","0.7635899467389331","0.8659494847015613","0.8360900878893492","34696","20098","7735","3007","ConvNeXt Satellite"
"qc_40_119","media/images/dc31b26bfb72d404392b.png","media/images/39058372d6c5f7249391.png","media/images/487ec8d6738d45ab3459.png","0.3292752421894802","0.4954206715231373","0.604888916014702","12712","26930","672","25222","ConvNeXt Satellite"
"qc_37_119","media/images/8ece6390a43b231b639c.png","media/images/bcfc12964a7037df1ee2.png","media/images/c043d03cc87e866a6c60.png","0.8246822033461503","0.903918672773813","0.9949493408187943","1557","63648","214","117","ConvNeXt Satellite"
"qc_72_88","media/images/d4f36815924377a52c2c.png","media/images/17eb5a081417c83be469.png","media/images/0d548653cda26dbf2dae.png","0","0","0.8240203857409302","0","54003","11533","0","ConvNeXt Satellite"
"qc_64_67","media/images/57b2a1310e7f9b6a30b4.png","media/images/bd184e9e3c6208a53829.png","media/images/4094518d0e6b0e2307c4.png","0","0","0.9999999999984741","0","65536","0","0","ConvNeXt Satellite"
"qc_24_49","media/images/a8aa29079aff0ba78312.png","media/images/03674162d5987c2f7f27.png","media/images/d455a0ec15cb10483789.png","0","0","0.9999999999984741","0","65536","0","0","ConvNeXt Satellite"
"qc_92_87","media/images/e38d6fa82d0f230e1937.png","media/images/f107e25a903ca07aea33.png","media/images/cc5b3846db296952ca60.png","0.524658348156586","0.6882306640815017","0.9877929687484928","883","63853","0","800","ConvNeXt Satellite"
"qc_94_73","media/images/0bd947bb211a300fdb55.png","media/images/3d3150fbf43eee32620d.png","media/images/7dfbc7e5582e19fa6c00.png","0.47863418529873564","0.6474003588546705","0.9203186035142207","4794","55520","588","4634","ConvNeXt Satellite"
"qc_5_133","media/images/9f532eba89d3efe2392a.png","media/images/76a5c5fc3115b5bce4cd.png","media/images/9f047f08f60eb363b083.png","0","0","0.9999999999984741","0","65536","0","0","ConvNeXt Satellite"
"qc_46_29","media/images/eabf0d08363716112fcb.png","media/images/3738d402e09cabcae573.png","media/images/5ee6b05772c0a7280e8a.png","0","0","0.9999999999984741","0","65536","0","0","ConvNeXt Satellite"
"qc_100_65","media/images/d35a876bfd27faae1e79.png","media/images/c8c68c826dd43dbfb26b.png","media/images/a69d7ea19eb85bb5443a.png","0.6049053784845495","0.7538205657717301","0.7578887939441561","24293","25376","1016","14851","ConvNeXt Satellite"
"qc_46_96","media/images/8b5ba9de85b57ded1359.png","media/images/d04768dadf7ee4ddd736.png","media/images/6ad1f477edb641d4fd0f.png","0","0","0.9999999999984741","0","65536","0","0","ConvNeXt Satellite"
"qc_57_117","media/images/97d3611c977cd99098cc.png","media/images/a67a5ffc1e34d6c09e41.png","media/images/c53c0853938f07c9a1d9.png","0","0","0.9999999999984741","0","65536","0","0","ConvNeXt Satellite"
"qc_68_117","media/images/859f155e173af68af227.png","media/images/4d5bacf88f29ab92d4c2.png","media/images/3608ba1cad0e80bb7d10.png","0","0","0.9999999999984741","0","65536","0","0","ConvNeXt Satellite"
"qc_93_20","media/images/f140991ce82aa4a92cf9.png","media/images/9ab708a4effdbf875b50.png","media/images/0b8ebda459e297fb5ba8.png","0","0","0.9999999999984741","0","65536","0","0","ConvNeXt Satellite"
"qc_36_119","media/images/7bcbf1a19b9cf2cb54ed.png","media/images/0999bdedde7407678336.png","media/images/4e9a57c9514a8487ad1c.png","0","0","0.9999999999984741","0","65536","0","0","ConvNeXt Satellite"
"qc_59_129","media/images/220eaa99a0ae4a3febdd.png","media/images/a32b674f02bea8d758be.png","media/images/92299b6f1489bb3f1d1b.png","0","0","0.9999999999984741","0","65536","0","0","ConvNeXt Satellite"
"qc_47_72","media/images/216fc58cdafda4a3319d.png","media/images/933fd1bf66c2bd5b40e2.png","media/images/df64803c998e904a69f3.png","0","0","0.9999999999984741","0","65536","0","0","ConvNeXt Satellite"
"qc_28_125","media/images/5c6b96aea5b1bba45d1c.png","media/images/68851aa65842fafea573.png","media/images/acf43752bff24a5f0921.png","0","0","0.9999999999984741","0","65536","0","0","ConvNeXt Satellite"
"qc_107_25","media/images/79b325800305a1d4946c.png","media/images/9ab708a4effdbf875b50.png","media/images/0b8ebda459e297fb5ba8.png","0","0","0.9999999999984741","0","65536","0","0","ConvNeXt Satellite"
"qc_51_48","media/images/cad622b4e638be318340.png","media/images/c5cfaaee565d7d8df26e.png","media/images/d7e04b64b1709dd7f4c6.png","0","0","0.9999999999984741","0","65536","0","0","ConvNeXt Satellite"
"qc_121_2","media/images/49268ea9c62bd7f53739.png","media/images/9ab708a4effdbf875b50.png","media/images/0b8ebda459e297fb5ba8.png","0","0","0.9999999999984741","0","65536","0","0","ConvNeXt Satellite"
"qc_14_92","media/images/525dd356351d140ec372.png","media/images/e86ff9903f2c83edbb79.png","media/images/0fd1955b2d975efb1078.png","0.38696718945350966","0.5580047811963842","0.611129760741255","16087","23964","13","25472","ConvNeXt Satellite"
"qc_31_83","media/images/65da571bbdb4714c4c13.png","media/images/dce758067ee08e928e9c.png","media/images/41f36b39e80d03c12d10.png","0","0","0.9999999999984741","0","65536","0","0","ConvNeXt Satellite"
"qc_56_102","media/images/0fb99c15f789cf784b5e.png","media/images/74eaa11a42bbca076f4d.png","media/images/386dbedc9ae9f42e07e0.png","0","0","0.9999999999984741","0","65536","0","0","ConvNeXt Satellite"
"qc_20_144","media/images/c98eca549e11e1ec80fc.png","media/images/4c2a7113120eab34e6f0.png","media/images/9dd6c8dd8de303e533dd.png","0","0","0.9999999999984741","0","65536","0","0","ConvNeXt Satellite"
"qc_86_44","media/images/ff529b99d2ffcb13fe64.png","media/images/9ab708a4effdbf875b50.png","media/images/0b8ebda459e297fb5ba8.png","0","0","0.9999999999984741","0","65536","0","0","ConvNeXt Satellite"
"qc_16_97","media/images/fb0561a1f2cb42110e7e.png","media/images/e3eaf2d5c0db77703e04.png","media/images/cfa3efa0cb17562266aa.png","0","0","0.9999999999984741","0","65536","0","0","ConvNeXt Satellite"
"qc_36_90","media/images/6c424d673bbf96411450.png","media/images/34e28d319204cb51d771.png","media/images/89f080b7f1694262f543.png","0.8346581875661901","0.9098786329063526","0.9936523437484838","2100","63020","103","313","ConvNeXt Satellite"
"qc_62_67","media/images/8a4a2ea6538360dbedd5.png","media/images/60638ef881d87cf3a7f0.png","media/images/431281cf275c1f7e9c06.png","0","0","0.9999999999984741","0","65536","0","0","ConvNeXt Satellite"
"qc_44_80","media/images/806e5ab8329629109704.png","media/images/675afae4d755ceeb7258.png","media/images/7013de7cb06b5eef75de.png","0","0","0.9999999999984741","0","65536","0","0","ConvNeXt Satellite"
"qc_60_73","media/images/869d6402fc25e301c879.png","media/images/d64ac739dcf751db7df0.png","media/images/f37f094983c519a642d8.png","0","0","0.9979095458969148","0","65399","137","0","ConvNeXt Satellite"
"qc_58_79","media/images/116b24808cf6d60e2493.png","media/images/6a11bbbf64c5cf42fed3.png","media/images/6b825b1a2c4b52449c19.png","0","0","0.9999999999984741","0","65536","0","0","ConvNeXt Satellite"
"qc_108_39","media/images/c67617c63f1a84f22465.png","media/images/9ab708a4effdbf875b50.png","media/images/0b8ebda459e297fb5ba8.png","0","0","0.9999999999984741","0","65536","0","0","ConvNeXt Satellite"
"qc_79_75","media/images/ff33a7dd6ecd33df4c16.png","media/images/79a8c795869dd0e095b1.png","media/images/3f2b3e4292cfcc1f5bed.png","0","0","0.9996032714828497","0","65510","26","0","ConvNeXt Satellite"
"qc_81_50","media/images/1611bb9df9da22ece344.png","media/images/9ab708a4effdbf875b50.png","media/images/0b8ebda459e297fb5ba8.png","0","0","0.9999999999984741","0","65536","0","0","ConvNeXt Satellite"
"qc_67_79","media/images/920062238f317d6c7efd.png","media/images/5bb519f5cf715f0234d3.png","media/images/14525cf9d1d2be427615.png","0.28654336957561605","0.44544683714181565","0.6886138916005118","8196","36933","10142","10265","ConvNeXt Satellite"
"qc_91_61","media/images/a93360f4dbb31d3ffb6b.png","media/images/6128ed28a2b3177fcba3.png","media/images/8b7273501429670a4f15.png","0.31867129038029324","0.48332175147713263","0.7151947021473462","8730","38141","5568","13097","ConvNeXt Satellite"
"qc_43_95","media/images/d40a16cb72f18644856b.png","media/images/7496e69c3071e4a5e6c0.png","media/images/8af7afe31ad4fca3b6d0.png","0","0","0.9775238037094459","0","64063","1473","0","ConvNeXt Satellite"
"qc_90_91","media/images/c5c4e46664d737937c5b.png","media/images/90848adc48137d5c5557.png","media/images/0f59a3041a78327106ae.png","0","0","0.9999999999984741","0","65536","0","0","ConvNeXt Satellite"
"qc_39_39","media/images/7de642052c419994e487.png","media/images/8a90114f9c2589fa767d.png","media/images/e35f7f95957f4766d588.png","0","0","0.9999999999984741","0","65536","0","0","ConvNeXt Satellite"
"qc_31_93","media/images/20b03063e677f8375dfa.png","media/images/214bce48e13874dde4c8.png","media/images/3cc2026033b60b6829aa.png","0","0","0.9999999999984741","0","65536","0","0","ConvNeXt Satellite"
"qc_83_49","media/images/9640938fc0d32ee6ef93.png","media/images/9ab708a4effdbf875b50.png","media/images/0b8ebda459e297fb5ba8.png","0","0","0.9999999999984741","0","65536","0","0","ConvNeXt Satellite"
"qc_30_124","media/images/1ed39cac3662088ebad7.png","media/images/808f97719a816210505c.png","media/images/4fa270f153ab4e90c5f7.png","0","0","0.9999999999984741","0","65536","0","0","ConvNeXt Satellite"
"qc_100_38","media/images/b1c77e4e350a96fb94e9.png","media/images/9ab708a4effdbf875b50.png","media/images/0b8ebda459e297fb5ba8.png","0","0","0.9999999999984741","0","65536","0","0","ConvNeXt Satellite"
"qc_34_93","media/images/29228465ac8a941ea03d.png","media/images/3691c0bec2e96c3f8e53.png","media/images/e91b1c16567fde81a95a.png","0","0","0.9999999999984741","0","65536","0","0","ConvNeXt Satellite"
"qc_67_139","media/images/ec644bc7adfe1a036733.png","media/images/382d9bc6ed455530c6ae.png","media/images/4839eb00b35cc77bdd50.png","0","0","0.9999999999984741","0","65536","0","0","ConvNeXt Satellite"
"qc_38_67","media/images/4fb7202bed90ee8652e9.png","media/images/e7718280a0a503b541b5.png","media/images/5bd1091cf99a4cee8e71.png","0","0","0.9999999999984741","0","65536","0","0","ConvNeXt Satellite"
"qc_4_123","media/images/7fefc2d9bd6203344427.png","media/images/d53b911a8885785c0b4e.png","media/images/5fc83541928afb02a628.png","0","0","0.9999999999984741","0","65536","0","0","ConvNeXt Satellite"
"qc_80_81","media/images/7b91c6a9e16b2f986b85.png","media/images/4658bcfa1ab654a50867.png","media/images/7133958b62fdebd2176d.png","0","0","0.9999999999984741","0","65536","0","0","ConvNeXt Satellite"
"qc_40_117","media/images/65ab9562e7c3f0d7062f.png","media/images/8471b01f20b7c34b9f60.png","media/images/64d9d224b33b1f4d8490.png","0","0","0.9999999999984741","0","65536","0","0","ConvNeXt Satellite"
"qc_107_34","media/images/ab3fa3d0a25badf30413.png","media/images/9ab708a4effdbf875b50.png","media/images/0b8ebda459e297fb5ba8.png","0","0","0.9999999999984741","0","65536","0","0","ConvNeXt Satellite"
"qc_94_47","media/images/1438ac50562d98b5c73b.png","media/images/b290b1fce3ef4e9a8bcb.png","media/images/0ddde71ab66f5b62c72a.png","0","0","0.9999999999984741","0","65536","0","0","ConvNeXt Satellite"
"qc_69_141","media/images/140e0486bb4145a69da2.png","media/images/4c51eee35eb779d68aca.png","media/images/eb28b41110fb01409c6e.png","0","0","0.9981994628891019","0","65418","118","0","ConvNeXt Satellite"
"qc_71_35","media/images/9b8294d3045d71817ea1.png","media/images/9ab708a4effdbf875b50.png","media/images/0b8ebda459e297fb5ba8.png","0","0","0.9999999999984741","0","65536","0","0","ConvNeXt Satellite"
"qc_43_94","media/images/4ac694133e2e44bd49ac.png","media/images/286b8f07378c7e3b0f3b.png","media/images/0a91b281f62e51cc0885.png","0","0","0.9638977050766542","0","63170","0","2366","ConvNeXt Satellite"
"qc_73_120","media/images/247696fed77465e706ab.png","media/images/9edca5d0deceeb4c787b.png","media/images/3379020bc5b8cc1197a8.png","0","0","0.9999999999984741","0","65536","0","0","ConvNeXt Satellite"
"qc_65_98","media/images/bd0b772d7b4549797c03.png","media/images/5fe267a2b27949ee950d.png","media/images/9f3ad815086384d8dc6a.png","0","0","0.9999999999984741","0","65536","0","0","ConvNeXt Satellite"
"qc_100_52","media/images/23cb45f0a787b1b5d1cb.png","media/images/e3a0482d859f94a1d2fe.png","media/images/d2254f13ce786c1bdbcf.png","0","0","0.9999999999984741","0","65536","0","0","ConvNeXt Satellite"
"qc_26_121","media/images/2348953ff5322606ca2d.png","media/images/e9e698f770fa5d4b31f0.png","media/images/ea63131c8f99e536ed5f.png","0","0","0.9999999999984741","0","65536","0","0","ConvNeXt Satellite"
"qc_59_69","media/images/88b1baf8af753c2be896.png","media/images/b2b21ae88a479b895cc3.png","media/images/95996994e9bae8a23f36.png","0","0","0.9999999999984741","0","65536","0","0","ConvNeXt Satellite"
"qc_40_47","media/images/e149a8c622ee89e7a158.png","media/images/3cd50764101165e57a0e.png","media/images/bb885cc629ecb6b0cf87.png","0","0","0.9945526123031699","0","65179","357","0","ConvNeXt Satellite"
"qc_53_77","media/images/309c924dbb7652246e9b.png","media/images/1297c1479c2e253351a6.png","media/images/edcfe938679da8989748.png","0.5933813390501333","0.7448076426296224","0.8785095214830345","11619","45955","5242","2720","ConvNeXt Satellite"
"qc_28_93","media/images/840e8362d972c86626a1.png","media/images/18b3c052963dc52d1a68.png","media/images/b860c6bbc52f19d0e703.png","0","0","0.9999999999984741","0","65536","0","0","ConvNeXt Satellite"
"qc_69_124","media/images/41b1cec944c69b4ef0d5.png","media/images/8a8089a128127a586b5e.png","media/images/010bd8e006b5ebd3b575.png","0","0","0.9999999999984741","0","65536","0","0","ConvNeXt Satellite"
"qc_90_88","media/images/5da1c64f722c08fffa9e.png","media/images/bf524c77f027590b711e.png","media/images/28263180088c7f5a326d.png","0","0","0.9999999999984741","0","65536","0","0","ConvNeXt Satellite"
"qc_69_40","media/images/5acf519151406b82fc81.png","media/images/d00c9ac13a6a369ac145.png","media/images/1a216547b0cd48a32ad5.png","0","0","0.9999999999984741","0","65536","0","0","ConvNeXt Satellite"
"qc_66_108","media/images/0cbdfd6f36902c355d46.png","media/images/d017fa17ddcdb043a633.png","media/images/a7d62e623d9ec91c515e.png","0","0","0.9999999999984741","0","65536","0","0","ConvNeXt Satellite"
"qc_85_68","media/images/21639ec03287d6ed7422.png","media/images/86f633845aced2330fda.png","media/images/5863e90406312ac4e63c.png","0","0","0.84539794921746","0","55404","10132","0","ConvNeXt Satellite"
"qc_90_63","media/images/69314c80a97192b5965e.png","media/images/e508f762fea32984ec2a.png","media/images/5b99c3f9c6ae3b95a43c.png","0.05589348148830933","0.10586953538721171","0.6992187499989331","1167","44657","10","19702","ConvNeXt Satellite"
"qc_47_71","media/images/979493345820f145d1d4.png","media/images/3d86d10bcf63f85eb16b.png","media/images/15bc54388080c1e75d0c.png","0.9590073007740396","0.9790747093477996","0.9757537841781986","37174","26773","247","1342","ConvNeXt Satellite"
"qc_23_96","media/images/c035800335e072f310d3.png","media/images/4bb4add05020230bac33.png","media/images/b89528a29fbade304ab2.png","0.6868249340533477","0.814340454743639","0.8278961181627992","24736","29521","6720","4559","ConvNeXt Satellite"
"qc_85_95","media/images/a29b8cdb7966ceccfa60.png","media/images/27d03afd3149a1939f96.png","media/images/4fea77ffa2d4ef143152.png","0","0","0.9999999999984741","0","65536","0","0","ConvNeXt Satellite"
"qc_80_28","media/images/e9c3a5c843150033d50b.png","media/images/9ab708a4effdbf875b50.png","media/images/0b8ebda459e297fb5ba8.png","0","0","0.9999999999984741","0","65536","0","0","ConvNeXt Satellite"
"qc_66_38","media/images/26cda985f4cffa2dbf61.png","media/images/b49641f7b90833662ec1.png","media/images/a2c1ac3a62e220ee6ca9.png","0","0","0.9999999999984741","0","65536","0","0","ConvNeXt Satellite"
"qc_71_135","media/images/ef2330e0c5c8158432be.png","media/images/3d7a2e625f489cd8351c.png","media/images/69d82064bb2c0a9036f5.png","0","0","0.9999999999984741","0","65536","0","0","ConvNeXt Satellite"
"qc_46_48","media/images/9715d1ba23566218d46d.png","media/images/d4e9f2fbbfd509331d68.png","media/images/0ccd56644fe36d928ff0.png","0.29631702891499767","0.45716749684133734","0.4437408447258854","15351","13730","36025","430","ConvNeXt Satellite"
"qc_88_80","media/images/7340b88e0234bb03190c.png","media/images/e28fcbe91fcc317c8f1f.png","media/images/14dfc10eaf7f18a69eee.png","0","0","0.9999999999984741","0","65536","0","0","ConvNeXt Satellite"
"qc_93_88","media/images/365e7ac38ff1f9d250e6.png","media/images/80133e4a8c28961616f6.png","media/images/2e44e67150406dd27c2e.png","0","0","0.9999999999984741","0","65536","0","0","ConvNeXt Satellite"
"qc_93_90","media/images/40fbeb525b776c82fb71.png","media/images/a01226c66c0934cb0a21.png","media/images/f600d8b5b1e921f98349.png","0","0","0.9999999999984741","0","65536","0","0","ConvNeXt Satellite"
"qc_79_142","media/images/b51e83930015074bb2af.png","media/images/afb0ca0c1fe7b8654ede.png","media/images/5299fa8014d65ef0ef06.png","0","0","0.9999999999984741","0","65536","0","0","ConvNeXt Satellite"
"qc_80_32","media/images/d05a150497f79ca5078d.png","media/images/9ab708a4effdbf875b50.png","media/images/0b8ebda459e297fb5ba8.png","0","0","0.9999999999984741","0","65536","0","0","ConvNeXt Satellite"
"qc_8_131","media/images/e06f43da9466e7975279.png","media/images/6417c644c07300870d57.png","media/images/e746083756e32f8ab579.png","0","0","0.9999999999984741","0","65536","0","0","ConvNeXt Satellite"
"qc_48_121","media/images/bedfb4887d1ca23044ca.png","media/images/e4ad9bfdf3f4ae47f374.png","media/images/2856465210b5c1ae0034.png","0","0","0.9999999999984741","0","65536","0","0","ConvNeXt Satellite"
"qc_61_96","media/images/9bc6bb2a0c59bbe98f75.png","media/images/e815681da2dbdbab1083.png","media/images/c6f635bcea5f78fbb3cf.png","0","0","0.9999999999984741","0","65536","0","0","ConvNeXt Satellite"
"qc_103_10","media/images/1979f2547802bfe389b7.png","media/images/9ab708a4effdbf875b50.png","media/images/0b8ebda459e297fb5ba8.png","0","0","0.9999999999984741","0","65536","0","0","ConvNeXt Satellite"
"qc_25_65","media/images/91dd86fc5569ba7ba995.png","media/images/010fe12a89277f6c5f95.png","media/images/6bc7a994c74708b5e542.png","0.6749398953424202","0.8059272536590047","0.9298553466782686","9545","51394","4527","70","ConvNeXt Satellite"